age,workclass,fnlwgt,education,education-num,marital-status,occupation,relationship,race,sex,capital-gain,capital-loss,hours-per-week,native-country,class
43,Private,343061,Some-college,10,Married-civ-spouse,Sales,Husband,White,Male,0,0,50,Cuba,<=50K
59,Self-emp-not-inc,31137,HS-grad,9,Married-civ-spouse,Farming-fishing,Husband,White,Male,0,0,70,United-States,<=50K
66,Self-emp-inc,179951,Bachelors,13,Married-civ-spouse,Exec-managerial,Husband,White,Male,0,0,70,United-States,<=50K
57,Private,166107,HS-grad,9,Married-civ-spouse,Adm-clerical,Wife,Asian-Pac-Islander,Female,0,0,40,,<=50K
41,Local-gov,575442,Some-college,10,Divorced,Craft-repair,Not-in-family,White,Male,0,0,40,United-States,<=50K
35,Private,99156,Bachelors,13,Never-married,Sales,Not-in-family,White,Male,0,0,50,United-States,<=50K
25,Private,108542,Bachelors,13,Never-married,Exec-managerial,Own-child,White,Male,0,0,35,United-States,<=50K
33,Private,219619,Masters,14,Married-civ-spouse,Prof-specialty,Husband,White,Male,15024,0,40,United-States,>50K
31,Private,73796,Some-college,10,Widowed,Exec-managerial,Unmarried,White,Female,0,0,30,United-States,<=50K
25,Private,251854,Some-college,10,Never-married,Adm-clerical,Not-in-family,Black,Female,0,0,40,Jamaica,<=50K
33,Private,202051,Masters,14,Married-civ-spouse,Prof-specialty,Husband,White,Male,0,0,50,United-States,<=50K
47,Private,214702,HS-grad,9,Divorced,Other-service,Unmarried,White,Female,0,0,37,Puerto-Rico,<=50K
40,Local-gov,99666,HS-grad,9,Married-civ-spouse,Transport-moving,Husband,White,Male,0,0,55,United-States,<=50K
38,Private,177305,HS-grad,9,Married-civ-spouse,Craft-repair,Husband,White,Male,0,0,45,United-States,<=50K
21,Private,241367,Some-college,10,Never-married,Adm-clerical,Own-child,White,Male,0,0,10,United-States,<=50K
55,Private,156797,Some-college,10,Divorced,Machine-op-inspct,Not-in-family,White,Female,0,0,40,United-States,<=50K
40,Private,209547,Bachelors,13,Married-civ-spouse,Sales,Husband,White,Male,0,1977,60,United-States,>50K
45,Private,140664,Assoc-acdm,12,Divorced,Transport-moving,Not-in-family,White,Male,0,0,55,United-States,<=50K
36,Self-emp-not-inc,347491,Doctorate,16,Married-civ-spouse,Prof-specialty,Husband,White,Male,0,0,35,United-States,<=50K
39,Private,357173,HS-grad,9,Separated,Handlers-cleaners,Unmarried,White,Male,0,0,40,United-States,<=50K
65,Private,176796,Doctorate,16,Widowed,Prof-specialty,Not-in-family,White,Female,0,0,40,United-States,<=50K
29,Private,48895,HS-grad,9,Never-married,Craft-repair,Not-in-family,White,Male,0,0,50,United-States,<=50K
50,Private,165001,Masters,14,Married-civ-spouse,Exec-managerial,Husband,White,Male,0,0,40,United-States,>50K
52,Private,230657,HS-grad,9,Married-civ-spouse,Machine-op-inspct,Husband,Other,Male,3781,0,40,Columbia,<=50K
70,,92593,Some-college,10,Widowed,,Not-in-family,White,Female,0,0,25,United-States,<=50K
55,Self-emp-not-inc,149168,HS-grad,9,Married-civ-spouse,Farming-fishing,Husband,White,Male,0,0,30,United-States,<=50K
41,Private,223548,HS-grad,9,Never-married,Craft-repair,Unmarried,White,Male,0,0,40,Mexico,<=50K
46,Private,72896,Some-college,10,Married-civ-spouse,Exec-managerial,Husband,White,Male,0,0,50,United-States,<=50K
25,Private,176729,Bachelors,13,Married-civ-spouse,Craft-repair,Husband,White,Male,0,0,60,United-States,>50K
46,Private,330416,Some-college,10,Married-civ-spouse,Adm-clerical,Husband,White,Male,0,0,40,United-States,<=50K
32,Private,152940,Assoc-acdm,12,Never-married,Adm-clerical,Own-child,White,Male,0,0,30,United-States,<=50K
21,Private,766115,10th,6,Married-civ-spouse,Handlers-cleaners,Husband,White,Male,0,0,35,United-States,<=50K
45,Self-emp-inc,188694,Prof-school,15,Married-civ-spouse,Prof-specialty,Husband,White,Male,0,0,50,United-States,>50K
46,Private,405309,HS-grad,9,Married-civ-spouse,Exec-managerial,Husband,White,Male,0,0,40,United-States,<=50K
31,Self-emp-inc,111567,Bachelors,13,Married-civ-spouse,Exec-managerial,Husband,White,Male,0,0,40,United-States,<=50K
36,Private,112512,12th,8,Separated,Other-service,Unmarried,White,Female,0,0,40,Mexico,<=50K
30,Private,281030,Assoc-voc,11,Married-civ-spouse,Sales,Husband,White,Male,4064,0,40,United-States,<=50K
23,Private,143062,HS-grad,9,Never-married,Sales,Own-child,White,Male,0,0,40,United-States,<=50K
35,Private,138441,Bachelors,13,Married-civ-spouse,Exec-managerial,Husband,White,Male,0,0,40,United-States,>50K
27,,216479,Bachelors,13,Married-civ-spouse,,Wife,White,Female,0,0,24,United-States,>50K
55,Self-emp-not-inc,183810,Masters,14,Married-civ-spouse,Prof-specialty,Husband,White,Male,0,0,55,United-States,>50K
25,Local-gov,198813,Bachelors,13,Never-married,Adm-clerical,Other-relative,Black,Female,0,0,40,United-States,<=50K
51,Self-emp-not-inc,111283,HS-grad,9,Divorced,Exec-managerial,Not-in-family,White,Female,99999,0,35,United-States,>50K
29,Private,293073,Prof-school,15,Married-civ-spouse,Prof-specialty,Husband,White,Male,7298,0,48,United-States,>50K
17,Private,32607,10th,6,Never-married,Farming-fishing,Own-child,White,Male,0,0,20,United-States,<=50K
27,Private,184078,Assoc-voc,11,Divorced,Adm-clerical,Unmarried,White,Female,0,0,40,United-States,<=50K
41,Private,347653,Prof-school,15,Married-civ-spouse,Prof-specialty,Husband,White,Male,0,1977,50,United-States,>50K
30,Private,447739,Doctorate,16,Never-married,Prof-specialty,Not-in-family,White,Male,0,0,60,United-States,<=50K
29,Private,211482,Bachelors,13,Never-married,Prof-specialty,Not-in-family,White,Male,0,0,50,United-States,>50K
47,Federal-gov,99549,Some-college,10,Divorced,Adm-clerical,Unmarried,Black,Female,0,0,40,United-States,<=50K
38,Private,171150,7th-8th,4,Married-civ-spouse,Craft-repair,Husband,White,Male,3781,0,78,United-States,<=50K
33,Private,206051,HS-grad,9,Married-civ-spouse,Craft-repair,Husband,White,Male,0,0,40,United-States,<=50K
39,Self-emp-inc,218184,9th,5,Married-civ-spouse,Exec-managerial,Husband,White,Male,0,1651,40,Mexico,<=50K
76,,239900,HS-grad,9,Divorced,,Not-in-family,White,Female,0,0,3,United-States,<=50K
63,,222289,Bachelors,13,Married-civ-spouse,,Husband,White,Male,7688,0,54,United-States,>50K
38,Private,174242,Some-college,10,Married-civ-spouse,Tech-support,Husband,White,Male,0,0,40,United-States,>50K
24,Private,254767,7th-8th,4,Married-civ-spouse,Farming-fishing,Husband,White,Male,2105,0,50,United-States,<=50K
25,Private,136226,HS-grad,9,Never-married,Craft-repair,Not-in-family,White,Male,0,0,40,United-States,<=50K
40,Private,51290,Masters,14,Married-civ-spouse,Prof-specialty,Husband,White,Male,0,0,50,United-States,>50K
34,Private,375680,Assoc-acdm,12,Never-married,Craft-repair,Own-child,Black,Female,0,0,40,United-States,<=50K
25,Private,401241,Some-college,10,Never-married,Other-service,Not-in-family,White,Female,4416,0,25,United-States,<=50K
23,Local-gov,203353,Bachelors,13,Never-married,Exec-managerial,Own-child,White,Female,0,0,12,United-States,<=50K
20,Private,132053,HS-grad,9,Never-married,Adm-clerical,Other-relative,White,Female,0,1719,40,United-States,<=50K
35,Self-emp-not-inc,31095,Some-college,10,Separated,Farming-fishing,Not-in-family,White,Male,4101,0,60,United-States,<=50K
17,Private,217342,10th,6,Never-married,Sales,Own-child,White,Female,0,0,5,United-States,<=50K
30,Private,69235,Prof-school,15,Married-civ-spouse,Prof-specialty,Husband,Asian-Pac-Islander,Male,0,0,40,Taiwan,<=50K
52,Private,94448,Assoc-voc,11,Married-civ-spouse,Prof-specialty,Husband,White,Male,0,0,40,United-States,<=50K
32,Self-emp-not-inc,56328,Bachelors,13,Married-civ-spouse,Prof-specialty,Wife,White,Female,0,0,8,United-States,>50K
42,Self-emp-inc,173628,Bachelors,13,Married-civ-spouse,Sales,Husband,White,Male,0,0,45,United-States,<=50K
19,,195282,HS-grad,9,Never-married,,Own-child,Black,Female,0,0,20,United-States,<=50K
43,Private,134120,HS-grad,9,Divorced,Sales,Other-relative,White,Female,0,0,46,United-States,<=50K
28,Private,154236,HS-grad,9,Never-married,Transport-moving,Own-child,White,Male,2597,0,40,United-States,<=50K
52,Private,312446,HS-grad,9,Married-civ-spouse,Craft-repair,Husband,White,Male,0,0,40,United-States,<=50K
46,Private,75256,HS-grad,9,Married-civ-spouse,Priv-house-serv,Wife,White,Female,0,0,40,United-States,<=50K
56,Self-emp-inc,211804,Bachelors,13,Married-civ-spouse,Sales,Husband,White,Male,15024,0,50,United-States,>50K
30,,355571,HS-grad,9,Never-married,,Unmarried,Black,Female,0,0,40,United-States,<=50K
29,State-gov,133846,Some-college,10,Never-married,Other-service,Own-child,White,Female,0,0,40,United-States,<=50K
78,Self-emp-inc,188044,Bachelors,13,Married-civ-spouse,Exec-managerial,Husband,White,Male,0,2392,40,United-States,>50K
23,Private,442274,12th,8,Never-married,Adm-clerical,Unmarried,White,Male,0,0,40,United-States,<=50K
22,,61499,HS-grad,9,Never-married,,Not-in-family,White,Female,0,0,40,United-States,<=50K
60,Private,109511,7th-8th,4,Married-civ-spouse,Handlers-cleaners,Husband,White,Male,0,0,40,United-States,<=50K
31,Private,361497,7th-8th,4,Never-married,Farming-fishing,Other-relative,White,Male,0,0,60,Portugal,<=50K
38,,104094,Some-college,10,Married-civ-spouse,,Husband,White,Male,0,0,15,United-States,<=50K
22,Private,184756,Some-college,10,Never-married,Sales,Own-child,White,Female,0,0,30,United-States,<=50K
30,Private,196342,Masters,14,Never-married,Prof-specialty,Not-in-family,White,Male,0,0,40,Ireland,<=50K
58,Self-emp-not-inc,96609,Some-college,10,Divorced,Sales,Not-in-family,White,Female,0,0,40,United-States,<=50K
67,Self-emp-not-inc,116057,HS-grad,9,Divorced,Exec-managerial,Not-in-family,White,Female,3273,0,16,United-States,<=50K
37,Local-gov,116736,HS-grad,9,Married-civ-spouse,Craft-repair,Husband,White,Male,0,0,40,United-States,<=50K
17,Private,159299,11th,7,Never-married,Other-service,Own-child,White,Female,0,0,20,United-States,<=50K
34,Private,101345,HS-grad,9,Married-civ-spouse,Other-service,Wife,White,Female,0,0,40,United-States,>50K
26,Private,164488,Bachelors,13,Never-married,Exec-managerial,Not-in-family,White,Male,0,0,10,United-States,<=50K
69,Private,114801,HS-grad,9,Married-civ-spouse,Other-service,Husband,White,Male,0,0,20,United-States,<=50K
29,Private,149211,Bachelors,13,Married-civ-spouse,Tech-support,Husband,White,Male,0,0,40,United-States,<=50K
22,Private,216181,11th,7,Never-married,Craft-repair,Own-child,White,Male,0,0,45,United-States,<=50K
36,Private,314373,HS-grad,9,Divorced,Sales,Not-in-family,White,Male,0,0,50,United-States,<=50K
25,Private,262656,Assoc-acdm,12,Never-married,Sales,Own-child,White,Female,0,0,40,United-States,<=50K
50,Private,189183,HS-grad,9,Married-civ-spouse,Adm-clerical,Husband,White,Male,0,0,40,United-States,<=50K
37,Private,191137,Assoc-acdm,12,Divorced,Prof-specialty,Unmarried,White,Male,0,0,25,United-States,<=50K
32,Self-emp-not-inc,292465,Some-college,10,Married-civ-spouse,Exec-managerial,Husband,White,Male,0,0,35,United-States,>50K
51,Private,192588,Bachelors,13,Never-married,Prof-specialty,Not-in-family,Asian-Pac-Islander,Female,0,0,35,Philippines,<=50K
25,Private,247006,Assoc-acdm,12,Married-civ-spouse,Exec-managerial,Husband,White,Male,0,0,45,United-States,<=50K
38,Local-gov,409200,Some-college,10,Married-civ-spouse,Tech-support,Husband,White,Male,0,0,40,United-States,>50K
41,Private,181020,HS-grad,9,Divorced,Handlers-cleaners,Unmarried,White,Female,0,0,40,United-States,<=50K
21,,72953,Some-college,10,Never-married,,Own-child,White,Male,0,0,40,United-States,<=50K
47,Private,167625,Masters,14,Divorced,Prof-specialty,Unmarried,White,Female,0,0,40,United-States,>50K
53,Self-emp-not-inc,196328,HS-grad,9,Married-civ-spouse,Exec-managerial,Husband,Black,Male,0,0,45,United-States,>50K
29,,297054,HS-grad,9,Divorced,,Not-in-family,White,Male,0,0,40,United-States,<=50K
60,Local-gov,141637,Masters,14,Married-civ-spouse,Prof-specialty,Husband,White,Male,0,0,40,United-States,>50K
69,Private,228921,Bachelors,13,Widowed,Prof-specialty,Not-in-family,White,Male,0,2282,40,United-States,>50K
51,Private,279156,HS-grad,9,Married-civ-spouse,Exec-managerial,Husband,White,Male,7298,0,40,United-States,>50K
53,Self-emp-inc,263925,HS-grad,9,Married-civ-spouse,Sales,Husband,White,Male,99999,0,40,United-States,>50K
41,Local-gov,170924,Some-college,10,Never-married,Prof-specialty,Other-relative,White,Male,0,0,7,United-States,<=50K
58,Private,121111,HS-grad,9,Married-civ-spouse,Sales,Wife,White,Female,0,0,40,Greece,<=50K
64,,34100,Some-college,10,Widowed,,Not-in-family,White,Male,0,0,4,United-States,<=50K
59,State-gov,349910,Bachelors,13,Married-civ-spouse,Exec-managerial,Husband,White,Male,10605,0,50,United-States,>50K
38,Private,320305,7th-8th,4,Married-civ-spouse,Adm-clerical,Husband,White,Male,0,0,40,United-States,<=50K
61,Self-emp-not-inc,195789,Masters,14,Married-civ-spouse,Exec-managerial,Husband,White,Male,0,0,30,United-States,<=50K
41,Self-emp-not-inc,219869,Some-college,10,Widowed,Farming-fishing,Unmarried,White,Male,0,0,40,United-States,<=50K
26,Private,188626,HS-grad,9,Married-civ-spouse,Craft-repair,Husband,White,Male,0,0,48,United-States,<=50K
44,Private,121718,Bachelors,13,Married-civ-spouse,Exec-managerial,Husband,White,Male,15024,0,48,United-States,>50K
80,,156942,1st-4th,2,Separated,,Not-in-family,Black,Male,0,0,15,United-States,<=50K
71,,35303,Bachelors,13,Married-civ-spouse,,Husband,White,Male,9386,0,30,United-States,>50K
46,Private,411595,5th-6th,3,Widowed,Machine-op-inspct,Unmarried,White,Female,0,0,40,Mexico,<=50K
51,Local-gov,176751,Bachelors,13,Married-civ-spouse,Prof-specialty,Husband,White,Male,0,1902,40,United-States,>50K
33,Private,118551,HS-grad,9,Divorced,Adm-clerical,Unmarried,White,Female,0,0,40,United-States,<=50K
34,Private,454508,Bachelors,13,Married-civ-spouse,Prof-specialty,Husband,White,Male,0,0,65,Iran,<=50K
38,Private,199816,HS-grad,9,Divorced,Machine-op-inspct,Own-child,White,Male,0,0,40,United-States,<=50K
35,Private,100375,Some-college,10,Married-spouse-absent,Farming-fishing,Own-child,White,Male,0,0,40,United-States,<=50K
31,,86143,HS-grad,9,Married-civ-spouse,,Husband,Asian-Pac-Islander,Male,0,0,40,Philippines,<=50K
35,Federal-gov,185053,Bachelors,13,Never-married,Prof-specialty,Own-child,White,Female,0,0,40,United-States,<=50K
25,Private,133373,Bachelors,13,Never-married,Sales,Own-child,White,Male,0,0,40,United-States,>50K
62,Self-emp-inc,56248,Bachelors,13,Married-civ-spouse,Farming-fishing,Husband,White,Male,0,2415,60,United-States,>50K
43,Private,151504,HS-grad,9,Married-civ-spouse,Craft-repair,Husband,White,Male,0,0,40,United-States,<=50K
24,State-gov,197731,HS-grad,9,Married-civ-spouse,Transport-moving,Husband,White,Male,0,0,49,United-States,>50K
46,Private,166003,11th,7,Married-civ-spouse,Machine-op-inspct,Husband,White,Male,0,0,40,United-States,<=50K
20,Private,231286,Some-college,10,Never-married,Handlers-cleaners,Not-in-family,Black,Male,0,0,15,United-States,<=50K
23,Private,125106,Bachelors,13,Never-married,Prof-specialty,Own-child,White,Female,0,0,40,United-States,<=50K
58,Self-emp-inc,120384,HS-grad,9,Married-civ-spouse,Exec-managerial,Husband,White,Male,0,0,40,United-States,>50K
20,Private,228686,11th,7,Married-civ-spouse,Other-service,Husband,White,Male,0,0,40,United-States,<=50K
48,Private,355320,Bachelors,13,Married-civ-spouse,Prof-specialty,Husband,White,Male,0,0,45,Canada,>50K
47,Private,102583,HS-grad,9,Married-civ-spouse,Sales,Husband,White,Male,0,0,30,United-States,>50K
59,Private,182460,Bachelors,13,Married-civ-spouse,Exec-managerial,Husband,White,Male,0,0,60,United-States,>50K
47,Private,158685,12th,8,Divorced,Other-service,Not-in-family,White,Female,0,0,48,United-States,<=50K
31,Private,305619,Some-college,10,Married-civ-spouse,Adm-clerical,Husband,White,Male,0,0,40,United-States,>50K
47,Private,164682,Masters,14,Divorced,Prof-specialty,Not-in-family,White,Male,0,0,50,,<=50K
54,Private,105638,9th,5,Married-civ-spouse,Craft-repair,Husband,White,Male,0,0,40,United-States,<=50K
46,Private,165937,Assoc-voc,11,Divorced,Machine-op-inspct,Unmarried,White,Male,0,0,40,United-States,<=50K
18,Private,98667,11th,7,Never-married,Other-service,Own-child,White,Female,0,0,16,United-States,<=50K
37,Self-emp-not-inc,241463,HS-grad,9,Married-civ-spouse,Exec-managerial,Husband,White,Male,0,1848,65,United-States,>50K
29,State-gov,409201,Some-college,10,Married-civ-spouse,Adm-clerical,Husband,White,Male,0,0,40,United-States,<=50K
22,Private,174043,HS-grad,9,Never-married,Craft-repair,Not-in-family,White,Male,0,0,50,United-States,<=50K
29,Local-gov,169544,Some-college,10,Never-married,Protective-serv,Own-child,White,Male,0,0,48,United-States,<=50K
44,Federal-gov,109414,Bachelors,13,Married-civ-spouse,Adm-clerical,Husband,Asian-Pac-Islander,Male,0,1977,40,Philippines,>50K
47,Private,170142,HS-grad,9,Married-civ-spouse,Machine-op-inspct,Husband,White,Male,0,0,50,United-States,<=50K
19,,308064,HS-grad,9,Never-married,,Not-in-family,Black,Female,0,0,40,United-States,<=50K
36,Private,180667,HS-grad,9,Married-civ-spouse,Craft-repair,Husband,White,Male,0,1887,60,United-States,>50K
17,Private,47199,11th,7,Never-married,Priv-house-serv,Own-child,White,Female,0,0,24,United-States,<=50K
23,Private,107801,Bachelors,13,Never-married,Adm-clerical,Own-child,White,Female,0,0,20,United-States,<=50K
43,Private,265072,Bachelors,13,Never-married,Prof-specialty,Not-in-family,Asian-Pac-Islander,Male,0,2258,50,United-States,>50K
29,Private,160512,HS-grad,9,Separated,Adm-clerical,Own-child,White,Female,0,0,40,United-States,<=50K
36,Private,187847,HS-grad,9,Married-civ-spouse,Craft-repair,Husband,White,Male,0,0,40,United-States,>50K
25,Local-gov,278404,Bachelors,13,Never-married,Exec-managerial,Not-in-family,White,Male,0,0,40,United-States,<=50K
25,State-gov,117393,Bachelors,13,Married-civ-spouse,Exec-managerial,Wife,White,Female,0,0,38,United-States,<=50K
22,Private,91189,HS-grad,9,Never-married,Sales,Own-child,White,Male,0,0,40,United-States,<=50K
55,Private,141727,Bachelors,13,Married-civ-spouse,Adm-clerical,Wife,White,Female,3464,0,40,United-States,<=50K
30,Private,509364,Some-college,10,Married-civ-spouse,Adm-clerical,Own-child,White,Male,0,0,40,United-States,>50K
40,Private,271665,Some-college,10,Married-civ-spouse,Tech-support,Husband,White,Male,0,0,50,United-States,<=50K
20,Private,332931,Some-college,10,Never-married,Other-service,Own-child,White,Female,0,0,40,United-States,<=50K
65,,115431,Some-college,10,Married-civ-spouse,,Husband,White,Male,0,0,20,United-States,<=50K
17,Private,160049,10th,6,Never-married,Other-service,Own-child,White,Female,0,0,12,United-States,<=50K
34,Private,152667,12th,8,Never-married,Other-service,Not-in-family,White,Male,0,0,25,United-States,<=50K
40,Private,83859,HS-grad,9,Widowed,Machine-op-inspct,Own-child,White,Female,0,0,30,United-States,<=50K
40,Local-gov,157240,Bachelors,13,Divorced,Prof-specialty,Unmarried,White,Female,0,0,70,United-States,<=50K
33,Private,267859,HS-grad,9,Never-married,Craft-repair,Own-child,White,Male,0,0,40,El-Salvador,<=50K
51,Self-emp-not-inc,220001,Bachelors,13,Divorced,Sales,Unmarried,White,Female,0,0,40,United-States,<=50K
42,Private,109067,Bachelors,13,Separated,Tech-support,Not-in-family,White,Male,0,0,40,United-States,<=50K
60,Self-emp-not-inc,88570,Assoc-voc,11,Married-civ-spouse,Transport-moving,Wife,White,Female,0,0,15,Germany,>50K
34,Private,159255,HS-grad,9,Married-civ-spouse,Exec-managerial,Husband,White,Male,0,0,60,United-States,>50K
65,Private,398001,HS-grad,9,Widowed,Adm-clerical,Not-in-family,White,Female,0,0,20,United-States,<=50K
19,Private,331433,HS-grad,9,Never-married,Protective-serv,Not-in-family,White,Male,0,0,32,United-States,<=50K
56,Private,182460,HS-grad,9,Married-civ-spouse,Handlers-cleaners,Husband,White,Male,0,0,40,United-States,>50K
17,Private,265657,11th,7,Never-married,Other-service,Own-child,White,Male,0,0,25,United-States,<=50K
44,Self-emp-inc,327573,Masters,14,Divorced,Prof-specialty,Not-in-family,White,Male,0,0,40,United-States,<=50K
55,Private,104996,7th-8th,4,Married-civ-spouse,Craft-repair,Husband,White,Male,0,0,10,United-States,<=50K
32,Private,162675,Assoc-voc,11,Never-married,Adm-clerical,Own-child,White,Female,0,0,35,Cuba,<=50K
73,Private,148003,Some-college,10,Married-civ-spouse,Adm-clerical,Wife,White,Female,20051,0,36,United-States,>50K
53,Private,184176,Some-college,10,Married-civ-spouse,Exec-managerial,Husband,White,Male,0,0,50,United-States,>50K
17,Private,57324,10th,6,Never-married,Other-service,Own-child,White,Male,0,0,30,United-States,<=50K
55,Private,177484,11th,7,Married-civ-spouse,Other-service,Husband,Black,Male,0,1672,40,United-States,<=50K
28,Private,103802,Bachelors,13,Never-married,Exec-managerial,Own-child,White,Female,0,1408,40,,<=50K
38,Private,152237,Bachelors,13,Never-married,Sales,Not-in-family,White,Male,0,0,45,,>50K
32,Private,195447,Bachelors,13,Married-civ-spouse,Exec-managerial,Husband,White,Male,0,0,55,United-States,>50K
34,Private,146161,Bachelors,13,Married-civ-spouse,Prof-specialty,Husband,White,Male,0,0,60,United-States,>50K
27,Private,37250,Some-college,10,Married-civ-spouse,Machine-op-inspct,Husband,White,Male,0,1651,40,United-States,<=50K
39,Self-emp-not-inc,194668,HS-grad,9,Married-civ-spouse,Exec-managerial,Husband,White,Male,0,0,16,United-States,<=50K
41,Private,77357,Bachelors,13,Divorced,Prof-specialty,Not-in-family,White,Male,0,0,45,United-States,<=50K
51,Private,172046,Masters,14,Married-civ-spouse,Exec-managerial,Husband,White,Male,0,1977,50,United-States,>50K
63,Self-emp-not-inc,147589,Bachelors,13,Married-civ-spouse,Sales,Husband,White,Male,0,0,30,United-States,>50K
42,Private,156580,Bachelors,13,Married-civ-spouse,Sales,Wife,White,Female,0,0,40,Puerto-Rico,<=50K
23,Private,245147,Some-college,10,Never-married,Handlers-cleaners,Own-child,Black,Male,0,0,40,United-States,<=50K
20,Private,197997,Some-college,10,Never-married,Prof-specialty,Own-child,White,Male,0,0,40,United-States,<=50K
39,Private,181661,HS-grad,9,Married-civ-spouse,Handlers-cleaners,Husband,White,Male,0,0,40,United-States,<=50K
51,,177487,HS-grad,9,Married-civ-spouse,,Husband,White,Male,0,0,40,United-States,<=50K
36,Private,150042,HS-grad,9,Never-married,Adm-clerical,Own-child,White,Female,0,0,40,United-States,<=50K
44,Private,291568,HS-grad,9,Married-civ-spouse,Farming-fishing,Husband,Other,Male,0,0,40,United-States,<=50K
41,Private,213055,Assoc-acdm,12,Never-married,Adm-clerical,Not-in-family,Other,Female,0,0,50,United-States,<=50K
29,Private,227890,HS-grad,9,Never-married,Protective-serv,Other-relative,Black,Male,0,0,40,United-States,<=50K
38,Self-emp-not-inc,164526,Prof-school,15,Never-married,Prof-specialty,Not-in-family,White,Male,0,2824,45,United-States,>50K
25,Private,156334,10th,6,Married-civ-spouse,Machine-op-inspct,Husband,White,Male,0,0,40,United-States,<=50K
34,Local-gov,31391,HS-grad,9,Married-civ-spouse,Protective-serv,Husband,White,Male,0,0,53,United-States,>50K
22,Private,198148,Some-college,10,Never-married,Adm-clerical,Own-child,White,Male,0,0,50,United-States,<=50K
61,Private,232308,10th,6,Married-civ-spouse,Machine-op-inspct,Husband,White,Male,0,0,40,United-States,<=50K
37,Self-emp-not-inc,29054,Assoc-voc,11,Never-married,Farming-fishing,Own-child,White,Male,0,0,84,United-States,<=50K
17,Private,108085,12th,8,Never-married,Other-service,Own-child,White,Female,0,0,24,United-States,<=50K
51,Private,159015,HS-grad,9,Married-civ-spouse,Transport-moving,Husband,White,Male,0,0,60,United-States,<=50K
54,Private,421561,Masters,14,Married-civ-spouse,Exec-managerial,Husband,White,Male,0,0,45,United-States,>50K
30,State-gov,180283,HS-grad,9,Never-married,Other-service,Not-in-family,Black,Female,0,0,40,United-States,<=50K
39,Self-emp-not-inc,83242,Some-college,10,Married-civ-spouse,Farming-fishing,Husband,White,Male,0,0,60,United-States,<=50K
23,Private,419394,Some-college,10,Never-married,Sales,Own-child,Black,Male,0,0,9,United-States,<=50K
39,Private,257942,Bachelors,13,Married-civ-spouse,Sales,Husband,White,Male,0,0,60,United-States,>50K
21,Private,165475,HS-grad,9,Married-civ-spouse,Machine-op-inspct,Husband,White,Male,0,0,40,United-States,<=50K
31,Private,223046,HS-grad,9,Married-civ-spouse,Transport-moving,Husband,White,Male,0,0,60,United-States,<=50K
33,,212491,HS-grad,9,Divorced,,Not-in-family,Black,Female,0,0,40,United-States,<=50K
28,Private,306538,12th,8,Never-married,Prof-specialty,Unmarried,White,Female,0,0,40,United-States,<=50K
27,Self-emp-not-inc,357283,HS-grad,9,Never-married,Sales,Not-in-family,Black,Male,0,0,40,United-States,<=50K
29,Private,54932,HS-grad,9,Married-civ-spouse,Machine-op-inspct,Husband,White,Male,0,0,40,United-States,<=50K
23,Private,189468,Assoc-voc,11,Married-civ-spouse,Machine-op-inspct,Own-child,White,Female,0,0,30,United-States,<=50K
50,Private,190762,5th-6th,3,Married-civ-spouse,Handlers-cleaners,Husband,White,Male,0,0,40,Mexico,<=50K
21,Private,89154,11th,7,Never-married,Other-service,Own-child,White,Male,0,0,42,El-Salvador,<=50K
28,Private,301010,11th,7,Never-married,Other-service,Not-in-family,Black,Male,0,0,40,United-States,<=50K
36,Private,108320,HS-grad,9,Divorced,Machine-op-inspct,Not-in-family,White,Male,4101,0,40,United-States,<=50K
55,Private,129263,HS-grad,9,Divorced,Handlers-cleaners,Unmarried,White,Male,0,0,40,United-States,<=50K
22,Private,335067,Bachelors,13,Never-married,Exec-managerial,Not-in-family,White,Male,0,0,20,United-States,<=50K
55,Private,419732,Some-college,10,Divorced,Other-service,Unmarried,White,Female,0,0,38,United-States,<=50K
49,Private,121602,Bachelors,13,Married-civ-spouse,Exec-managerial,Husband,White,Male,0,0,40,United-States,<=50K
29,Private,30070,Bachelors,13,Married-civ-spouse,Exec-managerial,Husband,White,Male,0,0,40,United-States,<=50K
31,Federal-gov,34862,Assoc-acdm,12,Married-civ-spouse,Sales,Husband,Asian-Pac-Islander,Male,0,0,40,United-States,<=50K
29,Private,118337,HS-grad,9,Married-civ-spouse,Transport-moving,Husband,White,Male,0,0,60,United-States,<=50K
36,Private,95654,Bachelors,13,Married-civ-spouse,Prof-specialty,Wife,White,Female,0,0,50,Iran,>50K
21,Private,129699,HS-grad,9,Never-married,Adm-clerical,Not-in-family,White,Male,0,0,40,United-States,<=50K
25,Private,335522,9th,5,Never-married,Handlers-cleaners,Not-in-family,White,Male,0,0,40,Mexico,<=50K
45,State-gov,36032,HS-grad,9,Divorced,Protective-serv,Unmarried,Black,Female,0,0,40,United-States,<=50K
49,Self-emp-not-inc,349986,Bachelors,13,Married-civ-spouse,Prof-specialty,Husband,White,Male,0,0,60,United-States,>50K
64,Self-emp-not-inc,144391,Masters,14,Married-civ-spouse,Farming-fishing,Husband,White,Male,0,0,40,United-States,<=50K
55,Private,327406,Some-college,10,Divorced,Sales,Not-in-family,White,Male,0,0,65,United-States,>50K
34,Local-gov,97723,Prof-school,15,Married-civ-spouse,Prof-specialty,Husband,White,Male,0,0,40,United-States,>50K
68,Private,224019,Some-college,10,Divorced,Exec-managerial,Not-in-family,White,Male,0,0,30,United-States,<=50K
32,Local-gov,159187,Bachelors,13,Never-married,Prof-specialty,Not-in-family,White,Male,0,0,35,United-States,<=50K
47,Private,159389,Assoc-acdm,12,Never-married,Adm-clerical,Not-in-family,White,Female,0,0,40,United-States,<=50K
19,Private,293928,HS-grad,9,Never-married,Adm-clerical,Own-child,White,Female,0,0,20,United-States,<=50K
68,Self-emp-not-inc,315859,11th,7,Never-married,Farming-fishing,Unmarried,White,Male,0,0,20,United-States,<=50K
26,Private,101027,HS-grad,9,Married-civ-spouse,Sales,Husband,White,Male,0,0,48,United-States,<=50K
19,,105460,Some-college,10,Never-married,,Own-child,White,Male,0,0,20,England,<=50K
55,Private,189933,10th,6,Married-civ-spouse,Craft-repair,Husband,White,Male,0,0,40,United-States,<=50K
40,Self-emp-inc,76625,HS-grad,9,Married-civ-spouse,Handlers-cleaners,Husband,White,Male,0,0,40,United-States,<=50K
33,State-gov,150570,HS-grad,9,Divorced,Adm-clerical,Not-in-family,White,Male,0,0,40,United-States,<=50K
28,Private,148645,HS-grad,9,Never-married,Machine-op-inspct,Own-child,White,Female,0,0,40,United-States,<=50K
44,Private,651702,HS-grad,9,Married-civ-spouse,Craft-repair,Husband,White,Male,0,0,72,United-States,<=50K
25,Self-emp-not-inc,136450,Assoc-acdm,12,Married-civ-spouse,Adm-clerical,Wife,White,Female,0,0,35,United-States,>50K
35,Local-gov,184117,Masters,14,Never-married,Prof-specialty,Own-child,White,Female,0,0,25,United-States,<=50K
47,Private,154117,HS-grad,9,Separated,Craft-repair,Other-relative,White,Female,0,0,40,United-States,<=50K
44,Private,156815,HS-grad,9,Divorced,Adm-clerical,Not-in-family,White,Female,0,0,40,United-States,<=50K
43,Private,169628,Bachelors,13,Never-married,Sales,Unmarried,Black,Female,0,0,35,United-States,>50K
35,Private,106471,Bachelors,13,Never-married,Craft-repair,Not-in-family,White,Male,0,0,35,United-States,<=50K
48,Private,45612,HS-grad,9,Never-married,Adm-clerical,Unmarried,Black,Female,0,0,37,United-States,<=50K
39,Private,171524,10th,6,Never-married,Handlers-cleaners,Not-in-family,White,Male,0,0,40,Columbia,<=50K
45,Self-emp-not-inc,58683,Some-college,10,Married-civ-spouse,Transport-moving,Husband,White,Male,0,0,40,United-States,<=50K
59,Local-gov,173992,HS-grad,9,Separated,Adm-clerical,Unmarried,White,Female,0,0,35,United-States,<=50K
22,Private,310152,Some-college,10,Never-married,Transport-moving,Not-in-family,White,Male,0,0,40,United-States,<=50K
35,Private,252897,Assoc-acdm,12,Never-married,Adm-clerical,Not-in-family,White,Female,14344,0,40,United-States,>50K
52,Private,180142,Masters,14,Married-civ-spouse,Tech-support,Husband,White,Male,0,0,45,United-States,<=50K
32,Private,86808,Some-college,10,Never-married,Other-service,Own-child,White,Female,0,0,38,United-States,<=50K
46,Private,86220,Bachelors,13,Divorced,Sales,Not-in-family,White,Female,0,0,40,United-States,<=50K
54,Private,91882,HS-grad,9,Married-civ-spouse,Craft-repair,Husband,White,Male,0,0,43,United-States,<=50K
34,Private,96480,Some-college,10,Separated,Exec-managerial,Unmarried,White,Female,0,0,40,United-States,<=50K
44,Private,165599,HS-grad,9,Married-civ-spouse,Machine-op-inspct,Husband,White,Male,0,0,48,United-States,<=50K
60,Private,188650,5th-6th,3,Married-civ-spouse,Sales,Husband,White,Male,0,0,40,,>50K
44,Private,32000,Bachelors,13,Married-civ-spouse,Sales,Husband,White,Male,0,0,45,United-States,<=50K
71,Private,169114,Some-college,10,Widowed,Prof-specialty,Not-in-family,White,Male,0,1429,40,United-States,<=50K
44,Self-emp-not-inc,92162,HS-grad,9,Divorced,Craft-repair,Not-in-family,White,Male,0,0,40,United-States,<=50K
31,Private,243678,Some-college,10,Never-married,Exec-managerial,Not-in-family,White,Female,0,0,40,United-States,<=50K
30,Private,85374,Some-college,10,Never-married,Handlers-cleaners,Not-in-family,White,Male,0,0,45,United-States,<=50K
18,Private,36882,12th,8,Never-married,Sales,Own-child,White,Female,0,0,20,United-States,<=50K
40,Private,132222,Some-college,10,Married-civ-spouse,Machine-op-inspct,Husband,White,Male,4386,0,50,United-States,>50K
27,Private,101709,HS-grad,9,Never-married,Sales,Own-child,Asian-Pac-Islander,Male,0,0,40,United-States,<=50K
30,Self-emp-not-inc,257295,Some-college,10,Never-married,Sales,Other-relative,Asian-Pac-Islander,Male,0,2258,40,South,<=50K
58,Private,127264,10th,6,Married-civ-spouse,Craft-repair,Husband,White,Male,0,0,50,United-States,<=50K
21,Private,211013,9th,5,Never-married,Other-service,Own-child,White,Female,0,0,50,Mexico,<=50K
24,Private,219754,HS-grad,9,Never-married,Adm-clerical,Own-child,White,Male,0,0,40,United-States,<=50K
26,Local-gov,197764,Bachelors,13,Never-married,Prof-specialty,Not-in-family,White,Female,0,0,40,United-States,<=50K
39,Private,30875,Bachelors,13,Divorced,Sales,Unmarried,White,Female,0,0,40,United-States,>50K
40,Private,99434,HS-grad,9,Married-civ-spouse,Other-service,Wife,White,Female,0,0,12,United-States,<=50K
58,Private,209423,1st-4th,2,Married-civ-spouse,Other-service,Husband,White,Male,0,0,38,Cuba,<=50K
31,Private,303851,HS-grad,9,Married-civ-spouse,Transport-moving,Husband,White,Male,0,0,50,United-States,<=50K
48,Self-emp-not-inc,246891,Prof-school,15,Married-civ-spouse,Craft-repair,Husband,White,Male,0,0,60,United-States,<=50K
28,Private,159724,Bachelors,13,Married-spouse-absent,Sales,Not-in-family,White,Female,0,0,50,United-States,<=50K
42,Private,141558,Masters,14,Married-civ-spouse,Prof-specialty,Husband,White,Male,0,0,60,United-States,<=50K
36,Private,180278,Bachelors,13,Never-married,Prof-specialty,Not-in-family,Black,Male,0,0,40,United-States,<=50K
19,Private,286469,Some-college,10,Never-married,Sales,Own-child,White,Female,0,0,30,United-States,<=50K
37,Private,220644,HS-grad,9,Divorced,Other-service,Unmarried,Black,Female,0,0,40,,<=50K
23,Private,72922,Some-college,10,Never-married,Sales,Not-in-family,White,Female,0,0,30,United-States,<=50K
45,Private,190115,Assoc-acdm,12,Divorced,Exec-managerial,Unmarried,White,Male,0,0,40,United-States,<=50K
28,Private,138692,Bachelors,13,Married-civ-spouse,Exec-managerial,Husband,White,Male,0,0,40,United-States,>50K
60,Private,121319,7th-8th,4,Married-civ-spouse,Machine-op-inspct,Husband,White,Male,3137,0,40,Poland,<=50K
26,Private,247025,Assoc-voc,11,Divorced,Craft-repair,Own-child,White,Male,0,0,40,United-States,<=50K
26,,264300,Some-college,10,Married-civ-spouse,,Wife,White,Female,0,0,20,United-States,<=50K
21,Private,38772,Some-college,10,Never-married,Sales,Own-child,White,Male,0,0,20,United-States,<=50K
18,Private,138917,11th,7,Never-married,Sales,Own-child,Black,Female,0,0,10,United-States,<=50K
26,Private,104746,HS-grad,9,Married-civ-spouse,Craft-repair,Husband,White,Male,5013,0,60,United-States,<=50K
57,Private,124771,HS-grad,9,Married-civ-spouse,Craft-repair,Husband,White,Male,0,0,40,United-States,<=50K
30,Private,147430,HS-grad,9,Married-spouse-absent,Adm-clerical,Not-in-family,White,Female,0,0,40,United-States,<=50K
22,Private,230704,Assoc-acdm,12,Never-married,Handlers-cleaners,Own-child,Black,Male,0,0,20,Jamaica,<=50K
21,Local-gov,185279,HS-grad,9,Never-married,Adm-clerical,Own-child,White,Male,0,0,20,United-States,<=50K
32,Private,234195,HS-grad,9,Divorced,Other-service,Not-in-family,White,Male,0,0,40,United-States,<=50K
41,Private,187322,HS-grad,9,Married-civ-spouse,Machine-op-inspct,Husband,White,Male,0,0,48,United-States,<=50K
28,Local-gov,335015,HS-grad,9,Married-civ-spouse,Craft-repair,Husband,White,Male,0,0,40,United-States,<=50K
40,Private,103759,HS-grad,9,Divorced,Craft-repair,Not-in-family,White,Male,0,0,40,United-States,<=50K
37,Private,185359,HS-grad,9,Married-civ-spouse,Adm-clerical,Husband,White,Male,0,0,40,United-States,<=50K
42,Private,139126,HS-grad,9,Divorced,Transport-moving,Not-in-family,White,Male,0,0,40,United-States,<=50K
43,Self-emp-inc,198871,Assoc-voc,11,Married-civ-spouse,Farming-fishing,Husband,White,Male,0,0,88,United-States,<=50K
51,Self-emp-not-inc,290688,5th-6th,3,Married-civ-spouse,Craft-repair,Husband,White,Male,0,0,40,United-States,<=50K
42,Private,366180,Some-college,10,Married-civ-spouse,Exec-managerial,Husband,White,Male,0,0,55,United-States,>50K
21,Private,254351,HS-grad,9,Never-married,Other-service,Not-in-family,White,Male,0,0,35,United-States,<=50K
20,,53738,Some-college,10,Never-married,,Own-child,White,Male,0,0,60,United-States,<=50K
18,Private,375515,11th,7,Never-married,Sales,Own-child,White,Female,0,0,20,United-States,<=50K
35,Private,407913,HS-grad,9,Separated,Other-service,Not-in-family,Black,Male,0,0,40,United-States,<=50K
45,,215943,HS-grad,9,Married-civ-spouse,,Husband,White,Male,0,0,40,United-States,<=50K
50,Private,421561,Some-college,10,Divorced,Exec-managerial,Not-in-family,White,Male,0,0,40,United-States,<=50K
60,Self-emp-inc,226355,Assoc-voc,11,Married-civ-spouse,Machine-op-inspct,Husband,White,Male,0,2415,70,,>50K
29,Private,29974,HS-grad,9,Married-civ-spouse,Craft-repair,Husband,White,Male,0,0,40,United-States,<=50K
40,Private,121492,Some-college,10,Never-married,Machine-op-inspct,Not-in-family,Black,Male,0,0,48,United-States,<=50K
37,Self-emp-not-inc,36214,Bachelors,13,Married-civ-spouse,Craft-repair,Husband,White,Male,0,0,65,United-States,>50K
43,Private,163985,HS-grad,9,Married-civ-spouse,Craft-repair,Husband,White,Male,0,0,40,United-States,<=50K
54,Private,307973,HS-grad,9,Married-civ-spouse,Handlers-cleaners,Husband,White,Male,0,0,40,United-States,>50K
70,,346053,HS-grad,9,Married-civ-spouse,,Husband,White,Male,0,0,40,United-States,<=50K
26,Private,183077,Assoc-voc,11,Never-married,Adm-clerical,Own-child,White,Female,0,0,40,United-States,<=50K
50,Private,153931,HS-grad,9,Divorced,Adm-clerical,Not-in-family,White,Female,0,0,40,United-States,<=50K
59,Local-gov,222081,Bachelors,13,Never-married,Prof-specialty,Other-relative,Black,Female,0,0,35,United-States,<=50K
59,Local-gov,50929,Some-college,10,Married-civ-spouse,Exec-managerial,Husband,White,Male,0,0,60,United-States,>50K
30,Private,202046,HS-grad,9,Never-married,Adm-clerical,Not-in-family,White,Male,0,0,20,United-States,<=50K
31,Self-emp-not-inc,348038,Bachelors,13,Married-civ-spouse,Prof-specialty,Husband,White,Male,0,1902,50,Puerto-Rico,>50K
25,Private,236564,HS-grad,9,Never-married,Adm-clerical,Not-in-family,White,Male,0,0,40,United-States,<=50K
46,Private,155659,Some-college,10,Married-civ-spouse,Craft-repair,Husband,White,Male,15024,0,45,United-States,>50K
17,Private,342752,11th,7,Never-married,Other-service,Own-child,White,Male,0,0,15,United-States,<=50K
44,Private,197344,HS-grad,9,Never-married,Handlers-cleaners,Not-in-family,White,Male,0,0,50,United-States,<=50K
44,Self-emp-not-inc,335183,12th,8,Married-civ-spouse,Handlers-cleaners,Husband,Black,Male,0,0,40,United-States,>50K
61,Private,149653,HS-grad,9,Married-civ-spouse,Exec-managerial,Husband,White,Male,0,0,50,United-States,<=50K
30,Self-emp-inc,292465,Bachelors,13,Never-married,Exec-managerial,Not-in-family,White,Male,0,0,40,United-States,<=50K
50,Private,112351,HS-grad,9,Divorced,Exec-managerial,Unmarried,White,Male,0,0,38,United-States,<=50K
27,Self-emp-not-inc,189030,Bachelors,13,Never-married,Sales,Not-in-family,White,Male,0,0,40,United-States,<=50K
41,Private,155106,HS-grad,9,Married-civ-spouse,Handlers-cleaners,Husband,White,Male,0,0,40,United-States,<=50K
24,Private,205844,Bachelors,13,Never-married,Exec-managerial,Own-child,Black,Female,0,0,40,United-States,<=50K
53,Local-gov,179237,9th,5,Married-civ-spouse,Transport-moving,Husband,White,Male,0,0,40,United-States,<=50K
23,Private,197387,HS-grad,9,Never-married,Craft-repair,Own-child,White,Male,0,0,37,Mexico,<=50K
19,Private,323605,7th-8th,4,Never-married,Other-service,Not-in-family,White,Male,0,0,60,United-States,>50K
17,Private,52486,11th,7,Never-married,Other-service,Own-child,White,Female,0,0,12,United-States,<=50K
63,Self-emp-not-inc,391121,7th-8th,4,Married-civ-spouse,Farming-fishing,Husband,White,Male,0,0,30,United-States,<=50K
41,Private,46221,Prof-school,15,Never-married,Exec-managerial,Not-in-family,White,Male,4787,0,60,United-States,>50K
20,,189203,Assoc-acdm,12,Never-married,,Not-in-family,White,Male,0,0,40,United-States,<=50K
45,Federal-gov,391585,Bachelors,13,Married-civ-spouse,Protective-serv,Husband,White,Male,7688,0,50,United-States,>50K
40,Self-emp-inc,344060,Prof-school,15,Married-civ-spouse,Prof-specialty,Husband,White,Male,0,0,50,United-States,>50K
25,Self-emp-not-inc,114483,HS-grad,9,Married-civ-spouse,Farming-fishing,Husband,White,Male,0,0,65,United-States,<=50K
29,Private,367329,HS-grad,9,Married-civ-spouse,Machine-op-inspct,Husband,White,Male,0,0,40,United-States,<=50K
28,Local-gov,419740,Bachelors,13,Never-married,Prof-specialty,Not-in-family,White,Male,0,0,52,United-States,<=50K
46,Private,192768,HS-grad,9,Married-civ-spouse,Adm-clerical,Wife,White,Female,0,0,40,United-States,<=50K
46,Private,285750,HS-grad,9,Married-civ-spouse,Farming-fishing,Husband,White,Male,4064,0,55,United-States,<=50K
27,Private,69132,Bachelors,13,Never-married,Prof-specialty,Not-in-family,White,Male,0,0,40,United-States,<=50K
53,Self-emp-not-inc,237729,HS-grad,9,Married-civ-spouse,Prof-specialty,Wife,White,Female,3411,0,65,United-States,<=50K
20,Private,218178,HS-grad,9,Never-married,Handlers-cleaners,Not-in-family,White,Male,0,0,40,United-States,<=50K
45,Private,168556,Some-college,10,Divorced,Machine-op-inspct,Not-in-family,White,Male,0,0,40,United-States,<=50K
40,Private,198452,11th,7,Married-civ-spouse,Farming-fishing,Husband,White,Male,0,0,40,United-States,<=50K
28,Private,271936,Some-college,10,Never-married,Exec-managerial,Not-in-family,White,Female,0,0,35,United-States,<=50K
35,Private,281982,Some-college,10,Married-civ-spouse,Prof-specialty,Husband,White,Male,0,0,40,United-States,>50K
37,Private,69481,HS-grad,9,Divorced,Machine-op-inspct,Not-in-family,White,Male,0,0,40,United-States,<=50K
40,State-gov,195520,Some-college,10,Never-married,Adm-clerical,Unmarried,Black,Female,0,0,49,United-States,<=50K
61,Local-gov,224598,HS-grad,9,Married-civ-spouse,Protective-serv,Husband,Black,Male,0,0,24,,<=50K
29,Self-emp-not-inc,322238,HS-grad,9,Never-married,Farming-fishing,Not-in-family,White,Male,0,0,40,United-States,<=50K
34,Private,154874,HS-grad,9,Never-married,Machine-op-inspct,Not-in-family,White,Male,4416,0,30,United-States,<=50K
47,Self-emp-not-inc,53292,Assoc-acdm,12,Widowed,Prof-specialty,Unmarried,White,Female,0,0,35,United-States,<=50K
42,Self-emp-not-inc,193882,HS-grad,9,Married-civ-spouse,Prof-specialty,Husband,White,Male,0,0,50,United-States,>50K
39,,361838,Bachelors,13,Married-civ-spouse,,Wife,White,Female,0,0,6,United-States,>50K
36,Private,174938,Bachelors,13,Married-civ-spouse,Prof-specialty,Husband,White,Male,0,1887,50,United-States,>50K
33,Local-gov,342458,Assoc-acdm,12,Divorced,Protective-serv,Not-in-family,White,Male,0,0,56,United-States,<=50K
56,Private,109015,Some-college,10,Married-civ-spouse,Exec-managerial,Wife,White,Female,7688,0,50,United-States,>50K
37,State-gov,173780,Some-college,10,Divorced,Prof-specialty,Unmarried,White,Female,0,0,30,United-States,<=50K
33,Federal-gov,344073,Bachelors,13,Never-married,Protective-serv,Not-in-family,White,Male,0,1408,50,United-States,<=50K
42,Private,198955,9th,5,Divorced,Machine-op-inspct,Not-in-family,Black,Female,0,0,46,United-States,<=50K
49,Self-emp-inc,158685,HS-grad,9,Married-civ-spouse,Adm-clerical,Wife,White,Female,0,2377,40,United-States,>50K
42,Private,171351,HS-grad,9,Married-civ-spouse,Handlers-cleaners,Husband,White,Male,0,0,40,United-States,<=50K
18,Private,303240,HS-grad,9,Never-married,Sales,Own-child,White,Female,0,0,20,United-States,<=50K
33,Private,132832,HS-grad,9,Never-married,Adm-clerical,Not-in-family,White,Female,0,0,50,United-States,<=50K
43,Federal-gov,369468,Bachelors,13,Married-civ-spouse,Prof-specialty,Husband,White,Male,0,0,40,United-States,>50K
32,Private,169589,Assoc-voc,11,Married-civ-spouse,Handlers-cleaners,Husband,White,Male,0,0,40,United-States,>50K
19,Private,307761,HS-grad,9,Never-married,Sales,Own-child,White,Male,0,0,15,United-States,<=50K
35,Private,113152,HS-grad,9,Married-civ-spouse,Machine-op-inspct,Husband,White,Male,0,0,40,United-States,<=50K
31,Private,399052,9th,5,Married-civ-spouse,Farming-fishing,Wife,White,Female,0,0,42,United-States,<=50K
60,Private,178792,HS-grad,9,Widowed,Handlers-cleaners,Not-in-family,White,Female,0,0,40,United-States,<=50K
36,Self-emp-inc,185366,Some-college,10,Never-married,Sales,Not-in-family,White,Male,0,0,50,United-States,<=50K
44,Private,157614,HS-grad,9,Divorced,Sales,Own-child,White,Male,0,0,38,United-States,<=50K
47,Private,239865,HS-grad,9,Married-civ-spouse,Craft-repair,Husband,White,Male,0,1977,45,United-States,>50K
64,State-gov,152537,Bachelors,13,Married-civ-spouse,Exec-managerial,Husband,White,Male,0,0,45,United-States,<=50K
59,Self-emp-not-inc,41258,Bachelors,13,Married-civ-spouse,Prof-specialty,Husband,White,Male,0,0,50,United-States,<=50K
63,,316627,10th,6,Married-civ-spouse,,Husband,White,Male,0,0,10,United-States,<=50K
47,Private,347088,5th-6th,3,Separated,Other-service,Unmarried,White,Female,0,0,40,United-States,<=50K
69,Private,269499,HS-grad,9,Widowed,Handlers-cleaners,Not-in-family,White,Female,0,0,8,United-States,<=50K
35,Private,205338,HS-grad,9,Married-civ-spouse,Craft-repair,Husband,White,Male,0,0,40,United-States,<=50K
47,Private,191957,HS-grad,9,Married-civ-spouse,Sales,Husband,Black,Male,0,0,40,United-States,>50K
46,Private,196858,Masters,14,Married-civ-spouse,Prof-specialty,Husband,White,Male,0,0,35,United-States,>50K
19,Private,124486,12th,8,Never-married,Other-service,Own-child,White,Male,0,1602,20,United-States,<=50K
30,Private,97723,Bachelors,13,Married-civ-spouse,Craft-repair,Husband,White,Male,0,0,30,United-States,<=50K
34,Private,378272,HS-grad,9,Married-civ-spouse,Machine-op-inspct,Husband,White,Male,0,0,40,United-States,<=50K
58,Private,183870,HS-grad,9,Divorced,Adm-clerical,Not-in-family,White,Female,0,0,40,United-States,<=50K
39,Private,191502,Assoc-voc,11,Married-civ-spouse,Craft-repair,Husband,White,Male,0,0,40,United-States,<=50K
38,Private,423616,Assoc-voc,11,Married-civ-spouse,Tech-support,Wife,White,Female,0,0,36,United-States,>50K
29,Local-gov,277323,HS-grad,9,Never-married,Protective-serv,Unmarried,White,Male,0,0,45,United-States,<=50K
18,Private,228216,HS-grad,9,Never-married,Handlers-cleaners,Own-child,White,Male,0,0,20,United-States,<=50K
30,Private,287092,HS-grad,9,Divorced,Exec-managerial,Not-in-family,White,Female,2354,0,40,United-States,<=50K
35,Private,148906,Some-college,10,Divorced,Prof-specialty,Not-in-family,White,Female,0,0,40,United-States,<=50K
39,Self-emp-inc,144154,Bachelors,13,Never-married,Prof-specialty,Unmarried,White,Female,0,0,80,United-States,<=50K
22,Private,201729,9th,5,Never-married,Handlers-cleaners,Other-relative,White,Male,0,0,30,United-States,<=50K
44,Private,147206,Some-college,10,Married-civ-spouse,Craft-repair,Husband,White,Male,7688,0,45,United-States,>50K
32,Private,123157,Bachelors,13,Married-civ-spouse,Tech-support,Husband,White,Male,0,0,30,,<=50K
32,Private,106541,5th-6th,3,Married-civ-spouse,Other-service,Other-relative,White,Male,0,0,40,United-States,<=50K
49,Self-emp-inc,197332,Some-college,10,Married-civ-spouse,Sales,Husband,White,Male,0,0,60,United-States,<=50K
26,Private,195994,Bachelors,13,Separated,Sales,Not-in-family,White,Female,0,0,40,United-States,<=50K
29,Private,137240,Some-college,10,Divorced,Handlers-cleaners,Not-in-family,White,Male,0,0,45,United-States,<=50K
37,Local-gov,289238,10th,6,Married-civ-spouse,Craft-repair,Husband,White,Male,0,0,40,United-States,<=50K
31,Self-emp-not-inc,226624,9th,5,Married-civ-spouse,Craft-repair,Husband,White,Male,0,0,60,United-States,<=50K
66,Private,166461,11th,7,Married-civ-spouse,Sales,Husband,White,Male,0,0,26,United-States,<=50K
18,Private,310175,12th,8,Never-married,Other-service,Own-child,White,Female,0,0,12,United-States,<=50K
34,Private,378723,10th,6,Separated,Exec-managerial,Unmarried,White,Female,0,0,45,United-States,<=50K
33,Private,136331,HS-grad,9,Married-civ-spouse,Handlers-cleaners,Husband,White,Male,0,0,40,United-States,<=50K
33,Private,55176,7th-8th,4,Married-civ-spouse,Craft-repair,Husband,White,Male,0,0,40,United-States,<=50K
26,Private,279833,Bachelors,13,Never-married,Exec-managerial,Not-in-family,White,Male,0,2258,45,United-States,>50K
35,Private,111635,HS-grad,9,Married-civ-spouse,Other-service,Husband,White,Male,0,0,40,United-States,<=50K
31,Private,169085,11th,7,Married-civ-spouse,Sales,Wife,White,Female,0,0,20,United-States,<=50K
60,State-gov,358893,Bachelors,13,Divorced,Prof-specialty,Not-in-family,White,Female,0,2339,40,United-States,<=50K
81,Private,177408,HS-grad,9,Married-civ-spouse,Exec-managerial,Husband,White,Male,0,2377,26,United-States,>50K
27,Private,193898,Bachelors,13,Divorced,Exec-managerial,Not-in-family,White,Male,0,0,52,United-States,<=50K
20,Private,238685,Some-college,10,Never-married,Sales,Not-in-family,White,Female,0,0,30,United-States,<=50K
50,Self-emp-inc,207246,Some-college,10,Separated,Exec-managerial,Unmarried,White,Female,0,0,75,United-States,<=50K
41,Private,115411,Some-college,10,Divorced,Sales,Own-child,White,Male,2174,0,45,United-States,<=50K
21,Private,170456,Some-college,10,Never-married,Other-service,Own-child,White,Male,0,0,35,Italy,<=50K
41,Private,325786,HS-grad,9,Married-civ-spouse,Machine-op-inspct,Husband,White,Male,0,0,40,United-States,<=50K
25,Private,443855,HS-grad,9,Married-civ-spouse,Other-service,Husband,White,Male,0,0,40,Mexico,<=50K
68,Private,224338,Assoc-voc,11,Widowed,Exec-managerial,Not-in-family,White,Female,0,0,40,United-States,<=50K
43,Private,193882,Some-college,10,Never-married,Adm-clerical,Not-in-family,White,Male,0,0,55,United-States,<=50K
27,Private,210313,HS-grad,9,Never-married,Handlers-cleaners,Other-relative,White,Male,0,0,28,Guatemala,<=50K
61,,222395,HS-grad,9,Married-civ-spouse,,Husband,White,Male,0,0,40,United-States,<=50K
26,Private,155213,Bachelors,13,Never-married,Prof-specialty,Not-in-family,White,Male,0,0,48,United-States,<=50K
47,Private,181342,HS-grad,9,Married-civ-spouse,Handlers-cleaners,Wife,Black,Female,0,0,40,United-States,<=50K
31,Private,347166,Some-college,10,Divorced,Craft-repair,Own-child,White,Male,4650,0,40,United-States,<=50K
55,State-gov,71630,HS-grad,9,Divorced,Adm-clerical,Not-in-family,White,Female,0,1617,40,United-States,<=50K
27,,95708,11th,7,Divorced,,Not-in-family,Asian-Pac-Islander,Male,0,0,40,United-States,<=50K
43,Private,237993,Some-college,10,Married-civ-spouse,Tech-support,Husband,White,Male,0,0,40,United-States,>50K
45,Private,135044,HS-grad,9,Divorced,Machine-op-inspct,Not-in-family,White,Female,0,0,40,United-States,<=50K
20,Private,380544,Assoc-acdm,12,Never-married,Transport-moving,Own-child,White,Male,0,0,20,United-States,<=50K
58,Private,223400,Assoc-acdm,12,Married-civ-spouse,Priv-house-serv,Other-relative,White,Female,0,0,35,Poland,<=50K
27,Private,147340,Some-college,10,Never-married,Exec-managerial,Own-child,White,Female,0,0,40,United-States,<=50K
36,Federal-gov,112847,Bachelors,13,Married-civ-spouse,Prof-specialty,Husband,Asian-Pac-Islander,Male,0,0,40,United-States,<=50K
42,Private,155106,Some-college,10,Never-married,Machine-op-inspct,Not-in-family,White,Male,0,0,45,United-States,<=50K
57,Private,112840,Masters,14,Married-civ-spouse,Prof-specialty,Husband,White,Male,0,0,55,United-States,>50K
42,,195124,HS-grad,9,Married-civ-spouse,,Husband,White,Male,0,0,60,Dominican-Republic,<=50K
28,Private,224629,Masters,14,Never-married,Exec-managerial,Not-in-family,Other,Male,0,0,30,Cuba,<=50K
31,Local-gov,295589,Some-college,10,Never-married,Adm-clerical,Own-child,Black,Male,0,0,40,United-States,<=50K
55,,102058,12th,8,Widowed,,Not-in-family,White,Male,0,0,30,United-States,<=50K
51,Private,111939,Bachelors,13,Married-civ-spouse,Prof-specialty,Husband,White,Male,0,0,50,United-States,>50K
18,,274445,HS-grad,9,Never-married,,Own-child,White,Male,0,1602,20,United-States,<=50K
21,State-gov,155818,Some-college,10,Never-married,Other-service,Own-child,White,Female,0,0,25,United-States,<=50K
50,Local-gov,153064,HS-grad,9,Married-civ-spouse,Exec-managerial,Husband,White,Male,5178,0,40,United-States,>50K
20,Private,355236,Some-college,10,Never-married,Exec-managerial,Own-child,White,Female,0,0,16,United-States,<=50K
29,Private,103432,HS-grad,9,Never-married,Craft-repair,Not-in-family,White,Male,0,0,40,United-States,<=50K
40,Local-gov,36296,Bachelors,13,Married-civ-spouse,Prof-specialty,Husband,White,Male,0,0,50,United-States,>50K
50,State-gov,103063,Bachelors,13,Married-civ-spouse,Exec-managerial,Husband,White,Male,0,0,40,United-States,>50K
39,Local-gov,327435,HS-grad,9,Divorced,Craft-repair,Unmarried,White,Female,0,0,40,United-States,<=50K
67,Private,191437,HS-grad,9,Widowed,Adm-clerical,Not-in-family,White,Female,0,0,40,United-States,<=50K
27,Private,198188,HS-grad,9,Married-civ-spouse,Adm-clerical,Husband,White,Male,2580,0,45,United-States,<=50K
39,Private,185405,10th,6,Married-civ-spouse,Craft-repair,Husband,White,Male,0,0,40,United-States,<=50K
33,Private,170651,HS-grad,9,Never-married,Other-service,Own-child,White,Female,1055,0,40,United-States,<=50K
32,Private,259425,Some-college,10,Divorced,Craft-repair,Not-in-family,White,Male,0,0,40,United-States,<=50K
19,Private,260275,11th,7,Separated,Craft-repair,Own-child,Black,Male,0,0,40,United-States,<=50K
18,,220168,Some-college,10,Never-married,,Own-child,White,Male,0,0,16,United-States,<=50K
31,Private,193132,Bachelors,13,Never-married,Tech-support,Not-in-family,White,Female,0,0,42,United-States,<=50K
38,Private,223004,Some-college,10,Never-married,Other-service,Own-child,White,Male,0,0,40,United-States,<=50K
67,State-gov,132819,Some-college,10,Married-civ-spouse,Protective-serv,Husband,White,Male,0,0,41,United-States,>50K
26,State-gov,291586,HS-grad,9,Divorced,Transport-moving,Unmarried,White,Male,0,0,40,United-States,<=50K
25,Private,197871,Some-college,10,Married-civ-spouse,Sales,Husband,White,Male,0,0,44,United-States,>50K
24,Private,220944,Some-college,10,Married-civ-spouse,Craft-repair,Husband,White,Male,0,0,60,United-States,<=50K
23,Private,23037,12th,8,Never-married,Handlers-cleaners,Own-child,Amer-Indian-Eskimo,Male,0,0,40,United-States,<=50K
56,Private,146326,HS-grad,9,Married-civ-spouse,Transport-moving,Husband,White,Male,0,0,50,United-States,<=50K
30,Private,154120,Bachelors,13,Never-married,Sales,Not-in-family,White,Male,0,0,65,United-States,<=50K
40,Federal-gov,391744,HS-grad,9,Never-married,Adm-clerical,Unmarried,Black,Female,0,0,40,United-States,<=50K
21,Private,249150,HS-grad,9,Never-married,Sales,Own-child,White,Female,0,0,24,United-States,<=50K
21,Self-emp-inc,153516,Some-college,10,Never-married,Craft-repair,Own-child,White,Male,0,0,40,United-States,<=50K
52,Federal-gov,168539,HS-grad,9,Married-civ-spouse,Machine-op-inspct,Husband,White,Male,0,0,40,United-States,>50K
41,Private,213019,Assoc-voc,11,Married-civ-spouse,Tech-support,Wife,White,Female,0,0,38,United-States,>50K
34,Private,195488,HS-grad,9,Separated,Adm-clerical,Own-child,White,Female,0,0,40,United-States,<=50K
39,Private,334366,Bachelors,13,Separated,Prof-specialty,Unmarried,White,Female,0,0,50,United-States,>50K
24,Private,321763,HS-grad,9,Never-married,Exec-managerial,Not-in-family,White,Male,0,0,38,United-States,<=50K
38,Private,187346,HS-grad,9,Never-married,Sales,Own-child,White,Female,0,0,40,United-States,<=50K
48,State-gov,170142,Masters,14,Divorced,Prof-specialty,Not-in-family,White,Male,0,0,40,United-States,>50K
39,Private,165235,Bachelors,13,Separated,Prof-specialty,Unmarried,Asian-Pac-Islander,Female,0,0,40,Philippines,>50K
33,Self-emp-not-inc,24504,Some-college,10,Married-civ-spouse,Craft-repair,Husband,White,Male,0,0,60,United-States,<=50K
42,Private,167650,Some-college,10,Married-civ-spouse,Machine-op-inspct,Husband,White,Male,0,0,35,United-States,<=50K
71,Private,182395,Bachelors,13,Never-married,Craft-repair,Not-in-family,White,Male,11678,0,45,United-States,>50K
54,Self-emp-inc,117674,Bachelors,13,Married-civ-spouse,Sales,Husband,White,Male,0,0,40,United-States,>50K
38,Local-gov,34744,Some-college,10,Divorced,Adm-clerical,Unmarried,White,Female,0,0,38,United-States,<=50K
51,Private,159910,Bachelors,13,Divorced,Exec-managerial,Not-in-family,Black,Male,10520,0,40,United-States,>50K
38,Private,149347,Masters,14,Married-civ-spouse,Prof-specialty,Husband,White,Male,0,0,50,United-States,>50K
49,Private,186256,Some-college,10,Married-civ-spouse,Adm-clerical,Husband,White,Male,0,0,40,United-States,<=50K
49,Private,193366,HS-grad,9,Married-civ-spouse,Craft-repair,Husband,White,Male,0,0,40,United-States,<=50K
24,Federal-gov,130534,Bachelors,13,Never-married,Exec-managerial,Not-in-family,White,Male,0,0,40,United-States,<=50K
42,Self-emp-not-inc,342634,Assoc-voc,11,Divorced,Craft-repair,Not-in-family,White,Male,0,0,40,Cambodia,<=50K
50,Private,271160,Some-college,10,Divorced,Sales,Not-in-family,White,Female,0,0,40,United-States,<=50K
59,Self-emp-inc,223215,Bachelors,13,Married-civ-spouse,Exec-managerial,Husband,White,Male,0,1977,50,United-States,>50K
45,Federal-gov,363418,Bachelors,13,Married-civ-spouse,Prof-specialty,Husband,White,Male,0,0,40,United-States,>50K
40,Self-emp-not-inc,355856,Bachelors,13,Married-spouse-absent,Exec-managerial,Not-in-family,Asian-Pac-Islander,Male,0,0,40,United-States,<=50K
17,Private,232713,10th,6,Never-married,Craft-repair,Not-in-family,White,Male,594,0,30,United-States,<=50K
40,Private,195488,HS-grad,9,Never-married,Adm-clerical,Own-child,White,Female,0,0,45,United-States,<=50K
43,State-gov,78765,Some-college,10,Divorced,Exec-managerial,Unmarried,White,Male,0,0,40,United-States,<=50K
24,State-gov,289909,Some-college,10,Married-civ-spouse,Prof-specialty,Husband,White,Male,0,0,40,United-States,<=50K
54,Private,87205,HS-grad,9,Separated,Adm-clerical,Not-in-family,White,Female,0,0,45,United-States,<=50K
21,Private,137510,HS-grad,9,Married-civ-spouse,Craft-repair,Husband,White,Male,0,0,20,Germany,<=50K
22,Private,227594,Bachelors,13,Never-married,Sales,Not-in-family,White,Female,0,0,40,United-States,<=50K
45,Local-gov,318280,HS-grad,9,Widowed,Protective-serv,Not-in-family,White,Male,0,0,40,United-States,>50K
24,Private,113936,Bachelors,13,Never-married,Prof-specialty,Own-child,White,Male,0,0,40,United-States,<=50K
18,Private,27920,11th,7,Never-married,Exec-managerial,Own-child,White,Female,0,0,25,United-States,<=50K
35,Self-emp-inc,365739,HS-grad,9,Married-civ-spouse,Craft-repair,Husband,White,Male,0,0,50,United-States,<=50K
36,Private,272090,Bachelors,13,Divorced,Prof-specialty,Unmarried,White,Female,0,0,45,El-Salvador,<=50K
20,Private,291979,HS-grad,9,Married-civ-spouse,Sales,Other-relative,White,Male,0,0,20,United-States,<=50K
38,Private,103456,Bachelors,13,Separated,Prof-specialty,Unmarried,White,Male,0,0,40,United-States,<=50K
44,Private,186916,Masters,14,Married-civ-spouse,Exec-managerial,Husband,White,Male,0,0,50,United-States,>50K
55,Federal-gov,272339,HS-grad,9,Widowed,Adm-clerical,Unmarried,White,Female,0,0,40,United-States,<=50K
36,Private,198237,Bachelors,13,Married-civ-spouse,Prof-specialty,Husband,White,Male,15024,0,50,United-States,>50K
46,Private,316271,5th-6th,3,Married-civ-spouse,Craft-repair,Husband,White,Male,0,0,55,United-States,<=50K
40,Self-emp-not-inc,155106,9th,5,Married-civ-spouse,Craft-repair,Husband,White,Male,0,0,40,United-States,>50K
27,Private,106758,HS-grad,9,Divorced,Adm-clerical,Unmarried,White,Female,0,0,45,United-States,<=50K
50,Private,92811,Bachelors,13,Married-civ-spouse,Tech-support,Husband,White,Male,0,0,40,United-States,<=50K
21,,170070,Some-college,10,Never-married,,Not-in-family,White,Female,0,0,10,United-States,<=50K
57,Federal-gov,223892,Bachelors,13,Married-civ-spouse,Exec-managerial,Wife,White,Female,0,0,40,United-States,>50K
31,Private,111567,Bachelors,13,Married-civ-spouse,Exec-managerial,Husband,White,Male,0,0,70,United-States,>50K
27,Private,109997,HS-grad,9,Divorced,Other-service,Not-in-family,White,Female,0,0,40,United-States,<=50K
52,Self-emp-not-inc,100480,HS-grad,9,Divorced,Craft-repair,Not-in-family,White,Male,0,0,44,United-States,<=50K
29,Private,204984,HS-grad,9,Married-civ-spouse,Craft-repair,Husband,White,Male,0,0,40,United-States,>50K
26,State-gov,152457,HS-grad,9,Never-married,Protective-serv,Not-in-family,White,Male,0,0,40,United-States,<=50K
42,Private,127314,Bachelors,13,Married-civ-spouse,Tech-support,Husband,White,Male,0,0,45,United-States,>50K
44,Private,52028,1st-4th,2,Married-civ-spouse,Other-service,Wife,Asian-Pac-Islander,Female,0,0,40,Vietnam,<=50K
22,Self-emp-inc,269583,7th-8th,4,Married-civ-spouse,Craft-repair,Husband,White,Male,2580,0,40,United-States,<=50K
36,Private,135289,Bachelors,13,Married-civ-spouse,Craft-repair,Husband,White,Male,0,0,48,United-States,>50K
49,Private,94215,12th,8,Divorced,Machine-op-inspct,Not-in-family,White,Female,0,0,40,United-States,<=50K
24,Private,403107,Preschool,1,Never-married,Adm-clerical,Not-in-family,White,Male,0,0,40,Mexico,<=50K
47,Private,386136,HS-grad,9,Married-civ-spouse,Transport-moving,Husband,White,Male,0,0,35,United-States,<=50K
29,Private,228346,Assoc-voc,11,Never-married,Craft-repair,Not-in-family,White,Male,0,0,50,United-States,<=50K
25,Private,74977,Some-college,10,Married-civ-spouse,Adm-clerical,Wife,White,Female,0,0,40,United-States,<=50K
37,Private,174329,Some-college,10,Never-married,Other-service,Own-child,White,Male,0,0,20,United-States,<=50K
32,Private,159589,HS-grad,9,Never-married,Handlers-cleaners,Own-child,White,Male,0,0,50,United-States,<=50K
37,Private,308691,Bachelors,13,Married-civ-spouse,Craft-repair,Husband,White,Male,0,0,45,United-States,>50K
36,State-gov,170861,HS-grad,9,Separated,Other-service,Own-child,White,Female,0,0,32,United-States,<=50K
31,State-gov,161631,Some-college,10,Divorced,Adm-clerical,Unmarried,White,Female,0,0,40,United-States,<=50K
35,Federal-gov,20469,Some-college,10,Divorced,Exec-managerial,Unmarried,Asian-Pac-Islander,Female,0,0,40,Philippines,<=50K
40,Private,343068,Masters,14,Never-married,Prof-specialty,Not-in-family,White,Female,0,0,55,United-States,<=50K
41,Private,175674,Some-college,10,Married-civ-spouse,Sales,Husband,White,Male,0,0,40,United-States,>50K
41,Private,210259,Some-college,10,Divorced,Adm-clerical,Unmarried,Black,Female,0,0,37,United-States,<=50K
20,Private,190290,Some-college,10,Never-married,Transport-moving,Own-child,White,Male,0,1602,40,United-States,<=50K
38,Private,190895,Bachelors,13,Married-civ-spouse,Exec-managerial,Husband,White,Male,7298,0,50,United-States,>50K
45,Private,90758,Bachelors,13,Married-civ-spouse,Exec-managerial,Husband,White,Male,0,0,55,United-States,>50K
49,Self-emp-not-inc,181547,Assoc-acdm,12,Married-civ-spouse,Craft-repair,Husband,White,Male,0,0,30,Columbia,<=50K
35,Private,172571,Assoc-voc,11,Divorced,Transport-moving,Not-in-family,White,Male,0,0,50,United-States,<=50K
36,Private,408229,Bachelors,13,Never-married,Prof-specialty,Not-in-family,White,Female,0,0,32,United-States,<=50K
40,Local-gov,108765,HS-grad,9,Married-civ-spouse,Adm-clerical,Wife,Amer-Indian-Eskimo,Female,0,0,40,United-States,<=50K
42,Federal-gov,178470,HS-grad,9,Divorced,Adm-clerical,Not-in-family,White,Female,0,0,40,United-States,<=50K
20,State-gov,340475,Some-college,10,Never-married,Adm-clerical,Own-child,White,Female,0,0,10,United-States,<=50K
52,Private,111192,Some-college,10,Married-civ-spouse,Machine-op-inspct,Husband,Amer-Indian-Eskimo,Male,0,0,40,United-States,<=50K
33,Private,252646,Masters,14,Married-civ-spouse,Exec-managerial,Husband,White,Male,0,0,55,United-States,>50K
29,Private,66172,Some-college,10,Separated,Adm-clerical,Not-in-family,White,Female,0,0,40,United-States,<=50K
27,Self-emp-not-inc,120126,Some-college,10,Married-civ-spouse,Exec-managerial,Husband,White,Male,0,0,40,United-States,<=50K
22,State-gov,262819,Some-college,10,Never-married,Adm-clerical,Not-in-family,White,Female,0,0,40,United-States,<=50K
20,Private,219835,Some-college,10,Never-married,Sales,Own-child,White,Male,0,0,30,,<=50K
43,Private,178417,Bachelors,13,Divorced,Prof-specialty,Not-in-family,White,Male,0,0,40,United-States,<=50K
33,State-gov,163110,Bachelors,13,Never-married,Prof-specialty,Not-in-family,White,Male,0,0,20,United-States,<=50K
57,Private,34269,HS-grad,9,Widowed,Transport-moving,Unmarried,White,Male,0,653,42,United-States,>50K
53,Self-emp-inc,233149,Assoc-acdm,12,Married-civ-spouse,Transport-moving,Husband,White,Male,0,0,45,United-States,>50K
23,Private,35633,HS-grad,9,Married-civ-spouse,Handlers-cleaners,Husband,White,Male,0,0,40,United-States,<=50K
27,Private,186454,Bachelors,13,Never-married,Prof-specialty,Not-in-family,Asian-Pac-Islander,Male,13550,0,40,United-States,>50K
40,State-gov,67874,Masters,14,Married-civ-spouse,Prof-specialty,Husband,White,Male,0,0,58,United-States,<=50K
37,Private,73471,Bachelors,13,Married-civ-spouse,Exec-managerial,Husband,White,Male,0,1887,47,United-States,>50K
31,Local-gov,253456,Some-college,10,Married-civ-spouse,Protective-serv,Husband,White,Male,0,0,40,United-States,>50K
31,Private,56026,HS-grad,9,Married-civ-spouse,Craft-repair,Husband,White,Male,0,0,40,United-States,<=50K
21,Private,149637,Some-college,10,Never-married,Other-service,Not-in-family,White,Female,0,0,40,United-States,<=50K
24,Local-gov,84257,Bachelors,13,Never-married,Prof-specialty,Not-in-family,White,Male,0,0,50,United-States,<=50K
52,Private,284329,Some-college,10,Married-civ-spouse,Craft-repair,Husband,White,Male,0,0,45,United-States,>50K
58,Private,205896,HS-grad,9,Divorced,Sales,Other-relative,White,Female,0,0,40,United-States,<=50K
58,State-gov,69579,Some-college,10,Widowed,Prof-specialty,Not-in-family,White,Female,0,0,20,United-States,<=50K
44,Private,98466,10th,6,Never-married,Farming-fishing,Unmarried,White,Male,0,0,35,United-States,<=50K
50,Local-gov,226497,Some-college,10,Married-civ-spouse,Protective-serv,Husband,White,Male,0,0,52,United-States,>50K
55,Self-emp-not-inc,150917,7th-8th,4,Married-civ-spouse,Sales,Husband,White,Male,0,0,80,United-States,<=50K
34,Private,191834,Assoc-voc,11,Married-civ-spouse,Craft-repair,Husband,White,Male,0,0,48,United-States,<=50K
45,Private,204205,7th-8th,4,Divorced,Machine-op-inspct,Not-in-family,White,Male,0,0,48,United-States,<=50K
25,Private,218667,HS-grad,9,Married-civ-spouse,Handlers-cleaners,Husband,White,Male,0,0,40,United-States,<=50K
34,Private,215857,HS-grad,9,Never-married,Machine-op-inspct,Not-in-family,Amer-Indian-Eskimo,Male,0,0,40,Mexico,<=50K
36,Private,355856,5th-6th,3,Never-married,Other-service,Not-in-family,Asian-Pac-Islander,Male,0,0,40,China,<=50K
28,Self-emp-not-inc,155621,Some-college,10,Never-married,Craft-repair,Own-child,White,Male,0,0,50,Columbia,<=50K
41,Private,425049,HS-grad,9,Married-civ-spouse,Transport-moving,Husband,White,Male,0,0,50,United-States,>50K
57,Private,142076,HS-grad,9,Married-civ-spouse,Machine-op-inspct,Husband,White,Male,4386,0,40,United-States,>50K
23,Private,176486,Some-college,10,Never-married,Other-service,Other-relative,White,Female,0,0,25,United-States,<=50K
18,Private,208103,11th,7,Never-married,Other-service,Other-relative,White,Male,0,0,25,United-States,<=50K
40,Self-emp-inc,45054,Some-college,10,Married-civ-spouse,Transport-moving,Husband,White,Male,0,0,40,United-States,>50K
17,Private,96282,10th,6,Never-married,Other-service,Own-child,White,Male,0,0,14,United-States,<=50K
22,Private,254351,HS-grad,9,Married-civ-spouse,Protective-serv,Own-child,White,Male,0,0,40,United-States,<=50K
26,Private,276967,Some-college,10,Married-civ-spouse,Sales,Husband,White,Male,0,0,40,United-States,<=50K
30,Private,29522,Some-college,10,Married-civ-spouse,Sales,Wife,White,Female,0,0,40,United-States,<=50K
19,Private,328167,HS-grad,9,Never-married,Other-service,Own-child,White,Male,0,0,35,United-States,<=50K
55,Private,24694,Some-college,10,Divorced,Prof-specialty,Not-in-family,White,Female,0,0,40,United-States,<=50K
37,Private,136028,Assoc-voc,11,Married-civ-spouse,Other-service,Husband,White,Male,0,0,40,United-States,<=50K
58,Self-emp-not-inc,129786,HS-grad,9,Separated,Farming-fishing,Not-in-family,White,Male,0,0,50,United-States,<=50K
33,Private,198660,Bachelors,13,Married-civ-spouse,Sales,Husband,White,Male,0,0,50,United-States,<=50K
61,Self-emp-not-inc,127198,HS-grad,9,Married-civ-spouse,Craft-repair,Husband,White,Male,0,0,40,Germany,<=50K
24,Private,39615,Bachelors,13,Never-married,Sales,Not-in-family,White,Male,0,0,45,United-States,<=50K
21,State-gov,185554,Some-college,10,Never-married,Other-service,Own-child,White,Female,0,0,11,United-States,<=50K
35,Private,193961,Bachelors,13,Married-civ-spouse,Prof-specialty,Husband,Asian-Pac-Islander,Male,0,0,40,Philippines,>50K
32,Private,190511,Some-college,10,Married-civ-spouse,Exec-managerial,Husband,White,Male,0,0,40,United-States,>50K
18,Private,251923,11th,7,Never-married,Sales,Own-child,White,Female,0,0,15,United-States,<=50K
66,Self-emp-not-inc,219220,HS-grad,9,Married-civ-spouse,Farming-fishing,Husband,White,Male,2653,0,40,United-States,<=50K
27,Private,29523,10th,6,Married-civ-spouse,Handlers-cleaners,Husband,White,Male,0,0,40,United-States,<=50K
29,Private,157941,Bachelors,13,Never-married,Tech-support,Not-in-family,White,Male,0,0,40,United-States,<=50K
29,Private,166210,Some-college,10,Divorced,Tech-support,Not-in-family,White,Male,0,0,55,United-States,<=50K
87,,97295,HS-grad,9,Widowed,,Not-in-family,White,Female,0,0,3,United-States,<=50K
22,Private,305781,HS-grad,9,Never-married,Sales,Not-in-family,White,Male,0,0,45,Canada,<=50K
72,Self-emp-not-inc,112658,HS-grad,9,Married-civ-spouse,Farming-fishing,Husband,White,Male,2653,0,42,United-States,<=50K
37,Private,202950,Some-college,10,Never-married,Handlers-cleaners,Own-child,White,Male,0,0,40,United-States,<=50K
42,Self-emp-not-inc,24763,Doctorate,16,Married-civ-spouse,Prof-specialty,Husband,White,Male,15024,0,40,United-States,>50K
21,Private,82061,5th-6th,3,Never-married,Craft-repair,Not-in-family,Other,Male,0,0,32,Mexico,<=50K
44,Private,129100,11th,7,Separated,Other-service,Unmarried,Black,Female,0,0,60,United-States,<=50K
25,Private,332702,Assoc-voc,11,Never-married,Other-service,Own-child,White,Female,0,0,15,United-States,<=50K
46,Self-emp-not-inc,233974,HS-grad,9,Married-civ-spouse,Farming-fishing,Husband,White,Male,0,0,35,United-States,<=50K
34,Private,182177,HS-grad,9,Divorced,Craft-repair,Not-in-family,White,Male,3325,0,35,United-States,<=50K
57,Local-gov,143910,Bachelors,13,Divorced,Exec-managerial,Not-in-family,White,Male,0,0,40,United-States,<=50K
21,Private,219086,HS-grad,9,Never-married,Other-service,Own-child,White,Male,0,0,35,United-States,<=50K
38,Private,131461,9th,5,Married-civ-spouse,Other-service,Wife,Black,Female,0,0,24,Haiti,<=50K
41,Private,204410,HS-grad,9,Married-civ-spouse,Craft-repair,Husband,White,Male,0,1485,44,United-States,>50K
31,Private,302679,HS-grad,9,Married-civ-spouse,Craft-repair,Husband,White,Male,0,0,40,United-States,<=50K
70,Local-gov,127463,HS-grad,9,Married-civ-spouse,Sales,Husband,White,Male,0,0,40,United-States,<=50K
27,Private,275110,HS-grad,9,Married-civ-spouse,Handlers-cleaners,Husband,Black,Male,0,0,80,United-States,>50K
63,Private,151210,7th-8th,4,Divorced,Sales,Not-in-family,White,Female,0,0,40,United-States,<=50K
47,Private,202117,HS-grad,9,Divorced,Sales,Not-in-family,White,Female,0,0,37,United-States,<=50K
36,Private,338033,Some-college,10,Divorced,Sales,Unmarried,White,Female,0,0,40,United-States,<=50K
61,Private,160143,HS-grad,9,Married-civ-spouse,Sales,Husband,White,Male,15024,0,45,United-States,>50K
26,Local-gov,190350,Bachelors,13,Never-married,Prof-specialty,Own-child,Black,Female,0,0,35,United-States,<=50K
57,Private,161964,HS-grad,9,Married-civ-spouse,Craft-repair,Husband,White,Male,0,0,55,United-States,<=50K
68,,146645,Doctorate,16,Married-civ-spouse,,Husband,White,Male,20051,0,50,United-States,>50K
25,Private,222089,HS-grad,9,Never-married,Other-service,Unmarried,Black,Female,0,0,40,Thailand,<=50K
20,Private,274545,Some-college,10,Never-married,Adm-clerical,Own-child,White,Female,0,0,10,United-States,<=50K
25,Local-gov,197822,Bachelors,13,Never-married,Prof-specialty,Own-child,White,Female,0,0,40,United-States,<=50K
28,Private,61435,HS-grad,9,Married-civ-spouse,Craft-repair,Husband,White,Male,0,0,45,United-States,<=50K
38,Private,29874,Assoc-voc,11,Married-civ-spouse,Craft-repair,Husband,White,Male,0,0,40,United-States,<=50K
31,Private,156464,10th,6,Divorced,Other-service,Not-in-family,White,Male,0,0,40,United-States,<=50K
55,Private,160303,HS-grad,9,Widowed,Adm-clerical,Other-relative,White,Female,0,0,40,United-States,<=50K
32,Local-gov,209900,Bachelors,13,Married-civ-spouse,Prof-specialty,Husband,White,Male,0,0,65,United-States,>50K
41,Private,34037,HS-grad,9,Never-married,Handlers-cleaners,Not-in-family,White,Male,0,0,40,United-States,<=50K
36,Local-gov,196529,Masters,14,Married-civ-spouse,Prof-specialty,Wife,White,Female,0,0,40,United-States,>50K
47,Federal-gov,204900,HS-grad,9,Married-civ-spouse,Prof-specialty,Wife,Black,Female,0,0,40,United-States,<=50K
28,Private,203710,Bachelors,13,Never-married,Machine-op-inspct,Not-in-family,White,Male,0,0,40,United-States,<=50K
17,Private,202344,10th,6,Never-married,Other-service,Own-child,White,Male,0,0,25,United-States,<=50K
53,Private,311269,HS-grad,9,Divorced,Other-service,Not-in-family,White,Female,0,0,40,United-States,<=50K
40,State-gov,175304,Some-college,10,Divorced,Sales,Not-in-family,White,Female,0,0,40,United-States,<=50K
24,Private,311311,Bachelors,13,Never-married,Machine-op-inspct,Not-in-family,White,Male,0,0,65,United-States,<=50K
19,Private,198320,HS-grad,9,Never-married,Other-service,Not-in-family,White,Female,0,0,45,United-States,<=50K
47,Private,185254,5th-6th,3,Never-married,Priv-house-serv,Own-child,White,Female,0,0,40,El-Salvador,<=50K
25,Private,206343,HS-grad,9,Never-married,Protective-serv,Other-relative,White,Male,0,0,40,United-States,<=50K
31,Private,194752,HS-grad,9,Never-married,Exec-managerial,Unmarried,Black,Female,0,0,45,United-States,<=50K
37,Private,269323,Bachelors,13,Married-civ-spouse,Prof-specialty,Husband,White,Male,0,0,55,United-States,>50K
31,Private,271162,11th,7,Never-married,Exec-managerial,Own-child,White,Male,0,0,40,United-States,<=50K
46,State-gov,27802,Assoc-acdm,12,Married-civ-spouse,Tech-support,Husband,White,Male,0,0,38,United-States,>50K
38,Private,157473,Assoc-voc,11,Married-civ-spouse,Prof-specialty,Husband,White,Male,0,0,48,United-States,<=50K
59,Private,322691,Masters,14,Married-civ-spouse,Prof-specialty,Husband,White,Male,0,0,50,United-States,>50K
44,Private,171256,Assoc-acdm,12,Divorced,Machine-op-inspct,Own-child,White,Female,0,0,45,United-States,<=50K
33,Private,226629,Some-college,10,Never-married,Exec-managerial,Own-child,White,Female,0,0,40,United-States,<=50K
42,Private,27444,Some-college,10,Married-spouse-absent,Prof-specialty,Not-in-family,White,Male,0,0,40,United-States,>50K
19,Private,344414,Some-college,10,Never-married,Transport-moving,Own-child,White,Male,0,0,40,United-States,<=50K
20,,156916,Some-college,10,Never-married,,Own-child,Black,Female,0,0,40,United-States,<=50K
40,Private,70761,Assoc-acdm,12,Never-married,Tech-support,Not-in-family,Black,Male,0,0,40,United-States,<=50K
44,Self-emp-not-inc,277783,Masters,14,Never-married,Farming-fishing,Own-child,White,Male,0,0,99,United-States,<=50K
41,Private,590204,Masters,14,Married-civ-spouse,Prof-specialty,Wife,White,Female,15024,0,40,United-States,>50K
36,Private,154410,Bachelors,13,Married-civ-spouse,Sales,Husband,White,Male,0,1902,40,United-States,>50K
47,Local-gov,203067,Bachelors,13,Divorced,Prof-specialty,Not-in-family,White,Male,0,0,50,United-States,<=50K
39,Private,187847,HS-grad,9,Divorced,Machine-op-inspct,Own-child,White,Male,0,0,50,United-States,<=50K
43,Private,160674,HS-grad,9,Divorced,Exec-managerial,Unmarried,White,Female,0,0,40,United-States,<=50K
20,Private,123007,HS-grad,9,Never-married,Adm-clerical,Other-relative,White,Male,0,2001,30,United-States,<=50K
44,Private,151985,Masters,14,Married-civ-spouse,Exec-managerial,Wife,White,Female,0,0,24,United-States,>50K
48,Federal-gov,328606,HS-grad,9,Divorced,Handlers-cleaners,Not-in-family,White,Male,0,0,40,United-States,<=50K
19,Private,291181,HS-grad,9,Never-married,Sales,Other-relative,White,Female,0,0,28,Mexico,<=50K
30,Private,174201,Some-college,10,Never-married,Craft-repair,Own-child,White,Male,0,0,40,United-States,<=50K
59,Private,47444,Some-college,10,Married-civ-spouse,Transport-moving,Husband,White,Male,0,0,74,United-States,>50K
28,Private,150296,Assoc-acdm,12,Never-married,Other-service,Not-in-family,White,Female,0,0,80,United-States,<=50K
34,Private,304030,HS-grad,9,Married-civ-spouse,Adm-clerical,Husband,Black,Male,0,0,40,United-States,<=50K
29,Private,46442,Bachelors,13,Married-civ-spouse,Prof-specialty,Wife,White,Female,0,1902,50,United-States,>50K
27,Private,194590,Assoc-acdm,12,Married-civ-spouse,Adm-clerical,Wife,Black,Female,0,0,25,United-States,<=50K
48,Private,131762,HS-grad,9,Never-married,Other-service,Not-in-family,White,Female,0,0,30,United-States,<=50K
54,Private,145548,HS-grad,9,Married-civ-spouse,Craft-repair,Husband,White,Male,0,0,40,United-States,<=50K
35,Private,268661,Some-college,10,Married-civ-spouse,Sales,Husband,White,Male,0,0,50,United-States,<=50K
53,Private,113995,Bachelors,13,Married-civ-spouse,Exec-managerial,Husband,White,Male,0,0,45,United-States,>50K
64,,257790,HS-grad,9,Divorced,,Unmarried,White,Female,0,0,38,United-States,<=50K
32,State-gov,438711,Some-college,10,Married-civ-spouse,Prof-specialty,Wife,Black,Female,0,0,40,United-States,<=50K
19,Private,136405,Assoc-voc,11,Never-married,Other-service,Own-child,White,Female,0,0,20,United-States,<=50K
44,Private,171722,HS-grad,9,Separated,Other-service,Unmarried,White,Female,0,0,39,United-States,<=50K
42,Self-emp-inc,557349,Bachelors,13,Married-civ-spouse,Exec-managerial,Husband,White,Male,0,0,70,United-States,<=50K
54,Private,338089,Masters,14,Separated,Exec-managerial,Not-in-family,White,Male,0,0,40,United-States,<=50K
48,Private,236858,11th,7,Divorced,Other-service,Not-in-family,White,Female,0,0,31,United-States,<=50K
48,Private,102359,Bachelors,13,Married-civ-spouse,Exec-managerial,Husband,White,Male,7298,0,60,United-States,>50K
47,Private,112362,10th,6,Married-civ-spouse,Sales,Husband,White,Male,0,0,40,United-States,<=50K
19,,45643,Some-college,10,Never-married,,Own-child,White,Female,0,0,25,United-States,<=50K
23,Private,134446,HS-grad,9,Separated,Machine-op-inspct,Unmarried,Black,Male,0,0,54,United-States,<=50K
31,Private,197886,Some-college,10,Married-civ-spouse,Sales,Husband,White,Male,15024,0,45,United-States,>50K
69,Self-emp-not-inc,187332,Prof-school,15,Married-civ-spouse,Prof-specialty,Husband,White,Male,20051,0,45,United-States,>50K
41,Private,108713,10th,6,Never-married,Sales,Own-child,White,Female,0,0,40,United-States,<=50K
49,Private,162264,HS-grad,9,Never-married,Machine-op-inspct,Not-in-family,Black,Male,0,0,40,United-States,<=50K
28,Private,129624,Bachelors,13,Married-civ-spouse,Sales,Husband,White,Male,0,0,45,Cambodia,<=50K
21,Private,34816,Assoc-voc,11,Married-civ-spouse,Adm-clerical,Wife,White,Female,0,0,12,United-States,<=50K
25,Private,197036,10th,6,Never-married,Craft-repair,Own-child,White,Male,0,0,40,United-States,<=50K
47,Self-emp-inc,192894,Bachelors,13,Married-civ-spouse,Exec-managerial,Husband,White,Male,0,1902,45,United-States,>50K
52,Private,301229,Assoc-voc,11,Separated,Sales,Unmarried,White,Female,0,0,40,United-States,<=50K
47,Private,170846,Assoc-acdm,12,Married-civ-spouse,Adm-clerical,Wife,White,Female,0,0,40,Italy,>50K
51,Self-emp-not-inc,318351,Assoc-acdm,12,Married-civ-spouse,Prof-specialty,Wife,White,Female,0,0,30,Canada,>50K
35,Private,209214,HS-grad,9,Married-civ-spouse,Adm-clerical,Wife,White,Female,4386,0,35,United-States,>50K
64,Private,170645,5th-6th,3,Married-civ-spouse,Machine-op-inspct,Husband,White,Male,2105,0,40,United-States,<=50K
22,Private,56582,HS-grad,9,Never-married,Farming-fishing,Not-in-family,White,Male,0,0,50,United-States,<=50K
30,Private,423311,HS-grad,9,Married-AF-spouse,Machine-op-inspct,Husband,Black,Male,0,0,40,United-States,<=50K
60,Local-gov,93272,HS-grad,9,Married-civ-spouse,Other-service,Husband,White,Male,0,0,40,United-States,<=50K
27,,168347,HS-grad,9,Separated,,Unmarried,Black,Female,0,0,40,United-States,<=50K
51,,175985,HS-grad,9,Married-civ-spouse,,Husband,White,Male,0,0,40,United-States,<=50K
17,,219277,11th,7,Never-married,,Own-child,White,Female,0,0,20,United-States,<=50K
38,Private,22245,Masters,14,Married-civ-spouse,Transport-moving,Husband,White,Male,0,0,72,,>50K
31,Self-emp-not-inc,113752,Some-college,10,Married-civ-spouse,Craft-repair,Husband,White,Male,0,0,50,United-States,<=50K
23,Private,216672,Bachelors,13,Never-married,Exec-managerial,Own-child,White,Male,0,0,30,,<=50K
27,Self-emp-inc,186733,HS-grad,9,Never-married,Exec-managerial,Not-in-family,White,Male,0,0,50,United-States,<=50K
53,Private,76128,HS-grad,9,Divorced,Craft-repair,Not-in-family,Other,Male,0,0,60,Ecuador,<=50K
46,Private,130779,Some-college,10,Married-civ-spouse,Adm-clerical,Husband,White,Male,0,0,40,United-States,<=50K
55,Self-emp-not-inc,204502,HS-grad,9,Married-civ-spouse,Sales,Husband,White,Male,0,0,35,United-States,<=50K
17,Private,228399,11th,7,Never-married,Other-service,Own-child,White,Female,0,0,7,United-States,<=50K
26,Self-emp-not-inc,263300,Assoc-acdm,12,Married-civ-spouse,Farming-fishing,Husband,White,Male,0,0,75,United-States,<=50K
47,Private,198769,Some-college,10,Never-married,Adm-clerical,Not-in-family,White,Female,0,0,40,United-States,>50K
39,Private,70240,Some-college,10,Married-civ-spouse,Sales,Wife,Asian-Pac-Islander,Female,0,0,40,Philippines,<=50K
47,Private,181652,HS-grad,9,Married-civ-spouse,Machine-op-inspct,Wife,White,Female,0,0,40,United-States,<=50K
42,Private,145441,HS-grad,9,Married-civ-spouse,Exec-managerial,Husband,White,Male,0,0,50,United-States,>50K
27,Private,200802,Some-college,10,Never-married,Tech-support,Not-in-family,White,Female,0,0,40,United-States,<=50K
46,Private,198774,Masters,14,Divorced,Exec-managerial,Unmarried,White,Female,0,323,45,United-States,<=50K
30,,33811,Bachelors,13,Married-civ-spouse,,Wife,Other,Female,0,0,40,Taiwan,>50K
66,,249043,11th,7,Married-civ-spouse,,Husband,White,Male,0,0,40,United-States,>50K
57,Self-emp-not-inc,771836,Assoc-acdm,12,Divorced,Prof-specialty,Unmarried,White,Male,0,0,40,United-States,<=50K
34,Private,181091,HS-grad,9,Married-civ-spouse,Craft-repair,Husband,White,Male,7688,0,40,United-States,>50K
21,Private,351381,HS-grad,9,Never-married,Adm-clerical,Own-child,White,Female,0,0,40,United-States,<=50K
33,Private,511517,HS-grad,9,Married-civ-spouse,Prof-specialty,Husband,White,Male,0,0,40,United-States,<=50K
26,Local-gov,288781,Bachelors,13,Never-married,Adm-clerical,Not-in-family,White,Male,0,0,42,United-States,<=50K
30,Federal-gov,243233,Some-college,10,Married-civ-spouse,Armed-Forces,Husband,White,Male,0,0,48,United-States,>50K
35,Private,142282,Some-college,10,Separated,Other-service,Unmarried,White,Female,0,0,25,United-States,<=50K
40,Private,195892,Some-college,10,Divorced,Transport-moving,Not-in-family,Black,Female,0,0,40,United-States,<=50K
36,Private,126675,Bachelors,13,Married-civ-spouse,Craft-repair,Husband,White,Male,0,0,35,United-States,<=50K
41,Local-gov,112797,Masters,14,Divorced,Prof-specialty,Unmarried,White,Female,0,0,60,United-States,<=50K
43,Local-gov,108945,Bachelors,13,Divorced,Prof-specialty,Unmarried,White,Female,0,0,48,United-States,<=50K
21,State-gov,38251,Some-college,10,Never-married,Tech-support,Own-child,White,Female,0,0,20,United-States,<=50K
56,Private,101436,HS-grad,9,Divorced,Adm-clerical,Other-relative,Amer-Indian-Eskimo,Female,0,0,35,United-States,<=50K
17,,27251,11th,7,Widowed,,Own-child,White,Male,0,0,40,United-States,<=50K
54,Private,155233,Bachelors,13,Never-married,Adm-clerical,Not-in-family,White,Female,14084,0,40,United-States,>50K
20,Private,88676,HS-grad,9,Never-married,Handlers-cleaners,Own-child,White,Male,0,0,40,United-States,<=50K
60,Private,232337,7th-8th,4,Divorced,Machine-op-inspct,Not-in-family,White,Male,0,0,40,United-States,<=50K
60,Self-emp-not-inc,176360,Bachelors,13,Married-civ-spouse,Exec-managerial,Husband,White,Male,0,0,50,United-States,>50K
53,Private,89400,Some-college,10,Widowed,Exec-managerial,Unmarried,White,Female,0,0,40,United-States,<=50K
35,Private,85399,HS-grad,9,Never-married,Machine-op-inspct,Not-in-family,White,Female,0,0,40,United-States,<=50K
44,Private,160574,HS-grad,9,Married-civ-spouse,Craft-repair,Husband,White,Male,0,0,65,United-States,>50K
37,Local-gov,188391,Assoc-acdm,12,Divorced,Other-service,Unmarried,White,Male,0,0,60,United-States,>50K
31,Local-gov,279231,Assoc-voc,11,Divorced,Transport-moving,Not-in-family,White,Male,0,0,40,United-States,<=50K
41,State-gov,75409,Bachelors,13,Married-civ-spouse,Prof-specialty,Wife,White,Female,0,0,40,United-States,>50K
48,Private,103406,Bachelors,13,Married-civ-spouse,Tech-support,Husband,White,Male,0,0,35,United-States,>50K
45,Private,347993,7th-8th,4,Married-civ-spouse,Craft-repair,Husband,White,Male,0,0,44,Mexico,<=50K
43,Private,188436,Assoc-voc,11,Divorced,Prof-specialty,Not-in-family,White,Male,0,0,48,United-States,<=50K
51,Local-gov,108435,Masters,14,Married-civ-spouse,Prof-specialty,Husband,White,Male,0,0,80,United-States,>50K
41,Private,115562,HS-grad,9,Divorced,Protective-serv,Own-child,White,Male,0,0,40,United-States,<=50K
22,Local-gov,111697,Bachelors,13,Never-married,Adm-clerical,Own-child,White,Female,0,0,30,United-States,<=50K
23,Private,91733,Bachelors,13,Never-married,Tech-support,Own-child,White,Female,3325,0,40,United-States,<=50K
37,Private,224406,Some-college,10,Married-civ-spouse,Craft-repair,Husband,White,Male,0,0,40,United-States,<=50K
31,Private,63861,HS-grad,9,Divorced,Sales,Not-in-family,White,Female,0,0,34,United-States,<=50K
26,Federal-gov,48853,Masters,14,Never-married,Tech-support,Not-in-family,White,Female,0,0,40,Cuba,<=50K
59,Self-emp-inc,171355,Masters,14,Divorced,Prof-specialty,Unmarried,White,Male,0,0,55,United-States,<=50K
65,Self-emp-inc,81413,HS-grad,9,Married-civ-spouse,Farming-fishing,Husband,White,Male,0,2352,65,United-States,<=50K
35,Private,115792,Bachelors,13,Married-civ-spouse,Prof-specialty,Husband,White,Male,0,0,55,United-States,<=50K
34,Private,260560,HS-grad,9,Married-civ-spouse,Exec-managerial,Husband,White,Male,0,0,50,United-States,<=50K
36,Private,155537,HS-grad,9,Married-civ-spouse,Craft-repair,Husband,White,Male,0,0,40,United-States,<=50K
33,Private,251117,5th-6th,3,Married-civ-spouse,Machine-op-inspct,Husband,White,Male,0,0,40,Mexico,<=50K
22,,269221,Assoc-acdm,12,Never-married,,Own-child,White,Male,0,0,40,United-States,<=50K
31,Private,66278,Some-college,10,Married-civ-spouse,Prof-specialty,Wife,White,Female,3908,0,40,United-States,<=50K
24,Private,145964,Bachelors,13,Never-married,Exec-managerial,Unmarried,White,Male,0,0,40,United-States,>50K
33,Private,97723,HS-grad,9,Married-civ-spouse,Transport-moving,Husband,White,Male,0,1887,50,United-States,>50K
40,Private,163434,HS-grad,9,Never-married,Craft-repair,Not-in-family,White,Male,0,0,50,United-States,<=50K
27,Private,307724,Some-college,10,Never-married,Adm-clerical,Not-in-family,White,Female,0,0,40,,<=50K
45,Private,189225,HS-grad,9,Never-married,Other-service,Unmarried,Black,Female,0,0,40,United-States,<=50K
40,Private,187294,HS-grad,9,Married-civ-spouse,Exec-managerial,Husband,White,Male,0,0,40,United-States,>50K
36,Private,292380,Some-college,10,Married-civ-spouse,Exec-managerial,Husband,Black,Male,0,0,10,United-States,<=50K
43,Private,303155,Bachelors,13,Married-civ-spouse,Exec-managerial,Husband,White,Male,0,0,50,United-States,>50K
68,Private,171933,7th-8th,4,Married-civ-spouse,Craft-repair,Husband,White,Male,0,0,40,United-States,<=50K
28,Private,55360,HS-grad,9,Never-married,Sales,Other-relative,Black,Male,0,0,40,United-States,<=50K
31,Private,403468,Some-college,10,Separated,Other-service,Unmarried,White,Female,0,0,50,Mexico,<=50K
21,Private,228395,Some-college,10,Never-married,Sales,Other-relative,Black,Female,0,0,20,United-States,<=50K
29,Private,365328,Some-college,10,Married-civ-spouse,Sales,Wife,White,Female,0,0,40,United-States,<=50K
30,Private,194827,Some-college,10,Married-civ-spouse,Craft-repair,Husband,White,Male,0,1740,40,United-States,<=50K
57,Private,170287,Masters,14,Married-civ-spouse,Tech-support,Husband,White,Male,0,0,40,United-States,>50K
35,Private,226311,Bachelors,13,Never-married,Sales,Not-in-family,White,Female,0,0,40,United-States,<=50K
59,Private,151977,10th,6,Separated,Priv-house-serv,Not-in-family,Black,Female,0,0,30,United-States,<=50K
33,Private,194901,HS-grad,9,Married-civ-spouse,Craft-repair,Husband,White,Male,0,0,45,United-States,<=50K
48,,266337,HS-grad,9,Married-civ-spouse,,Husband,White,Male,0,0,40,United-States,<=50K
30,Private,96480,Assoc-voc,11,Never-married,Adm-clerical,Own-child,White,Female,0,0,32,United-States,<=50K
23,,234108,Bachelors,13,Never-married,,Not-in-family,White,Male,0,0,35,United-States,<=50K
60,Private,240521,HS-grad,9,Married-civ-spouse,Craft-repair,Husband,White,Male,7298,0,40,United-States,>50K
41,Private,122381,Some-college,10,Married-civ-spouse,Craft-repair,Husband,White,Male,0,1887,50,United-States,>50K
32,Private,133503,HS-grad,9,Married-civ-spouse,Adm-clerical,Husband,White,Male,0,0,40,United-States,<=50K
65,,149049,HS-grad,9,Married-civ-spouse,,Husband,White,Male,0,0,40,United-States,<=50K
51,Without-pay,124963,Assoc-acdm,12,Married-civ-spouse,Sales,Husband,White,Male,0,0,45,United-States,<=50K
50,Private,204518,7th-8th,4,Divorced,Craft-repair,Not-in-family,White,Male,0,0,40,United-States,<=50K
37,Self-emp-not-inc,183735,HS-grad,9,Married-civ-spouse,Prof-specialty,Husband,White,Male,3137,0,30,United-States,<=50K
41,Private,331651,Prof-school,15,Married-civ-spouse,Exec-managerial,Wife,White,Female,0,0,50,Japan,>50K
65,Private,87164,11th,7,Widowed,Sales,Other-relative,White,Female,0,0,20,United-States,<=50K
18,Private,131033,11th,7,Never-married,Other-service,Other-relative,Black,Male,0,0,15,United-States,<=50K
46,Local-gov,359193,Some-college,10,Divorced,Adm-clerical,Unmarried,White,Female,0,0,45,United-States,<=50K
35,Private,233786,11th,7,Separated,Other-service,Unmarried,White,Male,0,0,20,United-States,<=50K
51,Self-emp-inc,162943,Prof-school,15,Married-civ-spouse,Prof-specialty,Husband,White,Male,0,0,40,United-States,>50K
39,Private,166744,HS-grad,9,Never-married,Other-service,Own-child,White,Female,0,0,38,United-States,<=50K
30,Private,137606,HS-grad,9,Married-civ-spouse,Transport-moving,Husband,White,Male,5013,0,40,United-States,<=50K
60,Private,113440,Bachelors,13,Divorced,Exec-managerial,Own-child,White,Male,0,0,60,United-States,<=50K
27,Local-gov,172091,HS-grad,9,Never-married,Craft-repair,Unmarried,Black,Male,0,0,40,United-States,<=50K
58,Self-emp-not-inc,166258,Some-college,10,Married-civ-spouse,Adm-clerical,Husband,White,Male,0,0,50,United-States,<=50K
43,Private,195258,HS-grad,9,Married-civ-spouse,Craft-repair,Husband,White,Male,0,0,40,United-States,>50K
19,Private,198943,Some-college,10,Never-married,Other-service,Own-child,White,Female,0,0,35,United-States,<=50K
66,Local-gov,30740,Some-college,10,Widowed,Adm-clerical,Not-in-family,White,Female,0,0,20,United-States,<=50K
22,Private,228452,10th,6,Never-married,Craft-repair,Not-in-family,White,Male,0,0,30,United-States,<=50K
52,Federal-gov,154521,HS-grad,9,Married-civ-spouse,Adm-clerical,Husband,White,Male,0,0,44,United-States,>50K
45,Private,256649,HS-grad,9,Married-civ-spouse,Machine-op-inspct,Husband,Black,Male,0,0,40,United-States,<=50K
33,Self-emp-not-inc,295621,Bachelors,13,Married-civ-spouse,Prof-specialty,Husband,Black,Male,0,0,25,United-States,>50K
32,Private,402089,Bachelors,13,Married-civ-spouse,Adm-clerical,Wife,White,Female,0,0,2,United-States,<=50K
53,Private,196763,Assoc-acdm,12,Never-married,Exec-managerial,Not-in-family,White,Female,0,0,60,United-States,<=50K
38,Private,190174,Some-college,10,Married-civ-spouse,Adm-clerical,Wife,White,Female,0,0,30,United-States,<=50K
28,Private,130856,10th,6,Married-civ-spouse,Craft-repair,Husband,White,Male,0,0,36,United-States,<=50K
30,Private,74966,Assoc-voc,11,Married-civ-spouse,Adm-clerical,Wife,White,Female,0,0,24,United-States,<=50K
75,Private,316119,Some-college,10,Widowed,Prof-specialty,Not-in-family,White,Female,0,0,8,United-States,<=50K
32,Private,386806,5th-6th,3,Married-civ-spouse,Craft-repair,Husband,Other,Male,0,0,45,Mexico,>50K
21,Private,210165,9th,5,Married-spouse-absent,Handlers-cleaners,Own-child,White,Male,0,0,40,United-States,<=50K
28,Private,27044,Assoc-acdm,12,Divorced,Exec-managerial,Not-in-family,White,Female,0,0,43,United-States,<=50K
29,Private,163003,Bachelors,13,Never-married,Adm-clerical,Own-child,Asian-Pac-Islander,Female,2202,0,40,Taiwan,<=50K
23,Private,236804,11th,7,Married-civ-spouse,Other-service,Husband,White,Male,0,0,40,United-States,<=50K
25,Local-gov,163101,Bachelors,13,Never-married,Prof-specialty,Not-in-family,White,Male,0,0,45,United-States,<=50K
21,,242736,Assoc-acdm,12,Never-married,,Own-child,White,Female,0,0,40,United-States,<=50K
43,Local-gov,147328,Masters,14,Married-civ-spouse,Exec-managerial,Husband,White,Male,0,1977,60,United-States,>50K
36,Private,336595,HS-grad,9,Married-civ-spouse,Exec-managerial,Husband,White,Male,0,0,50,United-States,>50K
31,Private,140092,Bachelors,13,Married-civ-spouse,Prof-specialty,Husband,White,Male,0,0,40,United-States,>50K
38,Local-gov,200153,Assoc-acdm,12,Never-married,Prof-specialty,Not-in-family,White,Male,0,0,40,United-States,<=50K
30,Private,209432,HS-grad,9,Married-civ-spouse,Adm-clerical,Wife,White,Female,0,0,40,United-States,<=50K
36,Private,138088,HS-grad,9,Married-civ-spouse,Craft-repair,Husband,White,Male,0,0,45,United-States,<=50K
42,Private,26672,Assoc-voc,11,Never-married,Adm-clerical,Not-in-family,White,Female,0,0,60,United-States,<=50K
46,Local-gov,165160,Bachelors,13,Married-civ-spouse,Prof-specialty,Wife,White,Female,0,0,40,United-States,>50K
54,Local-gov,54377,Masters,14,Divorced,Prof-specialty,Not-in-family,White,Female,0,0,40,United-States,<=50K
31,Private,337505,Prof-school,15,Married-civ-spouse,Prof-specialty,Husband,Asian-Pac-Islander,Male,0,0,40,Japan,<=50K
36,Private,102945,Assoc-voc,11,Divorced,Craft-repair,Not-in-family,White,Male,0,0,40,United-States,<=50K
29,Local-gov,219906,Bachelors,13,Married-civ-spouse,Prof-specialty,Wife,White,Female,0,0,25,United-States,>50K
38,Private,182609,Bachelors,13,Married-civ-spouse,Sales,Husband,White,Male,0,0,50,Poland,<=50K
62,Private,155913,Assoc-acdm,12,Married-civ-spouse,Craft-repair,Husband,White,Male,0,0,40,United-States,>50K
25,Private,264300,Assoc-voc,11,Never-married,Prof-specialty,Own-child,White,Female,0,0,36,United-States,<=50K
54,State-gov,239256,Some-college,10,Married-civ-spouse,Adm-clerical,Husband,White,Male,0,0,40,United-States,<=50K
31,Private,169240,HS-grad,9,Never-married,Other-service,Not-in-family,White,Female,0,0,40,United-States,<=50K
28,Self-emp-not-inc,146735,Doctorate,16,Married-civ-spouse,Prof-specialty,Husband,White,Male,0,0,50,United-States,>50K
27,,190650,Bachelors,13,Never-married,,Unmarried,Asian-Pac-Islander,Male,0,0,25,Philippines,<=50K
44,Private,169397,HS-grad,9,Married-civ-spouse,Craft-repair,Husband,White,Male,0,0,40,United-States,>50K
58,Private,105239,HS-grad,9,Married-civ-spouse,Handlers-cleaners,Other-relative,White,Male,0,0,40,United-States,<=50K
42,,109912,Assoc-acdm,12,Never-married,,Other-relative,White,Female,0,0,40,United-States,<=50K
60,Private,141253,10th,6,Divorced,Farming-fishing,Not-in-family,White,Male,0,0,48,United-States,<=50K
25,Private,338013,Some-college,10,Divorced,Tech-support,Not-in-family,White,Female,0,0,40,United-States,<=50K
23,Private,227943,Bachelors,13,Never-married,Exec-managerial,Own-child,White,Male,0,0,40,United-States,<=50K
39,Federal-gov,33289,HS-grad,9,Widowed,Prof-specialty,Unmarried,White,Female,0,0,60,United-States,<=50K
39,,180868,11th,7,Never-married,,Not-in-family,Black,Female,0,0,40,United-States,<=50K
44,Private,286750,Some-college,10,Married-civ-spouse,Transport-moving,Husband,Black,Male,0,0,40,United-States,<=50K
44,Private,137304,HS-grad,9,Widowed,Machine-op-inspct,Not-in-family,Black,Female,0,0,40,United-States,<=50K
20,Private,117606,Assoc-voc,11,Never-married,Adm-clerical,Own-child,White,Female,0,0,40,United-States,<=50K
46,Federal-gov,167381,HS-grad,9,Married-civ-spouse,Adm-clerical,Wife,White,Female,0,0,40,United-States,>50K
64,State-gov,186376,Bachelors,13,Married-civ-spouse,Prof-specialty,Husband,White,Male,5178,0,40,United-States,>50K
46,Private,29696,HS-grad,9,Married-civ-spouse,Exec-managerial,Husband,White,Male,0,0,40,United-States,>50K
49,Private,197418,HS-grad,9,Widowed,Adm-clerical,Unmarried,White,Female,0,0,20,United-States,<=50K
24,Private,206827,Some-college,10,Never-married,Sales,Own-child,White,Female,5060,0,30,United-States,<=50K
44,Private,104196,Masters,14,Married-civ-spouse,Exec-managerial,Husband,White,Male,0,0,45,United-States,>50K
49,Private,543922,HS-grad,9,Married-civ-spouse,Craft-repair,Husband,White,Male,0,0,42,United-States,>50K
65,,117162,Assoc-voc,11,Married-civ-spouse,,Wife,White,Female,0,0,56,United-States,>50K
49,,188141,Some-college,10,Widowed,,Unmarried,White,Female,0,0,60,United-States,<=50K
24,Private,211585,HS-grad,9,Married-civ-spouse,Transport-moving,Own-child,White,Female,0,0,40,United-States,<=50K
47,Self-emp-inc,109832,HS-grad,9,Divorced,Exec-managerial,Not-in-family,White,Male,0,0,60,United-States,<=50K
58,Self-emp-not-inc,222311,HS-grad,9,Married-civ-spouse,Other-service,Husband,White,Male,7688,0,55,United-States,>50K
28,Private,278736,Some-college,10,Married-civ-spouse,Machine-op-inspct,Husband,White,Male,0,0,40,Mexico,<=50K
29,Private,211331,HS-grad,9,Never-married,Exec-managerial,Not-in-family,White,Male,0,0,50,Mexico,<=50K
55,Private,125000,Masters,14,Divorced,Exec-managerial,Unmarried,White,Male,0,0,40,United-States,>50K
66,Private,142624,Assoc-acdm,12,Married-civ-spouse,Machine-op-inspct,Husband,White,Male,5556,0,40,Yugoslavia,>50K
35,Private,296478,Some-college,10,Married-civ-spouse,Sales,Husband,White,Male,0,0,40,United-States,<=50K
39,Self-emp-not-inc,343476,Bachelors,13,Married-civ-spouse,Prof-specialty,Husband,White,Male,15024,0,50,Japan,>50K
71,Self-emp-not-inc,163293,Prof-school,15,Married-civ-spouse,Farming-fishing,Husband,White,Male,0,0,2,United-States,<=50K
36,Private,99146,Some-college,10,Married-civ-spouse,Machine-op-inspct,Husband,White,Male,0,1887,40,United-States,>50K
23,Private,45317,Some-college,10,Separated,Sales,Own-child,White,Female,0,0,40,United-States,<=50K
24,Private,24243,HS-grad,9,Never-married,Craft-repair,Not-in-family,White,Male,0,1590,40,United-States,<=50K
25,Private,282612,Assoc-voc,11,Never-married,Tech-support,Unmarried,Black,Female,0,0,40,United-States,<=50K
47,Private,121958,7th-8th,4,Married-spouse-absent,Other-service,Unmarried,White,Female,0,0,30,United-States,<=50K
47,Private,180277,HS-grad,9,Married-civ-spouse,Adm-clerical,Wife,White,Female,0,0,40,Hungary,<=50K
61,Private,160431,HS-grad,9,Widowed,Other-service,Unmarried,White,Female,0,0,40,United-States,<=50K
60,Federal-gov,165630,HS-grad,9,Married-civ-spouse,Tech-support,Husband,White,Male,0,1977,40,United-States,>50K
75,,260543,10th,6,Widowed,,Other-relative,Asian-Pac-Islander,Female,0,0,1,China,<=50K
50,Self-emp-not-inc,203098,Bachelors,13,Married-civ-spouse,Exec-managerial,Husband,White,Male,0,0,35,United-States,<=50K
28,Private,96337,Some-college,10,Never-married,Adm-clerical,Not-in-family,White,Female,0,0,40,United-States,<=50K
54,Federal-gov,332243,12th,8,Married-civ-spouse,Adm-clerical,Husband,White,Male,0,0,40,United-States,<=50K
69,Private,304838,HS-grad,9,Married-civ-spouse,Transport-moving,Husband,White,Male,0,0,28,United-States,<=50K
19,Private,181572,Some-college,10,Never-married,Adm-clerical,Own-child,White,Male,0,0,40,United-States,<=50K
29,Private,29732,Bachelors,13,Married-civ-spouse,Prof-specialty,Wife,White,Female,0,0,24,United-States,<=50K
20,Private,275421,Some-college,10,Never-married,Sales,Own-child,White,Female,0,0,20,United-States,<=50K
21,,40052,Some-college,10,Never-married,,Not-in-family,White,Male,0,2001,45,United-States,<=50K
44,Private,54310,Masters,14,Married-civ-spouse,Prof-specialty,Husband,White,Male,7298,0,40,United-States,>50K
29,Private,464536,Bachelors,13,Married-civ-spouse,Other-service,Husband,White,Male,0,0,40,United-States,<=50K
30,Private,134737,Some-college,10,Never-married,Adm-clerical,Own-child,White,Male,0,0,45,United-States,<=50K
50,Private,41890,HS-grad,9,Married-civ-spouse,Craft-repair,Husband,White,Male,0,0,40,United-States,<=50K
54,Private,143865,HS-grad,9,Divorced,Sales,Unmarried,White,Female,0,0,35,United-States,<=50K
17,Private,347322,10th,6,Never-married,Sales,Own-child,White,Female,0,0,20,United-States,<=50K
25,Local-gov,270379,HS-grad,9,Never-married,Adm-clerical,Not-in-family,Black,Female,0,0,40,United-States,<=50K
50,Self-emp-not-inc,95949,Bachelors,13,Married-civ-spouse,Craft-repair,Husband,White,Male,0,0,50,United-States,<=50K
18,Private,115815,Some-college,10,Never-married,Other-service,Own-child,White,Male,0,0,20,England,<=50K
41,Private,111483,HS-grad,9,Married-civ-spouse,Machine-op-inspct,Husband,White,Male,0,0,45,United-States,<=50K
54,Private,146325,Bachelors,13,Married-civ-spouse,Adm-clerical,Husband,White,Male,0,0,40,United-States,>50K
50,Private,135339,12th,8,Married-civ-spouse,Sales,Husband,Asian-Pac-Islander,Male,0,0,40,Cambodia,>50K
20,Private,113511,11th,7,Never-married,Transport-moving,Own-child,White,Male,0,0,40,United-States,<=50K
37,Private,176357,Some-college,10,Divorced,Machine-op-inspct,Not-in-family,White,Male,0,0,40,United-States,<=50K
45,Private,117849,11th,7,Married-civ-spouse,Transport-moving,Other-relative,White,Male,0,0,40,United-States,<=50K
45,Private,343377,Some-college,10,Married-civ-spouse,Adm-clerical,Husband,White,Male,0,0,40,United-States,<=50K
41,Private,63105,HS-grad,9,Never-married,Craft-repair,Not-in-family,White,Male,0,0,42,United-States,>50K
52,Private,172493,HS-grad,9,Never-married,Sales,Not-in-family,White,Female,0,0,36,United-States,<=50K
37,State-gov,74163,Bachelors,13,Never-married,Prof-specialty,Not-in-family,White,Female,0,0,40,United-States,<=50K
34,Private,128063,HS-grad,9,Divorced,Other-service,Unmarried,White,Female,0,0,36,United-States,<=50K
32,,42894,11th,7,Married-civ-spouse,,Wife,White,Female,0,0,15,United-States,<=50K
45,Private,192203,HS-grad,9,Married-civ-spouse,Craft-repair,Husband,White,Male,15024,0,49,United-States,>50K
73,,185939,Bachelors,13,Married-civ-spouse,,Husband,White,Male,0,0,40,United-States,<=50K
48,Local-gov,127675,Masters,14,Widowed,Prof-specialty,Unmarried,White,Female,0,0,44,United-States,<=50K
47,Private,126441,Some-college,10,Married-spouse-absent,Tech-support,Not-in-family,White,Male,0,0,40,United-States,<=50K
21,,41356,Some-college,10,Never-married,,Own-child,White,Female,0,0,35,United-States,<=50K
36,Private,180686,HS-grad,9,Married-civ-spouse,Craft-repair,Husband,White,Male,0,0,45,United-States,>50K
70,Self-emp-inc,247383,Some-college,10,Married-civ-spouse,Exec-managerial,Husband,White,Male,0,0,40,United-States,>50K
68,,191288,7th-8th,4,Widowed,,Not-in-family,White,Female,0,0,15,United-States,<=50K
48,Local-gov,216689,HS-grad,9,Married-civ-spouse,Craft-repair,Husband,White,Male,0,0,40,United-States,<=50K
24,,108495,HS-grad,9,Never-married,,Own-child,White,Male,0,0,40,United-States,<=50K
63,Self-emp-not-inc,29859,7th-8th,4,Married-civ-spouse,Farming-fishing,Husband,White,Male,7688,0,60,United-States,>50K
53,Local-gov,20676,HS-grad,9,Married-civ-spouse,Exec-managerial,Husband,Amer-Indian-Eskimo,Male,0,0,48,United-States,<=50K
31,Private,176430,HS-grad,9,Married-civ-spouse,Craft-repair,Husband,White,Male,0,0,40,United-States,<=50K
27,Private,187392,HS-grad,9,Never-married,Other-service,Not-in-family,White,Female,0,0,40,United-States,<=50K
44,Private,62258,11th,7,Never-married,Other-service,Not-in-family,White,Female,0,0,40,United-States,<=50K
31,Private,385959,Bachelors,13,Never-married,Adm-clerical,Not-in-family,White,Male,0,0,50,United-States,<=50K
53,Private,124076,Doctorate,16,Married-civ-spouse,Prof-specialty,Wife,White,Female,99999,0,37,United-States,>50K
46,Self-emp-inc,167882,Assoc-voc,11,Divorced,Exec-managerial,Not-in-family,White,Female,8614,0,70,United-States,>50K
21,Private,542610,HS-grad,9,Never-married,Transport-moving,Other-relative,Black,Male,0,0,40,United-States,<=50K
20,,86318,Some-college,10,Never-married,,Own-child,White,Female,0,0,10,United-States,<=50K
48,Federal-gov,156410,HS-grad,9,Married-civ-spouse,Adm-clerical,Husband,Black,Male,0,0,50,United-States,>50K
30,Private,33124,HS-grad,9,Separated,Farming-fishing,Unmarried,White,Female,0,0,14,United-States,<=50K
39,Private,165186,Some-college,10,Married-civ-spouse,Farming-fishing,Husband,White,Male,0,0,45,United-States,<=50K
64,Private,221343,1st-4th,2,Divorced,Priv-house-serv,Not-in-family,White,Female,0,0,12,United-States,<=50K
44,Private,222635,5th-6th,3,Married-civ-spouse,Machine-op-inspct,Husband,Black,Male,0,0,40,United-States,<=50K
27,Private,245661,HS-grad,9,Separated,Machine-op-inspct,Own-child,White,Female,0,0,40,United-States,<=50K
23,Private,152189,Assoc-acdm,12,Never-married,Other-service,Not-in-family,White,Male,0,0,40,United-States,<=50K
37,Private,433491,HS-grad,9,Never-married,Other-service,Own-child,White,Male,0,0,40,United-States,<=50K
17,Private,198606,11th,7,Never-married,Handlers-cleaners,Own-child,White,Female,0,0,16,United-States,<=50K
21,Private,126613,HS-grad,9,Never-married,Sales,Not-in-family,White,Female,0,0,40,United-States,<=50K
37,Private,166339,Some-college,10,Divorced,Tech-support,Unmarried,White,Female,0,0,40,United-States,<=50K
47,Private,70209,HS-grad,9,Divorced,Adm-clerical,Unmarried,White,Female,0,0,40,United-States,<=50K
40,Self-emp-not-inc,33068,HS-grad,9,Married-civ-spouse,Farming-fishing,Husband,White,Male,0,0,50,United-States,<=50K
24,Private,278107,HS-grad,9,Never-married,Craft-repair,Own-child,White,Male,0,0,60,United-States,<=50K
26,Private,195216,HS-grad,9,Divorced,Other-service,Not-in-family,White,Female,0,0,12,United-States,<=50K
45,Self-emp-not-inc,285570,HS-grad,9,Married-civ-spouse,Transport-moving,Husband,White,Male,0,0,80,United-States,<=50K
32,Private,96480,Some-college,10,Never-married,Protective-serv,Not-in-family,White,Female,0,0,40,United-States,<=50K
25,Private,250038,Assoc-voc,11,Never-married,Adm-clerical,Not-in-family,White,Male,0,0,40,,<=50K
33,Private,192002,Masters,14,Married-civ-spouse,Exec-managerial,Husband,White,Male,7298,0,60,Canada,>50K
27,Private,232388,HS-grad,9,Married-civ-spouse,Adm-clerical,Husband,White,Male,4386,0,40,United-States,>50K
60,Private,198170,Bachelors,13,Married-civ-spouse,Exec-managerial,Husband,White,Male,0,0,45,United-States,>50K
30,Private,149427,HS-grad,9,Never-married,Craft-repair,Own-child,White,Male,0,0,35,United-States,<=50K
45,Self-emp-not-inc,187272,HS-grad,9,Married-civ-spouse,Craft-repair,Husband,Asian-Pac-Islander,Male,0,0,45,South,<=50K
51,Private,123053,Masters,14,Married-civ-spouse,Prof-specialty,Husband,Asian-Pac-Islander,Male,5013,0,40,India,<=50K
57,Private,548256,12th,8,Married-civ-spouse,Transport-moving,Husband,Black,Male,7688,0,40,United-States,>50K
21,Private,253612,Some-college,10,Never-married,Prof-specialty,Own-child,White,Female,1055,0,32,United-States,<=50K
43,Local-gov,23157,Masters,14,Married-civ-spouse,Exec-managerial,Husband,White,Male,0,1902,50,United-States,>50K
39,Private,165743,9th,5,Married-civ-spouse,Handlers-cleaners,Husband,White,Male,0,0,40,United-States,<=50K
22,,122048,Some-college,10,Never-married,,Own-child,White,Female,0,0,35,United-States,<=50K
31,Private,164870,11th,7,Married-civ-spouse,Craft-repair,Husband,White,Male,0,0,40,Mexico,<=50K
42,Local-gov,109684,Masters,14,Never-married,Prof-specialty,Not-in-family,White,Female,0,1741,35,United-States,<=50K
52,Private,264129,Some-college,10,Divorced,Sales,Not-in-family,White,Female,0,0,40,United-States,<=50K
33,Private,150324,HS-grad,9,Divorced,Machine-op-inspct,Not-in-family,White,Male,0,0,49,United-States,<=50K
40,Private,96129,HS-grad,9,Married-civ-spouse,Sales,Husband,White,Male,0,0,72,United-States,>50K
32,Private,153078,Bachelors,13,Never-married,Other-service,Not-in-family,Asian-Pac-Islander,Male,0,0,40,South,<=50K
25,Private,108505,HS-grad,9,Never-married,Handlers-cleaners,Not-in-family,White,Male,0,0,45,United-States,<=50K
32,Private,100662,9th,5,Separated,Machine-op-inspct,Unmarried,White,Female,0,0,40,Columbia,<=50K
59,Self-emp-not-inc,188003,Bachelors,13,Widowed,Prof-specialty,Not-in-family,White,Female,0,0,50,United-States,>50K
34,Self-emp-inc,127651,Bachelors,13,Divorced,Farming-fishing,Not-in-family,White,Male,0,0,60,United-States,<=50K
43,Private,183674,12th,8,Married-spouse-absent,Sales,Unmarried,White,Female,0,0,25,,<=50K
36,Private,119957,Bachelors,13,Separated,Other-service,Unmarried,Black,Female,0,0,35,United-States,<=50K
42,Private,65372,Some-college,10,Never-married,Adm-clerical,Own-child,White,Female,0,0,40,United-States,<=50K
30,Private,186824,HS-grad,9,Married-civ-spouse,Protective-serv,Husband,White,Male,0,0,40,United-States,>50K
45,Private,167617,Some-college,10,Married-civ-spouse,Other-service,Husband,White,Male,0,0,40,United-States,<=50K
73,Self-emp-not-inc,109833,Bachelors,13,Married-civ-spouse,Farming-fishing,Husband,White,Male,0,0,30,United-States,<=50K
33,Private,103596,Assoc-voc,11,Married-civ-spouse,Transport-moving,Husband,White,Male,0,0,40,United-States,<=50K
66,State-gov,132055,HS-grad,9,Married-civ-spouse,Exec-managerial,Husband,White,Male,0,1825,40,United-States,>50K
55,State-gov,117357,Doctorate,16,Married-civ-spouse,Prof-specialty,Husband,Asian-Pac-Islander,Male,0,0,70,,>50K
47,Private,235108,Some-college,10,Married-civ-spouse,Craft-repair,Husband,White,Male,5178,0,40,United-States,>50K
26,Private,242150,HS-grad,9,Married-civ-spouse,Machine-op-inspct,Husband,White,Male,0,0,40,Mexico,<=50K
22,Private,167787,HS-grad,9,Never-married,Other-service,Not-in-family,White,Female,0,0,40,United-States,<=50K
17,Private,216137,9th,5,Never-married,Sales,Own-child,White,Female,0,0,15,United-States,<=50K
51,Private,263836,HS-grad,9,Widowed,Handlers-cleaners,Not-in-family,White,Male,0,0,30,United-States,<=50K
56,Private,197114,HS-grad,9,Never-married,Handlers-cleaners,Own-child,White,Male,0,0,28,United-States,<=50K
62,Private,270092,Masters,14,Married-civ-spouse,Prof-specialty,Husband,White,Male,0,0,40,United-States,>50K
44,Private,186916,Some-college,10,Married-civ-spouse,Transport-moving,Husband,White,Male,0,1887,60,United-States,>50K
45,Self-emp-inc,139268,Bachelors,13,Married-civ-spouse,Sales,Husband,White,Male,0,0,60,United-States,>50K
43,,109912,Bachelors,13,Married-civ-spouse,,Wife,White,Female,0,0,7,United-States,>50K
33,Private,182714,Bachelors,13,Never-married,Exec-managerial,Not-in-family,White,Female,0,0,40,United-States,<=50K
54,Private,99185,Masters,14,Married-civ-spouse,Prof-specialty,Husband,White,Male,0,0,40,United-States,>50K
30,Private,19678,Bachelors,13,Married-AF-spouse,Sales,Wife,Asian-Pac-Islander,Female,0,0,60,Philippines,>50K
26,Private,244372,HS-grad,9,Married-civ-spouse,Adm-clerical,Wife,White,Female,0,0,52,United-States,>50K
62,State-gov,101475,Assoc-acdm,12,Widowed,Prof-specialty,Not-in-family,White,Female,0,0,40,United-States,<=50K
66,,31362,Some-college,10,Married-civ-spouse,,Husband,White,Male,0,0,20,United-States,<=50K
51,Local-gov,133336,Masters,14,Married-civ-spouse,Prof-specialty,Husband,White,Male,15024,0,40,United-States,>50K
35,Private,65876,HS-grad,9,Married-civ-spouse,Craft-repair,Husband,White,Male,0,0,40,United-States,<=50K
32,Private,339482,5th-6th,3,Separated,Farming-fishing,Other-relative,White,Male,0,0,60,Mexico,<=50K
25,Private,165622,Masters,14,Never-married,Sales,Not-in-family,White,Male,0,0,55,United-States,<=50K
52,Self-emp-not-inc,162381,HS-grad,9,Divorced,Sales,Not-in-family,White,Male,0,0,40,United-States,<=50K
35,Private,114605,HS-grad,9,Divorced,Handlers-cleaners,Not-in-family,White,Male,0,0,25,United-States,<=50K
26,,221626,Bachelors,13,Married-civ-spouse,,Wife,White,Female,0,0,40,United-States,<=50K
45,Self-emp-inc,108100,Bachelors,13,Married-civ-spouse,Exec-managerial,Wife,Asian-Pac-Islander,Female,99999,0,25,,>50K
27,Private,162343,Bachelors,13,Married-civ-spouse,Exec-managerial,Husband,White,Male,0,0,40,Dominican-Republic,<=50K
42,Private,307638,HS-grad,9,Divorced,Adm-clerical,Own-child,White,Female,0,0,40,United-States,<=50K
32,Private,148207,Assoc-voc,11,Married-civ-spouse,Craft-repair,Husband,White,Male,0,0,40,United-States,<=50K
46,Private,241350,Some-college,10,Never-married,Exec-managerial,Not-in-family,White,Male,8614,0,50,United-States,>50K
42,Private,263608,Some-college,10,Divorced,Craft-repair,Own-child,White,Male,0,0,40,United-States,<=50K
73,Self-emp-inc,159691,Some-college,10,Divorced,Exec-managerial,Not-in-family,White,Female,0,0,40,United-States,<=50K
35,Private,139647,Some-college,10,Divorced,Exec-managerial,Not-in-family,White,Female,0,0,40,United-States,>50K
33,Self-emp-not-inc,105229,Bachelors,13,Married-civ-spouse,Exec-managerial,Husband,White,Male,0,0,40,United-States,<=50K
18,Private,36275,HS-grad,9,Never-married,Craft-repair,Own-child,White,Male,0,0,25,United-States,<=50K
24,Private,111376,HS-grad,9,Never-married,Handlers-cleaners,Not-in-family,White,Male,0,0,40,United-States,<=50K
48,Self-emp-not-inc,49275,Some-college,10,Married-civ-spouse,Farming-fishing,Husband,White,Male,0,1485,50,United-States,<=50K
38,Private,415578,10th,6,Married-civ-spouse,Craft-repair,Husband,White,Male,0,0,40,United-States,>50K
22,Private,184975,HS-grad,9,Married-spouse-absent,Other-service,Own-child,White,Female,0,0,3,United-States,<=50K
59,Federal-gov,212448,HS-grad,9,Widowed,Sales,Unmarried,White,Female,0,0,40,Germany,<=50K
59,Private,196126,11th,7,Married-civ-spouse,Transport-moving,Husband,White,Male,0,0,40,United-States,<=50K
35,Private,110402,11th,7,Married-civ-spouse,Sales,Husband,White,Male,0,0,35,United-States,<=50K
33,Private,172304,10th,6,Married-civ-spouse,Machine-op-inspct,Husband,White,Male,0,0,40,United-States,<=50K
28,Private,398220,Some-college,10,Married-civ-spouse,Machine-op-inspct,Husband,White,Male,0,0,40,Mexico,<=50K
33,Private,170336,HS-grad,9,Married-civ-spouse,Adm-clerical,Wife,Other,Female,0,0,19,United-States,<=50K
18,Self-emp-not-inc,157131,11th,7,Never-married,Sales,Own-child,White,Female,0,0,40,United-States,<=50K
46,Private,178768,HS-grad,9,Divorced,Tech-support,Not-in-family,White,Female,0,0,20,United-States,<=50K
25,Private,333677,HS-grad,9,Never-married,Machine-op-inspct,Own-child,White,Male,0,0,36,United-States,<=50K
36,Self-emp-not-inc,60269,Bachelors,13,Married-civ-spouse,Sales,Husband,White,Male,0,0,40,United-States,>50K
28,Local-gov,356089,Bachelors,13,Never-married,Prof-specialty,Other-relative,White,Male,0,0,50,United-States,<=50K
63,,231777,Masters,14,Married-civ-spouse,,Husband,White,Male,0,0,30,United-States,<=50K
46,Local-gov,33373,Bachelors,13,Divorced,Prof-specialty,Unmarried,White,Female,0,0,40,United-States,<=50K
46,Private,164733,Masters,14,Married-civ-spouse,Prof-specialty,Husband,White,Male,0,0,41,United-States,<=50K
27,Local-gov,116662,HS-grad,9,Married-civ-spouse,Machine-op-inspct,Husband,White,Male,0,0,40,United-States,<=50K
21,Private,247779,11th,7,Never-married,Sales,Own-child,White,Female,0,0,38,United-States,<=50K
54,Private,236157,HS-grad,9,Married-civ-spouse,Prof-specialty,Husband,White,Male,0,1887,40,United-States,>50K
18,Private,102182,12th,8,Never-married,Priv-house-serv,Not-in-family,White,Female,0,0,30,United-States,<=50K
37,Private,262409,Masters,14,Divorced,Exec-managerial,Unmarried,White,Female,0,213,45,United-States,<=50K
58,Self-emp-inc,21626,Assoc-voc,11,Divorced,Sales,Not-in-family,White,Male,2202,0,56,United-States,<=50K
57,Private,24384,7th-8th,4,Widowed,Other-service,Not-in-family,White,Female,0,0,10,United-States,<=50K
19,Without-pay,344858,HS-grad,9,Never-married,Farming-fishing,Own-child,White,Male,0,0,20,United-States,<=50K
41,Private,172712,Bachelors,13,Divorced,Tech-support,Unmarried,White,Female,0,0,40,United-States,>50K
28,Private,110169,Assoc-voc,11,Divorced,Adm-clerical,Not-in-family,White,Female,0,0,3,United-States,<=50K
23,Self-emp-inc,284651,Bachelors,13,Divorced,Sales,Not-in-family,White,Female,0,0,43,United-States,<=50K
42,Private,284758,HS-grad,9,Divorced,Exec-managerial,Unmarried,White,Female,0,0,40,United-States,<=50K
33,Private,168030,Some-college,10,Married-civ-spouse,Prof-specialty,Wife,White,Female,7298,0,21,United-States,>50K
38,Private,99156,HS-grad,9,Divorced,Sales,Unmarried,White,Male,0,0,46,United-States,<=50K
19,Private,89295,Some-college,10,Never-married,Machine-op-inspct,Own-child,White,Female,0,0,35,United-States,<=50K
29,Private,46987,HS-grad,9,Never-married,Adm-clerical,Not-in-family,White,Female,0,0,55,United-States,<=50K
42,Local-gov,70655,HS-grad,9,Married-civ-spouse,Craft-repair,Husband,White,Male,0,0,44,United-States,<=50K
38,Private,189922,Assoc-voc,11,Married-civ-spouse,Sales,Husband,White,Male,0,0,50,United-States,>50K
30,Private,177675,Some-college,10,Never-married,Craft-repair,Not-in-family,White,Male,0,0,40,United-States,>50K
59,Private,195176,Bachelors,13,Married-civ-spouse,Sales,Husband,White,Male,0,0,72,United-States,<=50K
30,Self-emp-not-inc,227429,HS-grad,9,Never-married,Exec-managerial,Not-in-family,White,Male,0,0,45,Yugoslavia,<=50K
21,Private,169188,HS-grad,9,Never-married,Machine-op-inspct,Own-child,White,Female,0,0,35,United-States,<=50K
51,Self-emp-not-inc,168539,HS-grad,9,Married-civ-spouse,Farming-fishing,Husband,White,Male,0,0,84,United-States,<=50K
19,State-gov,261422,Some-college,10,Never-married,Prof-specialty,Own-child,White,Male,0,0,40,United-States,<=50K
33,Private,105974,HS-grad,9,Never-married,Craft-repair,Not-in-family,White,Male,0,0,41,United-States,<=50K
43,Private,54611,HS-grad,9,Divorced,Transport-moving,Not-in-family,White,Male,0,0,60,United-States,<=50K
22,Private,381741,HS-grad,9,Married-civ-spouse,Tech-support,Husband,White,Male,0,0,40,United-States,<=50K
28,Private,282398,Some-college,10,Divorced,Craft-repair,Not-in-family,White,Male,0,0,35,United-States,<=50K
34,Private,306215,Assoc-voc,11,Never-married,Handlers-cleaners,Not-in-family,Black,Male,0,0,40,United-States,<=50K
29,Private,289960,HS-grad,9,Married-civ-spouse,Machine-op-inspct,Husband,White,Male,0,0,48,United-States,<=50K
27,Local-gov,85918,Bachelors,13,Married-civ-spouse,Protective-serv,Husband,White,Male,0,0,68,United-States,<=50K
36,Federal-gov,187089,Bachelors,13,Never-married,Exec-managerial,Not-in-family,White,Female,0,0,40,United-States,<=50K
36,Private,241126,Some-college,10,Divorced,Tech-support,Unmarried,White,Male,0,0,40,United-States,<=50K
41,Self-emp-not-inc,200479,Assoc-voc,11,Married-civ-spouse,Craft-repair,Husband,White,Male,0,0,65,United-States,<=50K
71,,205011,Some-college,10,Married-civ-spouse,,Husband,White,Male,0,0,10,United-States,<=50K
53,Private,34973,11th,7,Married-civ-spouse,Sales,Husband,White,Male,0,0,40,United-States,<=50K
44,Private,323627,Bachelors,13,Never-married,Exec-managerial,Not-in-family,White,Female,0,0,5,United-States,<=50K
34,Self-emp-inc,62396,Bachelors,13,Never-married,Prof-specialty,Not-in-family,White,Female,0,0,62,United-States,>50K
19,Private,323810,10th,6,Never-married,Craft-repair,Not-in-family,White,Male,0,0,40,United-States,<=50K
68,Self-emp-not-inc,128986,7th-8th,4,Married-civ-spouse,Farming-fishing,Husband,White,Male,0,0,30,United-States,<=50K
41,Private,210844,Some-college,10,Married-spouse-absent,Sales,Unmarried,Black,Female,0,0,40,United-States,<=50K
24,Private,103277,HS-grad,9,Never-married,Adm-clerical,Not-in-family,White,Female,2597,0,40,United-States,<=50K
25,Private,195994,Bachelors,13,Never-married,Adm-clerical,Not-in-family,White,Female,0,0,35,United-States,<=50K
32,Private,239662,HS-grad,9,Married-civ-spouse,Craft-repair,Husband,Black,Male,0,1579,36,United-States,<=50K
33,Private,249409,Masters,14,Married-civ-spouse,Prof-specialty,Husband,Black,Male,0,0,35,United-States,<=50K
35,Private,89622,HS-grad,9,Married-civ-spouse,Transport-moving,Husband,White,Male,0,0,40,United-States,<=50K
22,Private,169188,HS-grad,9,Never-married,Adm-clerical,Own-child,White,Female,0,0,40,United-States,<=50K
22,Private,156822,10th,6,Never-married,Sales,Not-in-family,White,Female,0,1762,25,United-States,<=50K
32,Private,116539,Some-college,10,Married-civ-spouse,Craft-repair,Husband,White,Male,0,0,40,United-States,>50K
26,Self-emp-not-inc,86646,Some-college,10,Married-civ-spouse,Craft-repair,Husband,White,Male,0,0,45,United-States,<=50K
47,Private,140644,HS-grad,9,Married-civ-spouse,Exec-managerial,Husband,White,Male,0,0,40,United-States,>50K
41,Private,175883,HS-grad,9,Married-civ-spouse,Transport-moving,Husband,White,Male,0,0,60,United-States,<=50K
26,Local-gov,265230,Bachelors,13,Never-married,Prof-specialty,Not-in-family,Black,Female,0,0,40,United-States,<=50K
42,Private,192014,9th,5,Never-married,Machine-op-inspct,Not-in-family,White,Male,0,0,24,United-States,<=50K
31,Private,243605,Bachelors,13,Widowed,Sales,Unmarried,White,Female,0,1380,40,Cuba,<=50K
55,Private,190508,Some-college,10,Married-civ-spouse,Transport-moving,Husband,Black,Male,0,0,35,United-States,<=50K
34,Private,245487,7th-8th,4,Married-civ-spouse,Transport-moving,Husband,Amer-Indian-Eskimo,Male,0,0,45,Mexico,<=50K
30,Private,341346,11th,7,Married-civ-spouse,Sales,Husband,White,Male,0,0,40,United-States,<=50K
37,State-gov,117651,Bachelors,13,Never-married,Prof-specialty,Other-relative,White,Male,0,0,40,United-States,<=50K
34,Private,209808,Some-college,10,Married-civ-spouse,Adm-clerical,Husband,White,Male,0,0,40,United-States,>50K
65,Self-emp-inc,338316,Some-college,10,Married-civ-spouse,Sales,Husband,White,Male,0,0,40,United-States,<=50K
64,Private,260082,12th,8,Married-civ-spouse,Craft-repair,Husband,White,Male,0,0,40,Columbia,<=50K
22,Private,141040,HS-grad,9,Never-married,Sales,Own-child,Black,Female,0,0,35,United-States,<=50K
47,Federal-gov,231797,Bachelors,13,Married-civ-spouse,Exec-managerial,Husband,White,Male,0,1977,55,United-States,>50K
51,Private,508891,HS-grad,9,Divorced,Machine-op-inspct,Own-child,Black,Male,0,0,40,United-States,<=50K
39,Private,194287,7th-8th,4,Never-married,Other-service,Own-child,White,Male,0,1602,35,United-States,<=50K
61,Local-gov,224711,Bachelors,13,Never-married,Prof-specialty,Not-in-family,White,Female,0,0,63,United-States,>50K
25,,104614,11th,7,Never-married,,Unmarried,White,Female,0,0,40,United-States,<=50K
23,Private,228230,Some-college,10,Married-civ-spouse,Sales,Wife,White,Female,0,0,47,United-States,<=50K
30,Private,115963,7th-8th,4,Never-married,Machine-op-inspct,Unmarried,White,Male,0,0,42,United-States,<=50K
28,State-gov,445824,Masters,14,Married-civ-spouse,Prof-specialty,Wife,White,Female,0,0,50,United-States,>50K
27,Private,189462,Masters,14,Never-married,Adm-clerical,Not-in-family,White,Female,0,0,46,United-States,<=50K
32,Local-gov,318647,HS-grad,9,Married-civ-spouse,Protective-serv,Husband,White,Male,0,0,36,United-States,<=50K
52,Private,169182,9th,5,Widowed,Other-service,Not-in-family,White,Female,0,0,25,Puerto-Rico,<=50K
47,,163748,Masters,14,Divorced,,Unmarried,White,Female,0,0,35,,<=50K
19,Private,278915,12th,8,Never-married,Handlers-cleaners,Own-child,Black,Female,0,0,52,United-States,<=50K
23,Private,181820,Some-college,10,Never-married,Farming-fishing,Unmarried,White,Male,0,0,45,United-States,<=50K
32,Private,175878,7th-8th,4,Married-civ-spouse,Craft-repair,Husband,White,Male,0,0,35,United-States,<=50K
48,Private,227714,Bachelors,13,Married-civ-spouse,Sales,Husband,White,Male,0,0,60,United-States,<=50K
49,Private,157272,HS-grad,9,Separated,Sales,Unmarried,White,Male,0,0,50,United-States,<=50K
48,Private,101684,HS-grad,9,Married-civ-spouse,Sales,Husband,White,Male,0,0,40,United-States,<=50K
36,Private,68273,Bachelors,13,Married-civ-spouse,Sales,Husband,White,Male,0,0,40,United-States,>50K
21,Private,30039,Some-college,10,Never-married,Prof-specialty,Own-child,White,Male,0,0,40,United-States,<=50K
39,Private,219483,Bachelors,13,Married-civ-spouse,Prof-specialty,Wife,White,Female,5013,0,32,United-States,<=50K
39,Private,150125,Assoc-acdm,12,Divorced,Other-service,Unmarried,Black,Female,0,0,40,United-States,<=50K
36,Private,255454,HS-grad,9,Never-married,Craft-repair,Own-child,Black,Male,0,0,30,United-States,<=50K
25,Private,129275,HS-grad,9,Never-married,Handlers-cleaners,Not-in-family,White,Male,0,0,40,United-States,<=50K
35,Federal-gov,287031,Masters,14,Never-married,Exec-managerial,Not-in-family,White,Male,8614,0,40,United-States,>50K
38,Self-emp-inc,314007,HS-grad,9,Married-civ-spouse,Sales,Husband,White,Male,0,0,78,United-States,<=50K
42,Self-emp-not-inc,184378,Some-college,10,Married-civ-spouse,Prof-specialty,Husband,White,Male,0,0,40,United-States,<=50K
28,Private,33798,12th,8,Never-married,Transport-moving,Not-in-family,White,Male,0,0,50,United-States,<=50K
47,Private,849067,12th,8,Divorced,Handlers-cleaners,Not-in-family,Black,Male,0,0,40,United-States,<=50K
22,Private,158522,Some-college,10,Never-married,Machine-op-inspct,Own-child,Asian-Pac-Islander,Male,0,0,35,United-States,<=50K
47,Self-emp-not-inc,187901,Prof-school,15,Married-civ-spouse,Prof-specialty,Husband,White,Male,0,0,50,United-States,>50K
23,Private,224424,Bachelors,13,Never-married,Other-service,Own-child,White,Male,0,0,40,United-States,<=50K
21,Private,154835,Some-college,10,Never-married,Adm-clerical,Own-child,Asian-Pac-Islander,Female,0,0,40,Vietnam,<=50K
32,Private,107435,HS-grad,9,Divorced,Machine-op-inspct,Not-in-family,White,Female,0,0,40,United-States,<=50K
28,,168524,Assoc-voc,11,Married-civ-spouse,,Own-child,White,Female,0,0,40,United-States,<=50K
28,Private,167336,Some-college,10,Never-married,Exec-managerial,Not-in-family,White,Female,10520,0,40,United-States,>50K
37,Private,280966,Bachelors,13,Married-civ-spouse,Handlers-cleaners,Husband,White,Male,0,0,40,United-States,>50K
29,Private,334221,Some-college,10,Never-married,Other-service,Not-in-family,White,Female,0,0,18,United-States,<=50K
51,Self-emp-not-inc,381769,HS-grad,9,Married-civ-spouse,Farming-fishing,Husband,White,Male,0,0,50,United-States,<=50K
37,Private,160920,Some-college,10,Married-civ-spouse,Sales,Husband,White,Male,0,0,45,United-States,<=50K
43,Local-gov,216070,Masters,14,Married-civ-spouse,Exec-managerial,Wife,Amer-Indian-Eskimo,Female,0,0,50,United-States,>50K
36,Private,144169,HS-grad,9,Married-civ-spouse,Craft-repair,Husband,White,Male,0,0,50,United-States,<=50K
47,Self-emp-inc,102308,Prof-school,15,Married-civ-spouse,Prof-specialty,Husband,White,Male,0,2415,45,United-States,>50K
67,Without-pay,137192,HS-grad,9,Married-civ-spouse,Adm-clerical,Husband,Asian-Pac-Islander,Male,0,0,12,Philippines,<=50K
56,Private,257555,Masters,14,Married-civ-spouse,Prof-specialty,Husband,White,Male,0,0,40,United-States,>50K
40,Private,173607,10th,6,Married-civ-spouse,Transport-moving,Husband,White,Male,0,0,40,United-States,<=50K
31,Private,87418,Assoc-voc,11,Married-civ-spouse,Exec-managerial,Husband,White,Male,0,0,40,United-States,<=50K
25,Private,456604,11th,7,Married-civ-spouse,Machine-op-inspct,Husband,White,Male,0,0,40,United-States,<=50K
33,Federal-gov,129707,Some-college,10,Never-married,Exec-managerial,Not-in-family,White,Male,0,0,50,United-States,<=50K
57,Private,174353,HS-grad,9,Never-married,Exec-managerial,Not-in-family,White,Male,0,0,40,United-States,<=50K
69,Self-emp-not-inc,69306,Some-college,10,Married-civ-spouse,Other-service,Wife,White,Female,0,0,15,United-States,<=50K
22,Private,206974,Bachelors,13,Never-married,Sales,Not-in-family,White,Female,0,0,40,United-States,<=50K
47,Private,168262,Masters,14,Separated,Exec-managerial,Not-in-family,White,Male,99999,0,50,United-States,>50K
25,Private,40255,Some-college,10,Married-civ-spouse,Farming-fishing,Husband,White,Male,0,0,80,United-States,<=50K
67,Private,279980,Some-college,10,Married-civ-spouse,Transport-moving,Husband,White,Male,10605,0,10,United-States,>50K
45,,236612,11th,7,Divorced,,Own-child,Black,Male,0,0,40,United-States,<=50K
21,,123983,Some-college,10,Never-married,,Own-child,Other,Male,0,0,20,United-States,<=50K
63,Private,100099,9th,5,Married-civ-spouse,Transport-moving,Husband,White,Male,0,0,40,United-States,<=50K
18,,85154,12th,8,Never-married,,Own-child,Asian-Pac-Islander,Female,0,0,24,Germany,<=50K
38,State-gov,156866,Bachelors,13,Married-civ-spouse,Adm-clerical,Husband,Other,Male,0,0,40,United-States,>50K
46,Local-gov,258498,Masters,14,Divorced,Prof-specialty,Unmarried,White,Female,0,0,40,United-States,<=50K
39,Local-gov,164515,HS-grad,9,Divorced,Adm-clerical,Unmarried,White,Female,0,0,40,United-States,<=50K
17,Private,289405,11th,7,Never-married,Machine-op-inspct,Own-child,Other,Male,0,0,12,United-States,<=50K
22,Private,100235,HS-grad,9,Never-married,Handlers-cleaners,Own-child,White,Male,0,0,40,United-States,<=50K
63,,109446,HS-grad,9,Married-civ-spouse,,Husband,White,Male,0,0,40,United-States,<=50K
53,Private,386773,HS-grad,9,Married-civ-spouse,Craft-repair,Husband,White,Male,7298,0,40,United-States,>50K
46,Private,186410,Prof-school,15,Never-married,Exec-managerial,Not-in-family,White,Male,0,0,50,United-States,>50K
36,Private,174242,Bachelors,13,Never-married,Exec-managerial,Not-in-family,White,Male,0,0,60,United-States,<=50K
28,Private,124680,HS-grad,9,Never-married,Sales,Unmarried,White,Female,0,0,70,United-States,<=50K
44,Private,27242,Assoc-acdm,12,Married-civ-spouse,Craft-repair,Husband,White,Male,0,0,40,Philippines,<=50K
56,Private,28729,11th,7,Separated,Machine-op-inspct,Not-in-family,White,Female,0,0,40,United-States,<=50K
32,Private,213179,Some-college,10,Divorced,Craft-repair,Own-child,White,Male,0,0,40,United-States,>50K
53,Private,816750,Bachelors,13,Married-civ-spouse,Prof-specialty,Husband,White,Male,0,0,72,United-States,>50K
46,Private,235646,HS-grad,9,Married-civ-spouse,Craft-repair,Husband,White,Male,0,0,40,United-States,<=50K
48,State-gov,54985,Bachelors,13,Married-civ-spouse,Prof-specialty,Husband,White,Male,0,0,40,United-States,<=50K
28,Private,100829,Bachelors,13,Married-civ-spouse,Exec-managerial,Wife,White,Female,0,0,50,United-States,>50K
60,Private,140544,HS-grad,9,Never-married,Handlers-cleaners,Not-in-family,White,Male,0,0,40,United-States,<=50K
21,,148509,Some-college,10,Never-married,,Not-in-family,White,Female,0,0,30,United-States,<=50K
20,Private,164529,11th,7,Never-married,Farming-fishing,Own-child,Black,Male,0,0,40,United-States,<=50K
29,Private,161857,HS-grad,9,Married-spouse-absent,Other-service,Not-in-family,Other,Female,0,0,40,Columbia,<=50K
40,Private,79036,Assoc-voc,11,Divorced,Transport-moving,Not-in-family,White,Male,0,0,50,United-States,>50K
25,Private,306513,Some-college,10,Married-civ-spouse,Adm-clerical,Husband,White,Male,0,0,45,United-States,<=50K
27,Private,128730,Assoc-voc,11,Never-married,Exec-managerial,Not-in-family,White,Male,10520,0,65,Greece,>50K
24,Private,376393,Assoc-voc,11,Never-married,Sales,Not-in-family,White,Female,0,0,40,United-States,<=50K
73,Self-emp-not-inc,143833,12th,8,Married-civ-spouse,Farming-fishing,Husband,White,Male,0,0,18,United-States,<=50K
30,Private,356882,Doctorate,16,Never-married,Prof-specialty,Own-child,White,Male,0,0,20,United-States,<=50K
40,Private,88368,Some-college,10,Divorced,Adm-clerical,Unmarried,White,Female,914,0,40,United-States,<=50K
27,Private,36851,Assoc-voc,11,Married-civ-spouse,Sales,Husband,White,Male,0,0,35,United-States,<=50K
62,Private,370881,Assoc-acdm,12,Widowed,Other-service,Not-in-family,White,Female,0,0,7,United-States,<=50K
23,Private,268525,Bachelors,13,Never-married,Prof-specialty,Not-in-family,White,Male,0,0,50,United-States,<=50K
44,Private,101214,Bachelors,13,Divorced,Sales,Unmarried,White,Male,0,0,44,United-States,>50K
53,Self-emp-not-inc,385520,HS-grad,9,Widowed,Farming-fishing,Unmarried,White,Female,0,0,55,United-States,<=50K
51,Private,134808,HS-grad,9,Separated,Handlers-cleaners,Unmarried,White,Female,0,0,40,United-States,<=50K
36,Private,182954,Some-college,10,Married-civ-spouse,Craft-repair,Husband,White,Male,0,0,52,Dominican-Republic,<=50K
53,Private,149217,HS-grad,9,Married-civ-spouse,Craft-repair,Husband,White,Male,0,0,40,Puerto-Rico,<=50K
49,Local-gov,31267,Bachelors,13,Married-civ-spouse,Prof-specialty,Husband,White,Male,0,0,50,United-States,<=50K
42,Federal-gov,91468,HS-grad,9,Divorced,Adm-clerical,Not-in-family,White,Female,0,0,40,United-States,<=50K
30,Private,264025,HS-grad,9,Separated,Transport-moving,Unmarried,Black,Male,1506,0,80,United-States,<=50K
40,Private,374137,HS-grad,9,Divorced,Adm-clerical,Own-child,White,Male,0,0,40,United-States,<=50K
53,Private,102615,11th,7,Divorced,Transport-moving,Not-in-family,White,Male,0,0,40,Canada,<=50K
34,Private,151693,HS-grad,9,Divorced,Adm-clerical,Unmarried,White,Female,0,0,40,United-States,<=50K
38,Private,194538,Assoc-voc,11,Married-civ-spouse,Machine-op-inspct,Husband,White,Male,0,0,48,United-States,>50K
22,Private,351952,Some-college,10,Never-married,Prof-specialty,Unmarried,White,Female,0,0,20,United-States,<=50K
44,Private,248973,Bachelors,13,Divorced,Adm-clerical,Not-in-family,Black,Male,0,0,65,United-States,<=50K
32,Private,33117,Assoc-voc,11,Married-civ-spouse,Other-service,Husband,White,Male,0,0,40,United-States,<=50K
40,Self-emp-inc,191429,Prof-school,15,Married-civ-spouse,Prof-specialty,Husband,White,Male,15024,0,40,United-States,>50K
21,Private,231160,Some-college,10,Never-married,Other-service,Own-child,White,Male,0,0,25,United-States,<=50K
44,Local-gov,323790,Bachelors,13,Married-civ-spouse,Protective-serv,Husband,White,Male,0,0,40,United-States,>50K
25,Private,229287,Bachelors,13,Never-married,Exec-managerial,Other-relative,White,Female,0,0,25,United-States,<=50K
43,Private,293176,Bachelors,13,Married-civ-spouse,Sales,Husband,White,Male,0,0,40,United-States,>50K
27,Private,288229,Bachelors,13,Never-married,Adm-clerical,Own-child,Asian-Pac-Islander,Female,0,0,50,Laos,<=50K
24,Self-emp-not-inc,188274,Bachelors,13,Never-married,Sales,Not-in-family,White,Male,0,0,50,United-States,<=50K
33,Private,172579,HS-grad,9,Married-civ-spouse,Craft-repair,Wife,White,Female,0,0,40,United-States,<=50K
42,Private,445382,Assoc-acdm,12,Divorced,Craft-repair,Not-in-family,White,Male,0,0,40,United-States,<=50K
40,,253370,HS-grad,9,Married-civ-spouse,,Wife,White,Female,0,0,35,United-States,>50K
53,State-gov,281074,HS-grad,9,Divorced,Exec-managerial,Not-in-family,White,Male,0,1092,40,United-States,<=50K
28,Private,92262,HS-grad,9,Married-civ-spouse,Craft-repair,Husband,White,Male,0,0,40,United-States,<=50K
63,,186809,Bachelors,13,Married-civ-spouse,,Husband,White,Male,0,0,30,United-States,>50K
48,Private,93476,HS-grad,9,Separated,Adm-clerical,Not-in-family,White,Female,0,2001,40,United-States,<=50K
33,Private,248584,Some-college,10,Married-civ-spouse,Other-service,Husband,White,Male,0,0,50,United-States,<=50K
46,Private,139946,HS-grad,9,Divorced,Exec-managerial,Unmarried,White,Female,0,0,38,United-States,>50K
33,Private,186977,HS-grad,9,Married-civ-spouse,Transport-moving,Husband,White,Male,0,0,40,Columbia,<=50K
36,Private,188563,Some-college,10,Married-civ-spouse,Sales,Husband,White,Male,5178,0,50,United-States,>50K
45,Private,119904,HS-grad,9,Divorced,Tech-support,Not-in-family,White,Female,0,0,50,United-States,>50K
27,Private,294451,11th,7,Married-civ-spouse,Farming-fishing,Husband,White,Male,0,0,40,United-States,<=50K
30,Private,343699,HS-grad,9,Divorced,Craft-repair,Unmarried,White,Female,0,0,40,United-States,<=50K
23,Private,240137,5th-6th,3,Never-married,Handlers-cleaners,Not-in-family,White,Male,0,0,55,Mexico,<=50K
53,Federal-gov,68985,HS-grad,9,Married-civ-spouse,Adm-clerical,Husband,White,Male,0,0,40,United-States,<=50K
19,State-gov,536725,Some-college,10,Never-married,Adm-clerical,Other-relative,White,Female,0,0,15,Japan,<=50K
35,Private,142616,HS-grad,9,Separated,Other-service,Own-child,Black,Female,0,0,30,United-States,<=50K
60,Private,282421,HS-grad,9,Married-civ-spouse,Other-service,Husband,Black,Male,0,0,40,,<=50K
54,Private,54065,7th-8th,4,Divorced,Machine-op-inspct,Not-in-family,Black,Male,0,0,40,United-States,<=50K
41,Private,231507,HS-grad,9,Divorced,Sales,Unmarried,White,Female,0,0,40,United-States,<=50K
33,Private,203488,Some-college,10,Never-married,Exec-managerial,Own-child,White,Male,0,0,45,United-States,<=50K
42,Private,29702,HS-grad,9,Married-civ-spouse,Craft-repair,Husband,White,Male,0,0,42,United-States,>50K
27,Private,175034,Bachelors,13,Never-married,Adm-clerical,Not-in-family,White,Female,0,0,40,United-States,<=50K
41,,213416,5th-6th,3,Married-civ-spouse,,Husband,White,Male,0,0,32,Mexico,<=50K
40,Local-gov,105717,Masters,14,Never-married,Adm-clerical,Not-in-family,White,Female,0,1876,35,United-States,<=50K
30,Private,188146,HS-grad,9,Married-civ-spouse,Machine-op-inspct,Husband,White,Male,5013,0,40,United-States,<=50K
22,Local-gov,237811,Assoc-acdm,12,Never-married,Adm-clerical,Own-child,Black,Female,0,0,35,Haiti,<=50K
46,Private,41223,Some-college,10,Married-civ-spouse,Adm-clerical,Husband,White,Male,0,0,40,United-States,>50K
26,Private,104045,HS-grad,9,Never-married,Other-service,Own-child,White,Female,0,0,30,United-States,<=50K
23,Private,91189,Bachelors,13,Married-civ-spouse,Other-service,Husband,White,Male,0,0,20,United-States,<=50K
32,Private,343789,HS-grad,9,Married-civ-spouse,Machine-op-inspct,Husband,White,Male,5013,0,55,United-States,<=50K
34,,170276,Bachelors,13,Married-civ-spouse,,Wife,White,Female,0,0,10,United-States,>50K
55,Private,265579,Some-college,10,Widowed,Exec-managerial,Not-in-family,White,Female,2354,0,40,United-States,<=50K
23,Private,60331,HS-grad,9,Never-married,Machine-op-inspct,Own-child,White,Male,0,0,40,United-States,<=50K
25,Private,240676,Some-college,10,Divorced,Tech-support,Own-child,White,Female,0,0,40,United-States,<=50K
38,Self-emp-not-inc,197365,HS-grad,9,Married-civ-spouse,Tech-support,Husband,White,Male,0,0,50,United-States,<=50K
23,Private,130905,Bachelors,13,Never-married,Sales,Own-child,White,Female,0,0,40,United-States,<=50K
37,Private,125550,HS-grad,9,Never-married,Tech-support,Not-in-family,White,Female,14084,0,35,United-States,>50K
25,Private,190916,HS-grad,9,Never-married,Adm-clerical,Not-in-family,White,Male,0,0,40,United-States,<=50K
56,Private,136413,1st-4th,2,Married-civ-spouse,Craft-repair,Husband,White,Male,0,0,40,United-States,<=50K
75,Self-emp-not-inc,30599,Masters,14,Married-spouse-absent,Prof-specialty,Not-in-family,White,Female,0,0,50,United-States,<=50K
20,Local-gov,163965,HS-grad,9,Never-married,Other-service,Unmarried,Black,Female,0,0,40,United-States,<=50K
63,Self-emp-not-inc,181561,Some-college,10,Divorced,Exec-managerial,Not-in-family,White,Male,0,0,50,United-States,<=50K
47,Federal-gov,382532,Some-college,10,Married-civ-spouse,Craft-repair,Husband,White,Male,0,1887,40,United-States,>50K
54,Private,123011,Some-college,10,Married-civ-spouse,Sales,Husband,White,Male,0,0,45,United-States,>50K
49,Private,177543,HS-grad,9,Separated,Adm-clerical,Unmarried,White,Female,0,0,35,United-States,<=50K
37,Private,103408,HS-grad,9,Never-married,Farming-fishing,Not-in-family,Black,Male,0,0,40,United-States,<=50K
44,Private,13769,Some-college,10,Married-civ-spouse,Exec-managerial,Husband,Amer-Indian-Eskimo,Male,0,0,40,United-States,>50K
21,Self-emp-not-inc,25631,Some-college,10,Never-married,Farming-fishing,Own-child,White,Male,0,0,40,United-States,<=50K
46,Self-emp-not-inc,154083,Masters,14,Never-married,Exec-managerial,Not-in-family,White,Male,0,0,25,United-States,<=50K
51,Local-gov,47415,Assoc-acdm,12,Married-civ-spouse,Adm-clerical,Wife,White,Female,0,1628,30,United-States,<=50K
49,Private,187454,HS-grad,9,Married-civ-spouse,Sales,Husband,White,Male,99999,0,65,United-States,>50K
26,Private,50103,Some-college,10,Never-married,Sales,Not-in-family,White,Female,0,0,40,United-States,<=50K
48,Private,278039,HS-grad,9,Divorced,Sales,Not-in-family,White,Male,0,0,60,United-States,<=50K
21,,230397,Some-college,10,Never-married,,Own-child,White,Female,0,0,5,United-States,<=50K
49,Private,248895,HS-grad,9,Married-civ-spouse,Machine-op-inspct,Husband,White,Male,0,0,45,United-States,<=50K
42,Private,157443,Bachelors,13,Married-civ-spouse,Prof-specialty,Wife,Asian-Pac-Islander,Female,0,0,27,Taiwan,>50K
32,Private,233838,HS-grad,9,Married-civ-spouse,Transport-moving,Husband,Black,Male,0,0,50,United-States,<=50K
70,Private,146628,HS-grad,9,Married-civ-spouse,Transport-moving,Husband,White,Male,3471,0,33,United-States,<=50K
74,Self-emp-inc,167537,Some-college,10,Married-civ-spouse,Exec-managerial,Husband,White,Male,0,0,35,United-States,>50K
31,Private,255004,Bachelors,13,Never-married,Exec-managerial,Not-in-family,White,Male,0,1741,38,United-States,<=50K
30,Private,259425,10th,6,Never-married,Machine-op-inspct,Not-in-family,White,Male,0,0,50,United-States,<=50K
19,Private,292590,Some-college,10,Never-married,Other-service,Own-child,White,Female,0,0,20,United-States,<=50K
50,Local-gov,311551,Masters,14,Married-civ-spouse,Prof-specialty,Husband,White,Male,7688,0,50,United-States,>50K
54,Private,327769,Some-college,10,Divorced,Craft-repair,Not-in-family,White,Male,0,0,40,United-States,<=50K
28,Private,142712,Some-college,10,Married-civ-spouse,Craft-repair,Husband,White,Male,0,0,40,United-States,<=50K
27,Private,113635,Bachelors,13,Never-married,Other-service,Not-in-family,White,Male,0,0,35,United-States,<=50K
19,Private,406078,Some-college,10,Never-married,Adm-clerical,Own-child,White,Female,0,0,25,United-States,<=50K
48,Private,47686,11th,7,Married-civ-spouse,Other-service,Wife,White,Female,0,0,40,United-States,<=50K
51,Private,56915,HS-grad,9,Married-civ-spouse,Craft-repair,Husband,Amer-Indian-Eskimo,Male,0,0,40,United-States,<=50K
51,Private,145409,Some-college,10,Married-civ-spouse,Craft-repair,Husband,White,Male,0,0,50,,>50K
62,Local-gov,242341,Some-college,10,Divorced,Prof-specialty,Not-in-family,Amer-Indian-Eskimo,Male,0,0,40,United-States,<=50K
50,,222381,Some-college,10,Divorced,,Unmarried,White,Male,0,0,40,United-States,<=50K
33,Private,188403,HS-grad,9,Never-married,Machine-op-inspct,Not-in-family,White,Male,0,0,44,United-States,<=50K
49,Private,337666,HS-grad,9,Divorced,Machine-op-inspct,Not-in-family,Black,Male,0,0,40,United-States,<=50K
43,Self-emp-inc,147206,Assoc-acdm,12,Never-married,Exec-managerial,Not-in-family,White,Male,27828,0,45,United-States,>50K
21,Private,180339,Assoc-voc,11,Never-married,Farming-fishing,Not-in-family,White,Female,0,1602,30,United-States,<=50K
40,Private,231991,HS-grad,9,Divorced,Exec-managerial,Unmarried,White,Female,0,0,40,United-States,<=50K
60,State-gov,165827,Doctorate,16,Married-civ-spouse,Prof-specialty,Husband,White,Male,7688,0,60,United-States,>50K
28,Private,33895,Bachelors,13,Never-married,Sales,Not-in-family,White,Male,0,0,45,United-States,<=50K
22,Private,214542,Some-college,10,Never-married,Adm-clerical,Own-child,White,Male,0,0,40,United-States,<=50K
29,Private,120126,Bachelors,13,Married-civ-spouse,Exec-managerial,Husband,White,Male,0,1848,40,United-States,>50K
36,Private,191335,Some-college,10,Married-civ-spouse,Craft-repair,Husband,White,Male,0,0,56,United-States,<=50K
46,Private,280766,HS-grad,9,Divorced,Protective-serv,Not-in-family,White,Male,0,0,40,Cuba,<=50K
47,Private,250170,HS-grad,9,Married-civ-spouse,Machine-op-inspct,Husband,Black,Male,0,0,40,United-States,>50K
41,Self-emp-inc,73431,Bachelors,13,Widowed,Prof-specialty,Unmarried,White,Female,0,0,40,United-States,<=50K
20,,220115,HS-grad,9,Never-married,,Own-child,White,Male,0,0,12,United-States,<=50K
35,Private,246829,HS-grad,9,Divorced,Exec-managerial,Unmarried,White,Female,0,0,40,United-States,<=50K
20,Private,51816,HS-grad,9,Never-married,Protective-serv,Own-child,Black,Male,0,0,40,United-States,<=50K
21,,171156,Some-college,10,Never-married,,Not-in-family,White,Female,0,0,35,United-States,<=50K
37,Private,267085,Some-college,10,Married-civ-spouse,Adm-clerical,Husband,White,Male,0,0,40,United-States,<=50K
41,Private,217902,HS-grad,9,Married-civ-spouse,Exec-managerial,Husband,White,Male,0,0,40,United-States,>50K
37,Private,249720,Bachelors,13,Never-married,Adm-clerical,Unmarried,Black,Female,0,0,27,United-States,<=50K
63,,68954,HS-grad,9,Widowed,,Not-in-family,Black,Female,0,0,11,United-States,<=50K
33,Private,147700,HS-grad,9,Married-civ-spouse,Craft-repair,Husband,Other,Male,0,0,40,United-States,<=50K
31,Private,171871,Masters,14,Never-married,Prof-specialty,Not-in-family,White,Female,0,0,46,United-States,<=50K
24,Private,192766,HS-grad,9,Married-civ-spouse,Handlers-cleaners,Husband,White,Male,0,0,40,United-States,<=50K
37,Private,265737,Some-college,10,Married-civ-spouse,Exec-managerial,Husband,Black,Male,0,1887,60,Cuba,>50K
53,Private,242859,Some-college,10,Separated,Adm-clerical,Own-child,White,Male,0,0,40,Cuba,<=50K
31,Self-emp-inc,114937,Bachelors,13,Married-civ-spouse,Exec-managerial,Husband,White,Male,0,0,55,United-States,>50K
31,Private,237317,9th,5,Never-married,Craft-repair,Not-in-family,Other,Male,0,0,45,United-States,<=50K
71,Self-emp-not-inc,130731,HS-grad,9,Widowed,Adm-clerical,Not-in-family,White,Female,0,0,35,United-States,<=50K
32,Private,146154,HS-grad,9,Married-civ-spouse,Sales,Wife,White,Female,0,0,40,United-States,<=50K
17,,198797,11th,7,Never-married,,Own-child,White,Male,0,0,20,Peru,<=50K
24,State-gov,123160,Masters,14,Married-spouse-absent,Prof-specialty,Not-in-family,Asian-Pac-Islander,Female,0,0,10,China,<=50K
28,Private,185127,Some-college,10,Never-married,Tech-support,Not-in-family,White,Male,0,0,54,United-States,<=50K
45,Private,738812,HS-grad,9,Married-civ-spouse,Craft-repair,Husband,White,Male,0,0,46,United-States,<=50K
26,Private,128553,Some-college,10,Never-married,Exec-managerial,Own-child,Black,Female,0,0,40,United-States,<=50K
56,Private,178353,Some-college,10,Married-civ-spouse,Prof-specialty,Husband,White,Male,0,0,40,United-States,>50K
37,Local-gov,197915,7th-8th,4,Married-civ-spouse,Machine-op-inspct,Husband,White,Male,0,0,40,United-States,<=50K
24,Private,83141,Bachelors,13,Never-married,Exec-managerial,Not-in-family,White,Male,0,0,40,United-States,<=50K
21,Private,250647,Some-college,10,Never-married,Adm-clerical,Other-relative,White,Male,0,0,30,Nicaragua,<=50K
31,State-gov,116677,HS-grad,9,Married-civ-spouse,Sales,Husband,White,Male,0,0,40,United-States,<=50K
51,Private,93193,HS-grad,9,Divorced,Prof-specialty,Not-in-family,White,Female,0,0,40,United-States,<=50K
42,State-gov,178897,Masters,14,Divorced,Prof-specialty,Unmarried,White,Female,1151,0,40,United-States,<=50K
59,Private,365390,Some-college,10,Married-civ-spouse,Craft-repair,Husband,White,Male,0,0,40,United-States,<=50K
34,,146589,HS-grad,9,Never-married,,Unmarried,Black,Female,0,0,40,United-States,<=50K
44,Private,315971,Masters,14,Divorced,Other-service,Not-in-family,White,Female,0,0,55,United-States,<=50K
31,Private,349148,HS-grad,9,Married-civ-spouse,Craft-repair,Husband,White,Male,0,0,40,United-States,>50K
23,Private,391171,Some-college,10,Never-married,Other-service,Not-in-family,Black,Male,0,0,25,United-States,<=50K
27,Self-emp-inc,114158,Bachelors,13,Never-married,Exec-managerial,Own-child,White,Female,0,0,40,United-States,<=50K
20,Private,233624,HS-grad,9,Never-married,Craft-repair,Own-child,White,Male,0,0,40,United-States,<=50K
31,Private,127610,Bachelors,13,Married-civ-spouse,Prof-specialty,Wife,White,Female,0,0,40,United-States,>50K
56,Private,192845,Some-college,10,Married-civ-spouse,Exec-managerial,Husband,White,Male,0,1887,40,United-States,>50K
29,Private,147340,Some-college,10,Never-married,Sales,Own-child,White,Female,0,0,40,United-States,<=50K
46,Private,101320,Bachelors,13,Separated,Prof-specialty,Unmarried,White,Female,0,0,42,United-States,>50K
19,Private,218956,12th,8,Never-married,Machine-op-inspct,Other-relative,White,Male,0,0,40,United-States,<=50K
33,Local-gov,175509,HS-grad,9,Married-civ-spouse,Protective-serv,Husband,White,Male,0,0,40,United-States,<=50K
25,Private,124111,Bachelors,13,Never-married,Adm-clerical,Own-child,White,Female,0,0,40,United-States,<=50K
54,Private,220055,Bachelors,13,Widowed,Sales,Unmarried,White,Female,0,0,40,United-States,<=50K
42,Private,169383,Masters,14,Married-civ-spouse,Prof-specialty,Husband,White,Male,0,0,40,United-States,>50K
31,Private,159187,HS-grad,9,Divorced,Transport-moving,Own-child,White,Male,0,0,40,United-States,<=50K
20,Private,227943,HS-grad,9,Never-married,Handlers-cleaners,Own-child,White,Male,0,0,45,United-States,<=50K
62,,94931,Assoc-voc,11,Married-civ-spouse,,Husband,White,Male,3411,0,40,United-States,<=50K
33,Self-emp-inc,348326,HS-grad,9,Married-civ-spouse,Transport-moving,Husband,White,Male,0,0,50,United-States,<=50K
63,Private,158609,10th,6,Widowed,Machine-op-inspct,Not-in-family,White,Female,0,0,20,United-States,<=50K
52,Private,152234,HS-grad,9,Married-civ-spouse,Exec-managerial,Husband,Asian-Pac-Islander,Male,99999,0,40,Japan,>50K
19,Private,375114,HS-grad,9,Never-married,Craft-repair,Not-in-family,White,Female,0,0,40,United-States,<=50K
34,State-gov,117503,Bachelors,13,Married-civ-spouse,Adm-clerical,Husband,White,Male,0,0,20,Italy,<=50K
35,Private,162302,Some-college,10,Never-married,Tech-support,Own-child,White,Female,0,0,32,United-States,<=50K
47,Self-emp-inc,147869,HS-grad,9,Married-civ-spouse,Sales,Husband,White,Male,0,0,50,United-States,<=50K
41,Private,152742,Assoc-voc,11,Divorced,Tech-support,Not-in-family,White,Female,3325,0,40,United-States,<=50K
46,Private,106092,HS-grad,9,Married-civ-spouse,Exec-managerial,Husband,White,Male,0,0,45,United-States,>50K
45,Private,180695,Masters,14,Never-married,Exec-managerial,Not-in-family,White,Female,0,1408,40,United-States,<=50K
39,,110342,HS-grad,9,Married-civ-spouse,,Wife,White,Female,0,0,50,United-States,<=50K
33,Private,165235,Bachelors,13,Never-married,Other-service,Not-in-family,Asian-Pac-Islander,Female,0,0,35,Thailand,<=50K
43,Private,62857,Some-college,10,Married-civ-spouse,Craft-repair,Husband,White,Male,0,0,60,United-States,<=50K
62,State-gov,342049,HS-grad,9,Married-civ-spouse,Transport-moving,Husband,White,Male,0,0,40,United-States,<=50K
47,Private,211239,Some-college,10,Married-civ-spouse,Craft-repair,Husband,White,Male,0,0,40,United-States,<=50K
21,Private,285457,Some-college,10,Never-married,Transport-moving,Own-child,White,Male,0,0,50,United-States,<=50K
21,Private,522881,Assoc-voc,11,Never-married,Exec-managerial,Other-relative,White,Male,0,0,40,Mexico,<=50K
48,Private,157092,Some-college,10,Married-civ-spouse,Transport-moving,Husband,Black,Male,0,0,40,United-States,<=50K
51,Private,103824,HS-grad,9,Never-married,Other-service,Not-in-family,Black,Male,0,0,40,Haiti,<=50K
20,Private,105585,Some-college,10,Never-married,Sales,Own-child,White,Male,0,0,25,United-States,<=50K
39,Private,80680,Some-college,10,Divorced,Machine-op-inspct,Own-child,White,Female,0,0,40,United-States,<=50K
32,Private,155232,Bachelors,13,Divorced,Protective-serv,Not-in-family,Black,Male,0,0,60,United-States,>50K
25,Private,335376,Assoc-acdm,12,Never-married,Adm-clerical,Own-child,White,Female,0,0,38,United-States,<=50K
29,Self-emp-not-inc,75435,Some-college,10,Married-civ-spouse,Prof-specialty,Husband,Amer-Indian-Eskimo,Male,0,0,40,United-States,<=50K
27,Private,35032,Some-college,10,Married-civ-spouse,Handlers-cleaners,Husband,White,Male,0,0,40,United-States,>50K
37,Private,138940,11th,7,Married-civ-spouse,Craft-repair,Husband,White,Male,0,0,40,United-States,<=50K
33,Local-gov,319280,Some-college,10,Never-married,Tech-support,Not-in-family,White,Male,0,0,40,United-States,<=50K
59,Private,239405,HS-grad,9,Divorced,Other-service,Unmarried,Black,Female,0,0,35,Jamaica,<=50K
48,Federal-gov,72896,HS-grad,9,Married-civ-spouse,Handlers-cleaners,Husband,White,Male,0,0,40,United-States,<=50K
51,Federal-gov,914061,Some-college,10,Married-civ-spouse,Adm-clerical,Husband,White,Male,0,0,44,United-States,>50K
41,Private,190205,HS-grad,9,Married-civ-spouse,Craft-repair,Husband,White,Male,0,0,45,United-States,<=50K
19,State-gov,149528,Some-college,10,Never-married,Farming-fishing,Own-child,White,Male,0,0,12,United-States,<=50K
45,Private,182313,Bachelors,13,Married-civ-spouse,Exec-managerial,Husband,White,Male,7688,0,50,United-States,>50K
53,Private,233165,HS-grad,9,Married-civ-spouse,Exec-managerial,Husband,White,Male,0,0,60,United-States,>50K
46,Private,174995,HS-grad,9,Divorced,Adm-clerical,Unmarried,White,Female,0,0,45,United-States,<=50K
35,Private,54953,HS-grad,9,Married-civ-spouse,Craft-repair,Husband,White,Male,0,0,40,United-States,<=50K
33,Self-emp-not-inc,109509,HS-grad,9,Never-married,Craft-repair,Not-in-family,White,Male,0,0,35,United-States,<=50K
62,Private,143943,Bachelors,13,Widowed,Tech-support,Unmarried,White,Female,0,0,7,United-States,<=50K
63,Private,207385,Some-college,10,Married-civ-spouse,Sales,Husband,White,Male,0,0,30,United-States,<=50K
41,Private,194537,Bachelors,13,Divorced,Prof-specialty,Not-in-family,White,Female,0,0,40,United-States,<=50K
23,,283806,9th,5,Divorced,,Not-in-family,White,Female,0,0,35,United-States,<=50K
20,Private,44793,Some-college,10,Never-married,Transport-moving,Not-in-family,White,Male,0,0,60,United-States,<=50K
67,,183374,HS-grad,9,Widowed,,Not-in-family,White,Female,2329,0,15,United-States,<=50K
53,Private,308082,Preschool,1,Never-married,Other-service,Not-in-family,White,Female,0,0,15,El-Salvador,<=50K
40,Private,353432,10th,6,Divorced,Machine-op-inspct,Not-in-family,White,Female,0,0,35,United-States,<=50K
22,Private,238917,11th,7,Never-married,Craft-repair,Unmarried,White,Male,0,0,40,El-Salvador,<=50K
28,Private,173483,Bachelors,13,Married-civ-spouse,Prof-specialty,Wife,White,Female,5013,0,20,United-States,<=50K
31,Private,169269,7th-8th,4,Never-married,Craft-repair,Unmarried,White,Male,0,0,40,United-States,<=50K
47,Private,190139,Masters,14,Married-civ-spouse,Exec-managerial,Husband,White,Male,0,0,40,United-States,>50K
56,Private,126677,HS-grad,9,Married-civ-spouse,Machine-op-inspct,Husband,White,Male,3103,0,40,United-States,>50K
43,Private,334991,Some-college,10,Separated,Transport-moving,Unmarried,White,Male,4934,0,51,United-States,>50K
31,Private,59469,HS-grad,9,Never-married,Other-service,Not-in-family,White,Male,0,0,40,United-States,<=50K
21,Private,265361,HS-grad,9,Never-married,Farming-fishing,Not-in-family,White,Male,0,0,50,United-States,<=50K
53,Private,251063,Some-college,10,Separated,Exec-managerial,Unmarried,Black,Female,0,0,40,United-States,<=50K
28,Private,104024,Some-college,10,Never-married,Sales,Other-relative,White,Female,0,0,40,United-States,<=50K
27,Private,157612,Bachelors,13,Never-married,Prof-specialty,Not-in-family,White,Female,0,0,55,United-States,<=50K
23,Private,70919,Bachelors,13,Never-married,Exec-managerial,Not-in-family,White,Male,0,0,40,United-States,<=50K
25,Private,207875,7th-8th,4,Married-civ-spouse,Handlers-cleaners,Husband,White,Male,0,0,40,Mexico,<=50K
21,Private,180052,Some-college,10,Never-married,Transport-moving,Own-child,White,Male,0,0,30,United-States,<=50K
34,Local-gov,117392,Masters,14,Never-married,Prof-specialty,Not-in-family,White,Female,0,0,40,United-States,<=50K
41,Private,82161,HS-grad,9,Married-civ-spouse,Transport-moving,Husband,White,Male,0,0,40,United-States,<=50K
29,Private,24562,Bachelors,13,Divorced,Other-service,Unmarried,Other,Female,0,0,40,United-States,<=50K
40,Private,227466,HS-grad,9,Married-civ-spouse,Transport-moving,Husband,Black,Male,0,0,50,United-States,<=50K
20,Private,293726,Some-college,10,Never-married,Craft-repair,Not-in-family,White,Male,0,0,40,United-States,<=50K
37,Private,359001,Assoc-voc,11,Married-civ-spouse,Transport-moving,Husband,White,Male,15024,0,50,United-States,>50K
37,Private,179731,HS-grad,9,Never-married,Other-service,Unmarried,White,Female,0,0,35,United-States,<=50K
21,Private,313873,5th-6th,3,Never-married,Handlers-cleaners,Not-in-family,White,Male,0,0,40,Mexico,<=50K
37,Private,160920,Assoc-acdm,12,Married-civ-spouse,Adm-clerical,Husband,White,Male,0,0,40,United-States,<=50K
72,Private,109385,1st-4th,2,Married-civ-spouse,Other-service,Husband,Black,Male,0,0,36,United-States,<=50K
41,Private,248476,HS-grad,9,Married-civ-spouse,Craft-repair,Husband,White,Male,0,0,40,United-States,<=50K
18,Private,274057,11th,7,Never-married,Other-service,Own-child,Black,Male,0,0,8,United-States,<=50K
20,Private,285671,HS-grad,9,Never-married,Other-service,Other-relative,Black,Male,0,0,25,United-States,<=50K
57,Private,74156,HS-grad,9,Married-civ-spouse,Other-service,Husband,White,Male,0,0,30,United-States,<=50K
23,Private,260617,10th,6,Never-married,Craft-repair,Not-in-family,White,Male,0,0,40,United-States,<=50K
42,Local-gov,254817,Some-college,10,Never-married,Prof-specialty,Not-in-family,White,Female,0,1340,40,United-States,<=50K
23,Private,197286,Bachelors,13,Never-married,Adm-clerical,Own-child,White,Female,0,0,40,United-States,<=50K
41,Private,313830,HS-grad,9,Never-married,Prof-specialty,Not-in-family,White,Female,0,0,40,United-States,<=50K
26,Local-gov,73392,HS-grad,9,Never-married,Handlers-cleaners,Own-child,Amer-Indian-Eskimo,Male,0,0,30,United-States,<=50K
36,Private,362067,Assoc-voc,11,Separated,Adm-clerical,Unmarried,Black,Female,0,0,40,United-States,<=50K
29,Private,307812,HS-grad,9,Married-civ-spouse,Craft-repair,Husband,White,Male,0,0,60,United-States,<=50K
29,Private,132874,HS-grad,9,Married-civ-spouse,Craft-repair,Husband,White,Male,0,0,40,United-States,<=50K
23,Private,316841,Some-college,10,Married-civ-spouse,Other-service,Husband,White,Male,0,0,40,United-States,<=50K
43,Private,160815,Assoc-voc,11,Divorced,Prof-specialty,Unmarried,White,Female,0,0,40,United-States,<=50K
30,Private,97521,Bachelors,13,Married-civ-spouse,Sales,Husband,White,Male,0,0,50,United-States,>50K
36,Private,186934,HS-grad,9,Married-civ-spouse,Exec-managerial,Husband,White,Male,0,0,50,United-States,>50K
44,Private,111275,HS-grad,9,Divorced,Machine-op-inspct,Unmarried,Black,Female,0,0,56,United-States,<=50K
36,Private,186819,Assoc-acdm,12,Married-civ-spouse,Craft-repair,Husband,White,Male,0,0,52,United-States,>50K
39,Private,176186,Some-college,10,Married-civ-spouse,Machine-op-inspct,Husband,White,Male,0,0,40,United-States,>50K
63,Private,223637,HS-grad,9,Never-married,Other-service,Not-in-family,Black,Female,0,0,50,United-States,<=50K
38,Private,52187,Bachelors,13,Married-civ-spouse,Sales,Husband,White,Male,15024,0,50,United-States,>50K
30,Private,112263,11th,7,Divorced,Handlers-cleaners,Own-child,White,Male,0,0,40,United-States,<=50K
40,Private,71738,Masters,14,Married-civ-spouse,Exec-managerial,Husband,White,Male,0,0,46,United-States,>50K
53,Private,180062,7th-8th,4,Married-civ-spouse,Craft-repair,Husband,White,Male,0,0,40,United-States,<=50K
49,Private,314773,Assoc-voc,11,Married-civ-spouse,Prof-specialty,Husband,White,Male,0,0,40,United-States,<=50K
20,,222007,Some-college,10,Never-married,,Own-child,White,Male,0,0,24,United-States,<=50K
23,Private,349156,HS-grad,9,Never-married,Farming-fishing,Not-in-family,White,Male,0,0,45,United-States,<=50K
21,Private,148444,Some-college,10,Never-married,Sales,Own-child,White,Female,0,0,25,United-States,<=50K
41,Self-emp-not-inc,38434,Masters,14,Never-married,Sales,Not-in-family,White,Female,0,0,30,United-States,<=50K
29,Private,166220,Bachelors,13,Never-married,Sales,Own-child,White,Female,0,0,50,United-States,<=50K
36,Private,275338,Bachelors,13,Married-civ-spouse,Exec-managerial,Wife,White,Female,0,0,40,United-States,>50K
32,Local-gov,240979,Some-college,10,Married-civ-spouse,Craft-repair,Husband,White,Male,0,0,60,United-States,>50K
27,Federal-gov,46442,Bachelors,13,Never-married,Protective-serv,Not-in-family,White,Female,0,0,35,United-States,<=50K
54,,148657,Preschool,1,Married-civ-spouse,,Wife,White,Female,0,0,40,Mexico,<=50K
60,Private,118197,Some-college,10,Married-civ-spouse,Craft-repair,Husband,White,Male,0,0,65,United-States,<=50K
37,Private,262278,Assoc-voc,11,Married-civ-spouse,Exec-managerial,Husband,Black,Male,15024,0,45,United-States,>50K
29,,44921,HS-grad,9,Married-civ-spouse,,Wife,White,Female,0,0,40,United-States,<=50K
37,Private,61299,Some-college,10,Married-civ-spouse,Craft-repair,Husband,White,Male,0,0,45,United-States,<=50K
19,Private,552354,12th,8,Never-married,Machine-op-inspct,Own-child,White,Male,0,0,40,United-States,<=50K
31,Private,158545,HS-grad,9,Married-civ-spouse,Adm-clerical,Wife,White,Female,0,0,27,United-States,<=50K
25,Private,149486,HS-grad,9,Never-married,Machine-op-inspct,Unmarried,Black,Male,0,0,40,United-States,<=50K
35,Private,180137,Some-college,10,Divorced,Exec-managerial,Unmarried,White,Male,0,0,60,United-States,<=50K
71,Private,269708,Bachelors,13,Divorced,Tech-support,Own-child,White,Female,2329,0,16,United-States,<=50K
48,Private,317360,Some-college,10,Divorced,Adm-clerical,Not-in-family,White,Female,0,0,50,United-States,<=50K
46,Private,72896,Assoc-acdm,12,Married-civ-spouse,Craft-repair,Husband,White,Male,0,0,45,United-States,<=50K
25,Private,250038,HS-grad,9,Married-civ-spouse,Adm-clerical,Husband,White,Male,0,0,40,United-States,>50K
62,Private,41718,10th,6,Married-civ-spouse,Sales,Husband,White,Male,0,0,35,United-States,<=50K
32,Private,124420,HS-grad,9,Never-married,Machine-op-inspct,Not-in-family,White,Male,0,0,40,United-States,<=50K
31,Self-emp-inc,31740,Assoc-voc,11,Married-civ-spouse,Farming-fishing,Husband,White,Male,0,0,55,United-States,<=50K
42,Private,208875,Some-college,10,Married-civ-spouse,Exec-managerial,Wife,White,Female,0,0,40,El-Salvador,>50K
45,Private,117310,Bachelors,13,Divorced,Sales,Not-in-family,White,Female,0,0,46,United-States,<=50K
36,Private,126569,HS-grad,9,Married-civ-spouse,Prof-specialty,Husband,White,Male,0,0,45,Ecuador,>50K
36,Local-gov,161132,Some-college,10,Never-married,Protective-serv,Not-in-family,White,Male,0,0,56,United-States,<=50K
52,Private,251908,Masters,14,Divorced,Prof-specialty,Unmarried,White,Female,0,2547,40,United-States,>50K
24,Private,205844,Bachelors,13,Never-married,Exec-managerial,Own-child,Black,Female,0,0,65,United-States,<=50K
19,Private,214935,Some-college,10,Never-married,Handlers-cleaners,Own-child,White,Male,0,0,40,United-States,<=50K
31,Private,329172,Some-college,10,Divorced,Adm-clerical,Unmarried,White,Female,0,0,40,United-States,<=50K
44,Private,317320,Some-college,10,Divorced,Other-service,Unmarried,White,Female,0,0,40,United-States,<=50K
20,Private,218343,HS-grad,9,Never-married,Other-service,Own-child,White,Female,0,0,25,United-States,<=50K
43,Private,169076,HS-grad,9,Married-civ-spouse,Machine-op-inspct,Husband,Black,Male,0,0,40,United-States,<=50K
62,,190873,Bachelors,13,Married-civ-spouse,,Wife,White,Female,0,0,40,United-States,<=50K
47,Private,165937,HS-grad,9,Married-civ-spouse,Machine-op-inspct,Husband,White,Male,0,0,50,United-States,>50K
23,Private,449432,Some-college,10,Never-married,Adm-clerical,Own-child,White,Male,0,0,40,United-States,<=50K
36,Private,137527,Bachelors,13,Never-married,Adm-clerical,Not-in-family,White,Female,0,0,50,United-States,<=50K
53,Private,223660,HS-grad,9,Widowed,Machine-op-inspct,Not-in-family,White,Male,6849,0,40,United-States,<=50K
25,Private,281627,Bachelors,13,Never-married,Tech-support,Not-in-family,White,Female,0,1564,30,United-States,>50K
51,Private,138852,10th,6,Married-civ-spouse,Craft-repair,Husband,White,Male,0,0,50,United-States,<=50K
79,,144533,HS-grad,9,Widowed,,Not-in-family,Black,Female,0,0,30,United-States,<=50K
30,Private,171483,HS-grad,9,Never-married,Craft-repair,Own-child,White,Male,0,0,38,United-States,<=50K
30,Private,188798,Some-college,10,Divorced,Other-service,Own-child,White,Female,0,0,20,United-States,<=50K
47,Private,200734,HS-grad,9,Separated,Priv-house-serv,Not-in-family,Black,Female,0,0,50,Nicaragua,<=50K
41,Private,194710,HS-grad,9,Never-married,Exec-managerial,Not-in-family,White,Female,0,0,40,United-States,<=50K
33,Private,93213,HS-grad,9,Married-civ-spouse,Craft-repair,Husband,White,Male,0,0,45,United-States,<=50K
49,Self-emp-inc,125892,Masters,14,Married-civ-spouse,Exec-managerial,Husband,White,Male,0,0,50,United-States,>50K
19,Private,261259,HS-grad,9,Never-married,Handlers-cleaners,Own-child,White,Male,0,0,20,United-States,<=50K
17,Local-gov,191910,11th,7,Never-married,Sales,Own-child,White,Male,0,0,20,United-States,<=50K
19,Private,206599,Some-college,10,Never-married,Adm-clerical,Own-child,White,Female,0,0,16,United-States,<=50K
44,Self-emp-inc,118212,Bachelors,13,Married-civ-spouse,Exec-managerial,Husband,White,Male,99999,0,70,United-States,>50K
28,Private,142443,HS-grad,9,Never-married,Craft-repair,Own-child,White,Male,0,0,40,United-States,<=50K
60,Private,142494,Some-college,10,Married-civ-spouse,Exec-managerial,Husband,White,Male,15024,0,40,United-States,>50K
32,Private,132767,Bachelors,13,Married-civ-spouse,Sales,Husband,White,Male,0,0,50,United-States,>50K
19,Private,66838,Some-college,10,Never-married,Sales,Own-child,White,Female,0,0,9,United-States,<=50K
28,Private,143582,HS-grad,9,Married-spouse-absent,Other-service,Not-in-family,Asian-Pac-Islander,Female,0,0,40,South,<=50K
28,State-gov,190525,Masters,14,Never-married,Prof-specialty,Not-in-family,White,Male,0,0,50,United-States,<=50K
24,Private,219835,7th-8th,4,Never-married,Handlers-cleaners,Not-in-family,White,Male,0,0,24,Guatemala,<=50K
18,,256191,HS-grad,9,Never-married,,Own-child,Black,Female,0,0,25,United-States,<=50K
26,Private,324854,Bachelors,13,Never-married,Prof-specialty,Not-in-family,White,Female,0,0,40,United-States,>50K
54,Private,141663,HS-grad,9,Never-married,Other-service,Not-in-family,White,Male,0,0,15,United-States,<=50K
35,Private,208165,HS-grad,9,Divorced,Exec-managerial,Unmarried,White,Female,0,0,50,United-States,<=50K
51,Private,254211,Bachelors,13,Married-civ-spouse,Craft-repair,Husband,White,Male,0,0,20,United-States,>50K
17,Private,216086,11th,7,Never-married,Other-service,Own-child,White,Female,0,0,30,United-States,<=50K
34,Local-gov,234096,Assoc-acdm,12,Married-civ-spouse,Prof-specialty,Husband,White,Male,0,0,40,United-States,>50K
61,,253101,Bachelors,13,Divorced,,Not-in-family,White,Female,0,0,24,United-States,<=50K
50,Local-gov,97449,Some-college,10,Married-civ-spouse,Protective-serv,Husband,White,Male,0,0,48,United-States,<=50K
18,,30246,11th,7,Never-married,,Own-child,White,Female,0,0,45,United-States,<=50K
42,Private,230684,HS-grad,9,Married-civ-spouse,Sales,Husband,White,Male,5178,0,50,United-States,>50K
54,,180211,Some-college,10,Married-civ-spouse,,Husband,Asian-Pac-Islander,Male,0,0,60,South,>50K
44,State-gov,208163,Assoc-voc,11,Separated,Protective-serv,Unmarried,White,Male,0,0,40,United-States,<=50K
28,Private,302903,Bachelors,13,Married-civ-spouse,Prof-specialty,Wife,Asian-Pac-Islander,Female,0,1485,40,United-States,<=50K
33,Private,160634,HS-grad,9,Married-civ-spouse,Machine-op-inspct,Husband,White,Male,0,0,50,United-States,>50K
25,Private,197871,Bachelors,13,Never-married,Exec-managerial,Not-in-family,White,Male,0,0,50,United-States,<=50K
31,Private,42900,Bachelors,13,Never-married,Tech-support,Not-in-family,White,Male,0,0,37,United-States,<=50K
38,Private,121602,HS-grad,9,Married-civ-spouse,Machine-op-inspct,Husband,White,Male,0,0,40,United-States,<=50K
48,Private,379883,Masters,14,Married-civ-spouse,Prof-specialty,Husband,White,Male,0,0,40,Cuba,>50K
39,Private,181983,Doctorate,16,Divorced,Exec-managerial,Not-in-family,White,Female,0,2559,60,England,>50K
32,Private,154785,Some-college,10,Never-married,Adm-clerical,Unmarried,Asian-Pac-Islander,Female,0,0,40,China,<=50K
31,,170513,HS-grad,9,Divorced,,Not-in-family,White,Female,0,0,99,United-States,<=50K
57,Private,334224,Some-college,10,Married-civ-spouse,Craft-repair,Wife,White,Female,9386,0,40,United-States,>50K
42,Self-emp-inc,230592,Bachelors,13,Married-civ-spouse,Sales,Husband,White,Male,0,0,50,United-States,<=50K
26,Private,328663,HS-grad,9,Married-civ-spouse,Transport-moving,Husband,Other,Male,0,0,40,United-States,<=50K
38,State-gov,91670,Some-college,10,Divorced,Prof-specialty,Own-child,Asian-Pac-Islander,Female,0,0,40,United-States,<=50K
50,Self-emp-not-inc,213654,HS-grad,9,Married-civ-spouse,Sales,Husband,Black,Male,0,0,40,United-States,<=50K
48,Private,329778,HS-grad,9,Widowed,Other-service,Unmarried,White,Female,0,0,40,United-States,<=50K
30,Private,224147,HS-grad,9,Never-married,Transport-moving,Own-child,Black,Male,0,0,40,United-States,<=50K
64,Private,103021,7th-8th,4,Married-civ-spouse,Craft-repair,Husband,White,Male,0,0,40,United-States,<=50K
25,Private,206600,9th,5,Never-married,Machine-op-inspct,Other-relative,White,Male,0,0,48,Mexico,<=50K
21,,199915,Some-college,10,Never-married,,Own-child,White,Female,0,0,35,United-States,<=50K
20,Private,214387,HS-grad,9,Never-married,Machine-op-inspct,Own-child,White,Male,0,0,40,United-States,<=50K
49,Local-gov,126754,HS-grad,9,Married-civ-spouse,Other-service,Other-relative,White,Male,0,0,40,Italy,<=50K
19,,20469,HS-grad,9,Never-married,,Other-relative,Asian-Pac-Islander,Female,0,0,12,South,<=50K
19,Private,185097,HS-grad,9,Never-married,Handlers-cleaners,Not-in-family,White,Female,0,0,37,United-States,<=50K
45,Private,164210,Some-college,10,Divorced,Exec-managerial,Not-in-family,White,Female,0,0,40,United-States,<=50K
35,Private,207202,10th,6,Married-civ-spouse,Transport-moving,Husband,White,Male,0,0,70,United-States,<=50K
62,Federal-gov,52765,9th,5,Divorced,Other-service,Unmarried,White,Female,0,0,40,United-States,<=50K
62,Private,122033,HS-grad,9,Widowed,Adm-clerical,Not-in-family,White,Female,0,0,38,United-States,<=50K
20,,95989,Some-college,10,Never-married,,Own-child,White,Female,0,0,40,United-States,<=50K
52,Private,232132,12th,8,Married-civ-spouse,Machine-op-inspct,Husband,White,Male,0,0,45,United-States,>50K
26,Private,389856,HS-grad,9,Never-married,Transport-moving,Not-in-family,White,Male,0,0,40,United-States,<=50K
34,Self-emp-not-inc,349148,Some-college,10,Married-civ-spouse,Craft-repair,Husband,White,Male,0,0,40,United-States,<=50K
52,Private,201783,Some-college,10,Married-civ-spouse,Exec-managerial,Husband,White,Male,7688,0,40,United-States,>50K
51,Private,194259,Bachelors,13,Divorced,Tech-support,Unmarried,White,Female,0,0,40,United-States,<=50K
62,State-gov,160062,HS-grad,9,Married-civ-spouse,Transport-moving,Husband,White,Male,0,0,44,United-States,<=50K
57,Private,120302,HS-grad,9,Married-civ-spouse,Machine-op-inspct,Husband,White,Male,0,0,40,United-States,<=50K
69,,163595,HS-grad,9,Widowed,,Not-in-family,White,Female,0,0,20,United-States,<=50K
35,Private,301862,HS-grad,9,Never-married,Craft-repair,Unmarried,White,Male,0,0,50,United-States,<=50K
30,Private,196963,Assoc-acdm,12,Never-married,Tech-support,Own-child,White,Female,0,0,15,United-States,<=50K
26,Private,174921,Bachelors,13,Never-married,Prof-specialty,Not-in-family,White,Female,0,0,40,United-States,<=50K
26,Private,279145,HS-grad,9,Married-civ-spouse,Craft-repair,Husband,White,Male,0,0,50,United-States,<=50K
42,Private,255847,HS-grad,9,Married-civ-spouse,Machine-op-inspct,Husband,White,Male,4386,0,48,United-States,>50K
31,Private,182177,Bachelors,13,Married-civ-spouse,Other-service,Husband,White,Male,0,0,40,Yugoslavia,<=50K
43,Local-gov,144778,HS-grad,9,Married-civ-spouse,Exec-managerial,Husband,White,Male,0,0,40,,<=50K
37,Private,77820,Bachelors,13,Married-civ-spouse,Exec-managerial,Husband,White,Male,0,0,50,United-States,>50K
50,Self-emp-not-inc,279129,Masters,14,Married-civ-spouse,Exec-managerial,Husband,White,Male,0,0,20,United-States,<=50K
23,Private,56774,HS-grad,9,Never-married,Craft-repair,Own-child,White,Male,0,0,40,United-States,<=50K
80,Private,138737,HS-grad,9,Divorced,Adm-clerical,Other-relative,White,Female,0,0,20,United-States,<=50K
45,Self-emp-not-inc,123681,Prof-school,15,Married-civ-spouse,Prof-specialty,Husband,White,Male,0,0,40,United-States,>50K
47,Private,362835,Bachelors,13,Married-civ-spouse,Sales,Husband,White,Male,0,0,60,United-States,>50K
51,Local-gov,110327,Bachelors,13,Married-civ-spouse,Exec-managerial,Husband,White,Male,0,0,40,United-States,>50K
51,Self-emp-inc,124963,Masters,14,Married-civ-spouse,Sales,Husband,White,Male,0,0,40,United-States,>50K
48,Local-gov,142719,Masters,14,Married-civ-spouse,Prof-specialty,Husband,White,Male,0,0,40,United-States,>50K
19,Private,128346,HS-grad,9,Never-married,Machine-op-inspct,Own-child,White,Female,0,0,40,United-States,<=50K
28,Private,309566,HS-grad,9,Never-married,Adm-clerical,Unmarried,White,Female,0,0,20,United-States,<=50K
45,Private,102202,Assoc-voc,11,Divorced,Adm-clerical,Not-in-family,White,Female,0,0,40,United-States,<=50K
41,Private,154076,Some-college,10,Married-civ-spouse,Adm-clerical,Husband,White,Male,0,0,50,United-States,>50K
35,State-gov,172475,Bachelors,13,Never-married,Exec-managerial,Not-in-family,Asian-Pac-Islander,Female,2977,0,45,United-States,<=50K
30,Never-worked,176673,HS-grad,9,Married-civ-spouse,,Wife,Black,Female,0,0,40,United-States,<=50K
27,Private,167031,Bachelors,13,Never-married,Prof-specialty,Unmarried,Other,Female,0,0,33,United-States,<=50K
34,Private,153927,Bachelors,13,Married-civ-spouse,Prof-specialty,Husband,White,Male,0,0,40,United-States,>50K
41,Local-gov,39581,HS-grad,9,Separated,Other-service,Not-in-family,Black,Female,4101,0,40,United-States,<=50K
47,Self-emp-not-inc,33300,Assoc-acdm,12,Never-married,Farming-fishing,Other-relative,White,Male,10520,0,45,United-States,>50K
23,Private,162945,7th-8th,4,Never-married,Other-service,Own-child,White,Male,0,0,35,United-States,<=50K
44,Private,222011,Masters,14,Divorced,Prof-specialty,Unmarried,White,Female,0,0,25,United-States,>50K
46,Private,96773,HS-grad,9,Married-civ-spouse,Craft-repair,Husband,White,Male,0,0,40,United-States,<=50K
26,Private,170786,Some-college,10,Married-civ-spouse,Transport-moving,Husband,White,Male,0,0,40,United-States,<=50K
29,Private,175639,Some-college,10,Divorced,Other-service,Unmarried,White,Female,0,0,28,United-States,<=50K
29,Private,272913,HS-grad,9,Married-civ-spouse,Adm-clerical,Husband,White,Male,0,0,30,Mexico,<=50K
28,Private,129814,Some-college,10,Separated,Craft-repair,Unmarried,White,Male,0,0,50,United-States,<=50K
37,Private,131827,HS-grad,9,Never-married,Craft-repair,Unmarried,White,Male,0,0,40,United-States,<=50K
20,Federal-gov,410446,HS-grad,9,Never-married,Adm-clerical,Other-relative,White,Male,0,0,20,United-States,<=50K
39,State-gov,222530,Some-college,10,Never-married,Prof-specialty,Not-in-family,Black,Female,0,1590,40,United-States,<=50K
30,Private,176410,Assoc-voc,11,Married-civ-spouse,Prof-specialty,Own-child,White,Female,7298,0,16,United-States,>50K
24,Self-emp-not-inc,81145,Some-college,10,Never-married,Other-service,Not-in-family,White,Female,0,0,75,United-States,<=50K
52,Federal-gov,279337,HS-grad,9,Married-civ-spouse,Adm-clerical,Husband,White,Male,0,0,40,United-States,<=50K
25,Private,274228,HS-grad,9,Married-civ-spouse,Tech-support,Husband,White,Male,0,0,84,United-States,<=50K
30,Private,84119,Some-college,10,Married-civ-spouse,Craft-repair,Husband,White,Male,0,2051,40,United-States,<=50K
28,Private,215873,10th,6,Never-married,Machine-op-inspct,Own-child,Black,Male,0,0,45,United-States,<=50K
52,Private,48947,Some-college,10,Divorced,Adm-clerical,Unmarried,White,Female,0,0,45,United-States,<=50K
18,,78181,HS-grad,9,Never-married,,Own-child,White,Female,0,0,20,United-States,<=50K
42,Federal-gov,230438,Some-college,10,Married-civ-spouse,Adm-clerical,Husband,White,Male,0,1887,40,United-States,>50K
28,Private,101774,Some-college,10,Married-civ-spouse,Exec-managerial,Husband,White,Male,0,1848,50,United-States,>50K
54,Private,165001,HS-grad,9,Married-civ-spouse,Exec-managerial,Husband,White,Male,0,0,48,United-States,>50K
44,Private,373050,HS-grad,9,Married-civ-spouse,Transport-moving,Husband,White,Male,0,0,40,United-States,<=50K
20,Private,337639,Some-college,10,Never-married,Sales,Own-child,White,Male,0,0,40,United-States,<=50K
25,Private,91334,Assoc-voc,11,Married-civ-spouse,Exec-managerial,Husband,White,Male,0,0,75,United-States,<=50K
30,Private,285855,9th,5,Married-civ-spouse,Craft-repair,Husband,White,Male,0,0,40,United-States,<=50K
47,Private,361390,10th,6,Married-civ-spouse,Machine-op-inspct,Husband,White,Male,4064,0,40,Italy,<=50K
23,Private,165474,Some-college,10,Never-married,Craft-repair,Not-in-family,White,Male,0,0,40,United-States,<=50K
20,Self-emp-not-inc,115085,Some-college,10,Never-married,Farming-fishing,Own-child,White,Male,0,0,40,United-States,<=50K
35,Private,117166,Bachelors,13,Never-married,Exec-managerial,Not-in-family,White,Male,0,0,50,United-States,<=50K
44,Private,148138,Doctorate,16,Married-civ-spouse,Exec-managerial,Husband,Asian-Pac-Islander,Male,15024,0,40,Japan,>50K
25,Private,295919,Assoc-acdm,12,Never-married,Adm-clerical,Unmarried,White,Female,0,0,40,United-States,<=50K
38,Private,277022,Some-college,10,Divorced,Adm-clerical,Unmarried,White,Female,0,0,40,Columbia,<=50K
40,Local-gov,243580,Bachelors,13,Married-civ-spouse,Prof-specialty,Husband,White,Male,0,0,48,United-States,<=50K
40,Private,184471,Some-college,10,Divorced,Machine-op-inspct,Not-in-family,White,Male,0,0,40,United-States,<=50K
28,Private,30070,Bachelors,13,Married-civ-spouse,Sales,Husband,White,Male,0,0,50,United-States,<=50K
45,Private,161954,Bachelors,13,Never-married,Prof-specialty,Not-in-family,White,Female,0,0,40,Germany,<=50K
27,Private,128365,Bachelors,13,Never-married,Prof-specialty,Own-child,White,Male,0,0,40,United-States,<=50K
27,Private,191515,Masters,14,Never-married,Prof-specialty,Not-in-family,White,Male,0,0,45,United-States,<=50K
66,Self-emp-not-inc,198766,HS-grad,9,Widowed,Sales,Not-in-family,White,Male,0,0,40,United-States,<=50K
35,Private,155961,HS-grad,9,Never-married,Other-service,Own-child,Black,Female,0,0,35,Jamaica,<=50K
25,Private,109080,Some-college,10,Never-married,Craft-repair,Own-child,White,Male,0,0,55,United-States,<=50K
19,Private,300679,Some-college,10,Never-married,Craft-repair,Own-child,White,Female,0,0,40,United-States,<=50K
56,Private,187487,HS-grad,9,Married-civ-spouse,Craft-repair,Husband,White,Male,0,0,48,United-States,>50K
31,Self-emp-not-inc,195891,HS-grad,9,Married-civ-spouse,Craft-repair,Own-child,White,Male,0,0,40,United-States,<=50K
20,Local-gov,235894,Some-college,10,Never-married,Farming-fishing,Own-child,White,Male,0,0,40,United-States,<=50K
45,Self-emp-not-inc,247053,HS-grad,9,Married-civ-spouse,Craft-repair,Husband,White,Male,0,0,40,United-States,<=50K
35,Local-gov,190964,Bachelors,13,Married-civ-spouse,Craft-repair,Husband,White,Male,0,0,40,United-States,<=50K
43,Private,245056,HS-grad,9,Married-civ-spouse,Adm-clerical,Husband,Black,Male,0,0,40,United-States,>50K
47,Private,329144,Some-college,10,Divorced,Prof-specialty,Not-in-family,White,Male,0,0,48,United-States,>50K
34,State-gov,32174,HS-grad,9,Separated,Other-service,Not-in-family,White,Female,0,0,40,United-States,<=50K
50,Self-emp-inc,160107,Masters,14,Married-civ-spouse,Prof-specialty,Husband,White,Male,0,0,55,United-States,>50K
45,Private,220213,HS-grad,9,Widowed,Craft-repair,Not-in-family,White,Female,0,0,40,United-States,<=50K
21,Local-gov,212780,12th,8,Never-married,Handlers-cleaners,Unmarried,Black,Female,0,0,20,United-States,<=50K
41,Private,169628,HS-grad,9,Married-civ-spouse,Machine-op-inspct,Wife,Black,Female,0,0,40,,<=50K
17,Private,156736,10th,6,Never-married,Sales,Unmarried,White,Female,0,0,12,United-States,<=50K
54,Self-emp-inc,304570,Bachelors,13,Married-civ-spouse,Machine-op-inspct,Husband,Asian-Pac-Islander,Male,7688,0,40,,>50K
29,Private,229729,HS-grad,9,Never-married,Transport-moving,Not-in-family,White,Male,0,0,40,United-States,<=50K
40,Self-emp-inc,102226,HS-grad,9,Married-civ-spouse,Exec-managerial,Husband,White,Male,0,0,40,United-States,<=50K
35,Self-emp-inc,185621,Bachelors,13,Never-married,Exec-managerial,Not-in-family,White,Female,0,0,60,United-States,>50K
38,Private,204527,HS-grad,9,Married-civ-spouse,Craft-repair,Husband,White,Male,0,0,50,United-States,<=50K
50,Private,248619,HS-grad,9,Married-civ-spouse,Craft-repair,Husband,White,Male,0,0,40,United-States,<=50K
50,Private,143664,Bachelors,13,Never-married,Exec-managerial,Not-in-family,White,Male,0,0,40,United-States,<=50K
43,Local-gov,33331,Masters,14,Married-civ-spouse,Exec-managerial,Husband,White,Male,0,0,40,United-States,>50K
19,Private,193859,Some-college,10,Never-married,Adm-clerical,Not-in-family,White,Male,2176,0,35,Germany,<=50K
30,Private,262092,Bachelors,13,Married-civ-spouse,Sales,Husband,White,Male,0,0,55,United-States,<=50K
22,Private,167868,HS-grad,9,Never-married,Sales,Not-in-family,White,Female,0,0,30,United-States,<=50K
51,Private,217480,Some-college,10,Separated,Adm-clerical,Not-in-family,Black,Male,8614,0,40,United-States,>50K
43,Private,116379,HS-grad,9,Married-civ-spouse,Exec-managerial,Husband,Asian-Pac-Islander,Male,0,0,60,China,>50K
36,Private,151835,HS-grad,9,Married-civ-spouse,Other-service,Husband,White,Male,0,0,60,United-States,>50K
48,Private,82008,HS-grad,9,Married-civ-spouse,Transport-moving,Husband,White,Male,0,0,50,United-States,<=50K
42,State-gov,304302,HS-grad,9,Married-civ-spouse,Transport-moving,Husband,Amer-Indian-Eskimo,Male,0,0,40,United-States,<=50K
41,Self-emp-not-inc,274158,Some-college,10,Married-civ-spouse,Machine-op-inspct,Husband,White,Male,0,0,30,United-States,<=50K
53,State-gov,197184,Masters,14,Married-civ-spouse,Exec-managerial,Husband,White,Male,0,0,70,United-States,>50K
43,Private,299197,Some-college,10,Married-civ-spouse,Adm-clerical,Husband,White,Male,0,0,40,United-States,<=50K
44,Private,755858,HS-grad,9,Married-civ-spouse,Craft-repair,Husband,White,Male,0,0,70,United-States,>50K
52,Local-gov,146565,Assoc-acdm,12,Divorced,Other-service,Not-in-family,White,Female,4865,0,30,United-States,<=50K
58,Private,265086,Bachelors,13,Married-civ-spouse,Exec-managerial,Husband,White,Male,0,0,50,United-States,>50K
37,Private,89718,Some-college,10,Married-civ-spouse,Transport-moving,Husband,White,Male,0,0,45,United-States,<=50K
56,,188166,HS-grad,9,Married-civ-spouse,,Husband,White,Male,0,0,40,United-States,<=50K
39,Self-emp-not-inc,497525,10th,6,Separated,Craft-repair,Not-in-family,Black,Male,0,0,40,United-States,<=50K
38,Local-gov,72338,HS-grad,9,Married-civ-spouse,Protective-serv,Husband,Asian-Pac-Islander,Male,0,0,54,United-States,>50K
33,Private,578701,Bachelors,13,Married-civ-spouse,Exec-managerial,Husband,Black,Male,0,0,40,,<=50K
32,Private,93283,Assoc-voc,11,Never-married,Other-service,Not-in-family,White,Male,0,0,40,United-States,<=50K
65,Self-emp-inc,178771,HS-grad,9,Married-civ-spouse,Exec-managerial,Husband,White,Male,0,0,40,United-States,<=50K
61,Private,199198,7th-8th,4,Widowed,Other-service,Not-in-family,Black,Female,0,0,21,United-States,<=50K
37,Private,215503,HS-grad,9,Married-civ-spouse,Exec-managerial,Husband,White,Male,4386,0,45,United-States,>50K
51,Private,306790,HS-grad,9,Divorced,Craft-repair,Not-in-family,White,Male,0,0,40,United-States,<=50K
24,Private,137591,Some-college,10,Never-married,Sales,Own-child,White,Male,0,1762,40,United-States,<=50K
21,Private,78170,HS-grad,9,Never-married,Craft-repair,Not-in-family,White,Male,0,0,42,United-States,<=50K
48,Private,279724,HS-grad,9,Married-civ-spouse,Machine-op-inspct,Husband,White,Male,3103,0,48,United-States,>50K
17,,181337,10th,6,Never-married,,Own-child,Other,Female,0,0,20,United-States,<=50K
49,Private,240841,7th-8th,4,Divorced,Other-service,Unmarried,White,Female,0,0,35,United-States,<=50K
23,Private,287988,Some-college,10,Never-married,Adm-clerical,Not-in-family,White,Male,0,0,20,United-States,<=50K
18,Private,67019,HS-grad,9,Never-married,Other-service,Not-in-family,White,Female,0,0,30,United-States,<=50K
32,Private,130040,HS-grad,9,Divorced,Handlers-cleaners,Not-in-family,White,Male,0,0,40,United-States,<=50K
36,Self-emp-not-inc,278553,Prof-school,15,Married-civ-spouse,Prof-specialty,Husband,Black,Male,15024,0,75,United-States,>50K
18,,423460,11th,7,Never-married,,Own-child,White,Male,0,0,36,United-States,<=50K
22,Private,214134,10th,6,Never-married,Transport-moving,Not-in-family,Amer-Indian-Eskimo,Male,0,0,84,United-States,<=50K
59,Self-emp-inc,133201,5th-6th,3,Married-civ-spouse,Farming-fishing,Husband,White,Male,0,0,40,Italy,<=50K
19,,272166,Some-college,10,Never-married,,Own-child,White,Male,0,1602,30,United-States,<=50K
52,Private,208302,HS-grad,9,Divorced,Other-service,Other-relative,White,Male,0,0,30,United-States,<=50K
43,Private,244172,HS-grad,9,Separated,Transport-moving,Unmarried,White,Male,0,0,40,Mexico,<=50K
42,Local-gov,185129,Doctorate,16,Married-civ-spouse,Exec-managerial,Husband,White,Male,0,0,43,,>50K
50,Self-emp-not-inc,192654,10th,6,Never-married,Craft-repair,Not-in-family,White,Male,0,0,25,United-States,<=50K
65,,315728,HS-grad,9,Widowed,,Unmarried,White,Female,2329,0,75,United-States,<=50K
35,Self-emp-inc,333636,HS-grad,9,Married-civ-spouse,Exec-managerial,Husband,Black,Male,0,0,75,United-States,<=50K
70,Private,176940,Some-college,10,Never-married,Adm-clerical,Not-in-family,White,Female,0,0,16,United-States,<=50K
17,,187539,11th,7,Never-married,,Own-child,White,Female,0,0,10,United-States,<=50K
63,Private,158609,Assoc-voc,11,Widowed,Adm-clerical,Unmarried,White,Female,0,0,8,United-States,<=50K
53,Local-gov,146834,HS-grad,9,Married-civ-spouse,Other-service,Husband,White,Male,0,0,45,United-States,<=50K
28,Private,188064,HS-grad,9,Married-civ-spouse,Craft-repair,Husband,White,Male,0,0,35,Canada,<=50K
38,Private,304001,HS-grad,9,Married-civ-spouse,Craft-repair,Husband,White,Male,0,0,40,United-States,>50K
24,Private,199444,Bachelors,13,Never-married,Exec-managerial,Own-child,White,Female,0,0,15,United-States,<=50K
54,State-gov,197184,Bachelors,13,Married-civ-spouse,Exec-managerial,Husband,White,Male,0,0,38,United-States,<=50K
35,Private,98776,HS-grad,9,Never-married,Exec-managerial,Not-in-family,White,Male,0,0,60,United-States,<=50K
37,Private,126569,HS-grad,9,Never-married,Craft-repair,Own-child,White,Male,0,0,40,United-States,<=50K
46,Private,199378,Prof-school,15,Never-married,Prof-specialty,Not-in-family,White,Male,0,0,90,United-States,<=50K
30,Private,331419,Assoc-acdm,12,Never-married,Craft-repair,Not-in-family,White,Male,4787,0,50,United-States,>50K
47,Private,162302,HS-grad,9,Divorced,Adm-clerical,Unmarried,White,Female,0,0,20,United-States,<=50K
32,Private,77634,11th,7,Married-civ-spouse,Adm-clerical,Husband,White,Male,0,0,45,United-States,<=50K
57,Private,127728,Bachelors,13,Married-civ-spouse,Exec-managerial,Husband,White,Male,15024,0,50,United-States,>50K
46,Private,98350,10th,6,Married-spouse-absent,Other-service,Not-in-family,Asian-Pac-Islander,Male,0,0,37,China,<=50K
45,Private,357540,Bachelors,13,Married-civ-spouse,Sales,Husband,White,Male,0,2002,55,United-States,<=50K
20,,201766,Some-college,10,Never-married,,Own-child,White,Female,0,0,35,United-States,<=50K
31,Private,262024,HS-grad,9,Married-civ-spouse,Machine-op-inspct,Husband,Black,Male,0,0,40,United-States,<=50K
37,Federal-gov,188069,Some-college,10,Married-civ-spouse,Adm-clerical,Husband,White,Male,0,0,40,Philippines,>50K
71,Private,77253,HS-grad,9,Never-married,Handlers-cleaners,Not-in-family,White,Male,0,0,17,United-States,<=50K
21,Private,200121,HS-grad,9,Never-married,Handlers-cleaners,Own-child,White,Male,0,0,40,United-States,<=50K
38,Self-emp-not-inc,37778,HS-grad,9,Never-married,Farming-fishing,Not-in-family,White,Male,0,0,60,United-States,<=50K
28,Private,206889,HS-grad,9,Divorced,Craft-repair,Not-in-family,White,Male,0,0,40,United-States,<=50K
35,Self-emp-inc,187693,Assoc-acdm,12,Married-civ-spouse,Craft-repair,Husband,White,Male,0,0,80,United-States,>50K
51,Self-emp-not-inc,95435,HS-grad,9,Married-civ-spouse,Sales,Husband,White,Male,0,0,60,United-States,>50K
20,Private,91939,HS-grad,9,Never-married,Adm-clerical,Not-in-family,Black,Female,0,1721,30,United-States,<=50K
37,Private,98776,Bachelors,13,Married-civ-spouse,Exec-managerial,Husband,White,Male,0,0,40,United-States,>50K
32,Private,209317,HS-grad,9,Separated,Exec-managerial,Not-in-family,White,Male,0,0,40,,<=50K
52,Private,191130,Prof-school,15,Married-civ-spouse,Prof-specialty,Husband,White,Male,15024,0,40,United-States,>50K
35,Private,228190,HS-grad,9,Married-civ-spouse,Transport-moving,Husband,Black,Male,0,0,40,United-States,<=50K
53,Private,174102,HS-grad,9,Married-civ-spouse,Craft-repair,Husband,White,Male,0,0,40,United-States,>50K
60,Local-gov,232618,HS-grad,9,Married-civ-spouse,Other-service,Husband,White,Male,0,0,40,United-States,<=50K
27,,180553,HS-grad,9,Married-civ-spouse,,Wife,White,Female,0,0,40,United-States,>50K
39,Private,206520,HS-grad,9,Never-married,Adm-clerical,Not-in-family,White,Male,0,0,45,United-States,<=50K
39,Private,344743,Some-college,10,Married-civ-spouse,Adm-clerical,Own-child,Black,Female,0,0,50,United-States,>50K
30,Private,95299,HS-grad,9,Married-civ-spouse,Machine-op-inspct,Husband,Asian-Pac-Islander,Male,0,0,40,Vietnam,>50K
22,State-gov,157332,Some-college,10,Never-married,Other-service,Own-child,White,Female,0,0,15,United-States,<=50K
43,Self-emp-inc,150533,Assoc-acdm,12,Married-civ-spouse,Exec-managerial,Husband,White,Male,0,0,50,United-States,<=50K
34,Private,320077,Bachelors,13,Divorced,Prof-specialty,Not-in-family,White,Female,0,0,50,United-States,>50K
39,State-gov,221059,Masters,14,Married-civ-spouse,Prof-specialty,Other-relative,Other,Female,7688,0,38,United-States,>50K
34,Private,209900,10th,6,Never-married,Farming-fishing,Not-in-family,White,Male,0,0,40,United-States,<=50K
39,Local-gov,189911,11th,7,Divorced,Adm-clerical,Unmarried,White,Female,0,0,40,United-States,<=50K
41,Private,70645,Masters,14,Widowed,Prof-specialty,Not-in-family,White,Female,4650,0,55,United-States,<=50K
27,Private,283913,5th-6th,3,Never-married,Priv-house-serv,Not-in-family,White,Female,0,0,65,England,<=50K
64,,146272,Some-college,10,Married-civ-spouse,,Husband,White,Male,3411,0,15,United-States,<=50K
27,Private,42734,Some-college,10,Never-married,Other-service,Not-in-family,White,Male,0,0,25,United-States,<=50K
19,Private,232060,Some-college,10,Never-married,Other-service,Not-in-family,White,Male,0,0,35,United-States,<=50K
64,Federal-gov,353479,Some-college,10,Married-civ-spouse,Exec-managerial,Husband,Amer-Indian-Eskimo,Male,0,0,45,United-States,>50K
19,,199495,Some-college,10,Never-married,,Own-child,White,Male,0,0,60,United-States,<=50K
47,Federal-gov,186256,Assoc-acdm,12,Married-civ-spouse,Exec-managerial,Husband,White,Male,15024,0,40,United-States,>50K
49,Private,272780,Some-college,10,Married-civ-spouse,Craft-repair,Husband,White,Male,15024,0,60,Mexico,>50K
47,Federal-gov,202560,Bachelors,13,Married-civ-spouse,Exec-managerial,Wife,White,Female,0,0,40,United-States,>50K
52,Private,220984,HS-grad,9,Married-civ-spouse,Machine-op-inspct,Husband,White,Male,0,0,40,United-States,<=50K
67,Private,105252,Masters,14,Married-civ-spouse,Exec-managerial,Husband,White,Male,0,0,40,United-States,>50K
46,Private,165402,HS-grad,9,Married-civ-spouse,Craft-repair,Wife,White,Female,5178,0,40,United-States,>50K
32,Local-gov,84119,HS-grad,9,Married-civ-spouse,Craft-repair,Husband,White,Male,0,0,40,United-States,<=50K
22,Private,496856,Some-college,10,Married-civ-spouse,Exec-managerial,Wife,White,Female,0,0,40,United-States,<=50K
35,Private,222450,Bachelors,13,Never-married,Exec-managerial,Not-in-family,White,Male,0,0,40,United-States,<=50K
47,State-gov,30575,Some-college,10,Married-civ-spouse,Prof-specialty,Husband,White,Male,0,0,50,United-States,<=50K
36,Self-emp-not-inc,110861,HS-grad,9,Divorced,Craft-repair,Own-child,White,Male,0,0,20,United-States,<=50K
34,Private,347166,Some-college,10,Married-civ-spouse,Adm-clerical,Husband,White,Male,0,0,40,United-States,<=50K
19,Private,298435,Some-college,10,Never-married,Adm-clerical,Own-child,White,Female,0,2001,40,Cuba,<=50K
19,Private,225775,Some-college,10,Never-married,Adm-clerical,Not-in-family,White,Male,0,0,40,United-States,<=50K
23,Private,157951,Some-college,10,Never-married,Exec-managerial,Not-in-family,White,Female,0,0,50,United-States,<=50K
53,Self-emp-not-inc,88506,Bachelors,13,Married-civ-spouse,Prof-specialty,Husband,White,Male,0,0,40,United-States,<=50K
18,Private,152171,Some-college,10,Never-married,Other-service,Not-in-family,White,Male,0,0,25,United-States,<=50K
20,Private,174685,HS-grad,9,Never-married,Other-service,Own-child,White,Male,0,0,40,United-States,<=50K
41,Private,475322,Some-college,10,Never-married,Adm-clerical,Not-in-family,White,Male,0,1617,35,United-States,<=50K
32,Private,97359,HS-grad,9,Never-married,Craft-repair,Own-child,White,Male,0,0,40,United-States,<=50K
20,Private,143604,HS-grad,9,Never-married,Other-service,Own-child,White,Female,0,0,40,United-States,<=50K
33,Federal-gov,331615,Doctorate,16,Married-civ-spouse,Prof-specialty,Husband,White,Male,0,1848,40,United-States,>50K
36,Private,31438,11th,7,Married-civ-spouse,Transport-moving,Husband,White,Male,0,0,43,United-States,<=50K
53,Federal-gov,147629,Assoc-acdm,12,Married-civ-spouse,Prof-specialty,Husband,White,Male,0,0,80,United-States,>50K
20,Private,339588,HS-grad,9,Married-civ-spouse,Other-service,Wife,White,Female,0,0,40,Peru,<=50K
31,Local-gov,188798,Bachelors,13,Never-married,Exec-managerial,Not-in-family,White,Female,0,0,50,United-States,<=50K
36,Private,266461,HS-grad,9,Never-married,Transport-moving,Own-child,Black,Male,0,0,48,United-States,<=50K
42,Private,139012,Assoc-voc,11,Married-civ-spouse,Prof-specialty,Husband,Asian-Pac-Islander,Male,0,0,40,Vietnam,>50K
37,Private,151835,Bachelors,13,Married-civ-spouse,Prof-specialty,Husband,White,Male,0,0,40,,>50K
40,Private,55508,7th-8th,4,Divorced,Farming-fishing,Unmarried,White,Female,0,0,40,United-States,<=50K
29,Private,165360,Assoc-voc,11,Never-married,Adm-clerical,Not-in-family,White,Female,0,0,40,United-States,<=50K
68,Local-gov,202699,Prof-school,15,Married-civ-spouse,Prof-specialty,Husband,White,Male,6418,0,35,United-States,>50K
37,Local-gov,347136,Some-college,10,Divorced,Adm-clerical,Not-in-family,White,Female,0,0,44,United-States,<=50K
64,,338355,Assoc-voc,11,Married-civ-spouse,,Wife,White,Female,0,0,15,United-States,<=50K
43,Private,257028,Assoc-acdm,12,Married-civ-spouse,Other-service,Husband,Black,Male,0,0,40,Haiti,<=50K
31,Private,109020,Bachelors,13,Never-married,Prof-specialty,Unmarried,Other,Male,0,0,40,United-States,<=50K
18,Private,42857,Some-college,10,Never-married,Sales,Own-child,White,Female,0,0,20,United-States,<=50K
65,Federal-gov,44807,Some-college,10,Married-civ-spouse,Adm-clerical,Husband,White,Male,0,0,48,United-States,>50K
33,Private,178683,Some-college,10,Married-civ-spouse,Machine-op-inspct,Husband,White,Male,5013,0,40,United-States,<=50K
29,Private,177562,HS-grad,9,Married-civ-spouse,Other-service,Wife,White,Female,3781,0,35,United-States,<=50K
41,Self-emp-inc,114967,Assoc-voc,11,Married-civ-spouse,Exec-managerial,Husband,Black,Male,0,0,40,United-States,>50K
27,Private,297457,HS-grad,9,Never-married,Adm-clerical,Own-child,Black,Male,0,0,40,United-States,<=50K
20,Private,406641,HS-grad,9,Never-married,Adm-clerical,Not-in-family,White,Female,0,0,30,United-States,<=50K
23,Private,81145,HS-grad,9,Never-married,Other-service,Other-relative,White,Female,0,0,40,United-States,<=50K
24,Private,224059,HS-grad,9,Married-civ-spouse,Machine-op-inspct,Husband,White,Male,0,0,40,United-States,<=50K
40,Local-gov,150755,Bachelors,13,Married-civ-spouse,Prof-specialty,Husband,White,Male,99999,0,75,United-States,>50K
62,State-gov,254890,HS-grad,9,Married-civ-spouse,Adm-clerical,Husband,White,Male,0,0,40,United-States,<=50K
22,Private,102258,Some-college,10,Divorced,Protective-serv,Not-in-family,White,Male,0,0,40,United-States,<=50K
33,Local-gov,190027,Some-college,10,Never-married,Adm-clerical,Unmarried,Black,Female,0,0,18,United-States,<=50K
37,Private,170174,HS-grad,9,Married-civ-spouse,Exec-managerial,Husband,White,Male,0,0,46,United-States,>50K
47,Self-emp-not-inc,159869,HS-grad,9,Married-civ-spouse,Farming-fishing,Husband,White,Male,0,0,56,United-States,>50K
43,Private,131899,Bachelors,13,Married-civ-spouse,Exec-managerial,Husband,White,Male,0,0,40,United-States,>50K
31,Private,198452,Some-college,10,Married-civ-spouse,Machine-op-inspct,Wife,White,Female,0,0,18,United-States,<=50K
23,Private,117583,HS-grad,9,Never-married,Craft-repair,Own-child,White,Male,0,0,40,United-States,<=50K
20,Private,387779,11th,7,Never-married,Transport-moving,Own-child,White,Male,0,0,15,United-States,<=50K
38,Private,65382,Some-college,10,Married-civ-spouse,Craft-repair,Husband,White,Male,0,0,40,United-States,>50K
57,Private,266189,HS-grad,9,Divorced,Adm-clerical,Unmarried,White,Female,0,0,42,United-States,<=50K
25,Private,69413,Some-college,10,Never-married,Sales,Own-child,White,Female,0,0,40,United-States,<=50K
24,Private,353696,Some-college,10,Never-married,Other-service,Own-child,White,Male,0,0,20,Canada,<=50K
17,,34088,12th,8,Never-married,,Own-child,White,Female,0,0,25,United-States,<=50K
34,Private,122116,Some-college,10,Married-civ-spouse,Exec-managerial,Husband,White,Male,0,0,40,United-States,<=50K
49,Self-emp-not-inc,126077,HS-grad,9,Married-civ-spouse,Exec-managerial,Husband,White,Male,0,0,35,United-States,<=50K
38,Private,372484,11th,7,Never-married,Other-service,Own-child,Black,Female,0,0,40,United-States,<=50K
48,Self-emp-inc,81513,Bachelors,13,Married-civ-spouse,Exec-managerial,Husband,White,Male,0,0,50,United-States,>50K
38,Private,353263,Masters,14,Never-married,Adm-clerical,Not-in-family,White,Female,0,0,50,Italy,>50K
59,Self-emp-not-inc,32855,7th-8th,4,Married-civ-spouse,Farming-fishing,Husband,White,Male,0,0,70,United-States,<=50K
20,Federal-gov,225515,Some-college,10,Never-married,Tech-support,Own-child,White,Female,0,0,24,United-States,<=50K
73,,132737,10th,6,Never-married,,Not-in-family,White,Male,0,0,4,United-States,<=50K
48,Private,171807,Bachelors,13,Divorced,Other-service,Unmarried,White,Female,0,0,56,United-States,>50K
32,Private,204742,Bachelors,13,Married-civ-spouse,Prof-specialty,Husband,White,Male,0,0,40,United-States,>50K
72,Self-emp-not-inc,173864,7th-8th,4,Married-civ-spouse,Other-service,Husband,White,Male,2290,0,45,United-States,<=50K
53,Self-emp-inc,162381,Prof-school,15,Married-civ-spouse,Prof-specialty,Husband,White,Male,15024,0,45,United-States,>50K
69,,476653,Bachelors,13,Married-civ-spouse,,Husband,White,Male,0,0,20,United-States,<=50K
31,Private,83446,HS-grad,9,Widowed,Craft-repair,Unmarried,White,Female,0,0,40,United-States,<=50K
27,Private,220754,Doctorate,16,Never-married,Adm-clerical,Own-child,White,Female,0,0,40,United-States,<=50K
28,Private,375313,HS-grad,9,Never-married,Tech-support,Not-in-family,Asian-Pac-Islander,Male,0,0,50,United-States,<=50K
20,Private,227411,Some-college,10,Never-married,Other-service,Own-child,White,Female,0,0,20,United-States,<=50K
24,Private,191954,Some-college,10,Never-married,Machine-op-inspct,Not-in-family,White,Male,0,0,40,United-States,<=50K
41,Federal-gov,106982,Some-college,10,Divorced,Prof-specialty,Unmarried,White,Female,0,0,40,United-States,>50K
17,Private,190941,10th,6,Never-married,Sales,Own-child,White,Female,0,0,20,United-States,<=50K
25,Local-gov,315287,Some-college,10,Never-married,Protective-serv,Other-relative,Black,Male,0,0,40,Trinadad&Tobago,<=50K
55,Private,255364,Some-college,10,Married-civ-spouse,Prof-specialty,Husband,White,Male,0,0,40,United-States,<=50K
49,Private,121124,HS-grad,9,Married-civ-spouse,Prof-specialty,Husband,White,Male,0,0,50,United-States,<=50K
74,Private,68326,Assoc-voc,11,Widowed,Priv-house-serv,Not-in-family,White,Female,0,0,40,United-States,<=50K
20,Private,69911,Some-college,10,Never-married,Sales,Own-child,White,Female,0,0,15,United-States,<=50K
28,Private,285897,Bachelors,13,Married-civ-spouse,Exec-managerial,Husband,White,Male,0,0,40,United-States,<=50K
35,Private,289890,11th,7,Married-civ-spouse,Machine-op-inspct,Husband,White,Male,0,0,40,United-States,<=50K
46,Private,328216,Bachelors,13,Married-civ-spouse,Exec-managerial,Husband,White,Male,15024,0,40,United-States,>50K
35,Private,105821,Assoc-voc,11,Married-civ-spouse,Adm-clerical,Husband,White,Male,0,0,36,United-States,<=50K
25,Private,236421,12th,8,Never-married,Other-service,Own-child,Black,Male,0,0,40,United-States,<=50K
22,Private,268707,11th,7,Married-civ-spouse,Machine-op-inspct,Other-relative,White,Male,0,0,42,United-States,<=50K
60,Private,355865,Masters,14,Married-civ-spouse,Exec-managerial,Husband,White,Male,0,0,50,United-States,>50K
50,State-gov,97778,HS-grad,9,Married-civ-spouse,Protective-serv,Husband,White,Male,0,0,40,United-States,<=50K
45,Private,189802,Some-college,10,Divorced,Adm-clerical,Not-in-family,White,Female,0,0,40,United-States,<=50K
49,Private,82572,Some-college,10,Never-married,Other-service,Not-in-family,White,Female,0,0,60,United-States,<=50K
39,Private,174330,HS-grad,9,Separated,Craft-repair,Unmarried,White,Male,0,0,40,United-States,<=50K
25,Private,191230,Some-college,10,Never-married,Exec-managerial,Own-child,White,Female,0,0,40,Yugoslavia,<=50K
52,Private,120914,Some-college,10,Married-civ-spouse,Craft-repair,Husband,White,Male,0,0,40,United-States,<=50K
45,Private,325390,HS-grad,9,Married-civ-spouse,Sales,Husband,White,Male,0,0,40,United-States,<=50K
50,Self-emp-inc,198400,HS-grad,9,Married-civ-spouse,Sales,Husband,Black,Male,0,0,60,United-States,<=50K
19,,369678,HS-grad,9,Never-married,,Not-in-family,Other,Male,0,0,30,United-States,<=50K
23,Private,122346,HS-grad,9,Never-married,Sales,Own-child,White,Male,0,0,40,United-States,<=50K
45,Private,114797,HS-grad,9,Separated,Machine-op-inspct,Unmarried,Black,Female,0,0,40,United-States,<=50K
19,Private,28790,Some-college,10,Never-married,Other-service,Not-in-family,White,Female,0,0,40,United-States,<=50K
45,Private,247869,Bachelors,13,Married-civ-spouse,Prof-specialty,Husband,White,Male,0,0,60,United-States,>50K
33,Self-emp-not-inc,190027,Masters,14,Never-married,Exec-managerial,Not-in-family,Black,Female,0,0,70,United-States,>50K
57,Private,64960,Assoc-voc,11,Married-civ-spouse,Prof-specialty,Husband,White,Male,0,1902,45,United-States,<=50K
26,Private,102476,Bachelors,13,Married-civ-spouse,Tech-support,Husband,White,Male,0,0,40,United-States,>50K
43,Private,110556,HS-grad,9,Separated,Exec-managerial,Unmarried,Black,Female,0,0,40,United-States,<=50K
18,State-gov,391257,Some-college,10,Never-married,Adm-clerical,Not-in-family,White,Female,0,0,16,United-States,<=50K
30,Private,196396,Some-college,10,Never-married,Machine-op-inspct,Not-in-family,White,Male,0,0,40,United-States,<=50K
35,Private,107160,12th,8,Separated,Other-service,Not-in-family,White,Female,0,0,30,United-States,<=50K
59,Private,154100,Masters,14,Never-married,Sales,Not-in-family,White,Female,27828,0,45,United-States,>50K
42,Local-gov,159931,Bachelors,13,Married-civ-spouse,Prof-specialty,Wife,White,Female,0,0,45,United-States,>50K
84,Private,241065,Masters,14,Never-married,Prof-specialty,Not-in-family,White,Male,0,0,66,United-States,<=50K
42,Private,195584,Assoc-acdm,12,Separated,Adm-clerical,Unmarried,Black,Female,0,0,40,United-States,<=50K
61,Self-emp-not-inc,243493,HS-grad,9,Married-civ-spouse,Other-service,Husband,Black,Male,0,0,12,United-States,<=50K
45,Local-gov,317846,Assoc-acdm,12,Divorced,Exec-managerial,Unmarried,White,Male,0,0,47,United-States,<=50K
30,Private,121775,Bachelors,13,Married-civ-spouse,Farming-fishing,Husband,White,Male,0,0,40,United-States,<=50K
48,Private,501671,HS-grad,9,Divorced,Machine-op-inspct,Not-in-family,Black,Male,0,0,48,United-States,<=50K
54,Private,29909,11th,7,Married-civ-spouse,Other-service,Wife,White,Female,0,0,43,United-States,<=50K
28,Federal-gov,341709,HS-grad,9,Never-married,Craft-repair,Not-in-family,White,Male,0,0,40,United-States,<=50K
40,Private,436493,HS-grad,9,Never-married,Other-service,Own-child,White,Male,0,0,25,United-States,<=50K
17,,197732,11th,7,Never-married,,Own-child,White,Female,0,0,20,England,<=50K
65,Private,105252,HS-grad,9,Married-civ-spouse,Tech-support,Husband,White,Male,0,0,40,United-States,>50K
23,Private,131230,HS-grad,9,Never-married,Other-service,Own-child,White,Male,0,0,20,United-States,<=50K
33,Private,311194,11th,7,Never-married,Sales,Unmarried,Black,Female,0,0,17,United-States,<=50K
48,Private,413363,11th,7,Married-civ-spouse,Transport-moving,Husband,White,Male,0,2002,40,United-States,<=50K
25,Private,178037,Some-college,10,Never-married,Adm-clerical,Own-child,White,Male,0,0,35,United-States,<=50K
19,Private,352849,HS-grad,9,Never-married,Sales,Other-relative,Black,Female,0,1719,30,United-States,<=50K
49,Self-emp-not-inc,200471,HS-grad,9,Married-civ-spouse,Craft-repair,Husband,White,Male,0,0,40,United-States,<=50K
61,,270599,1st-4th,2,Widowed,,Not-in-family,White,Female,0,0,18,Mexico,<=50K
47,State-gov,61062,Doctorate,16,Separated,Exec-managerial,Own-child,Asian-Pac-Islander,Male,2354,0,45,United-States,<=50K
44,Private,160369,HS-grad,9,Married-civ-spouse,Craft-repair,Husband,White,Male,0,0,60,United-States,<=50K
58,State-gov,179089,Bachelors,13,Married-civ-spouse,Adm-clerical,Wife,White,Female,0,0,40,United-States,<=50K
31,Private,86492,Assoc-voc,11,Married-civ-spouse,Transport-moving,Husband,White,Male,0,0,30,United-States,>50K
43,Self-emp-not-inc,277647,HS-grad,9,Married-civ-spouse,Exec-managerial,Husband,White,Male,0,0,35,United-States,<=50K
29,Private,253814,Bachelors,13,Never-married,Exec-managerial,Not-in-family,White,Female,0,0,45,United-States,<=50K
32,Private,178623,HS-grad,9,Never-married,Other-service,Not-in-family,Black,Female,0,0,40,,<=50K
34,Private,255830,Assoc-acdm,12,Divorced,Craft-repair,Unmarried,Black,Female,7443,0,40,United-States,<=50K
27,Federal-gov,182637,Prof-school,15,Married-civ-spouse,Prof-specialty,Husband,White,Male,0,0,45,,>50K
59,Self-emp-inc,141326,Assoc-voc,11,Divorced,Prof-specialty,Not-in-family,White,Male,0,0,50,United-States,>50K
28,Private,212563,Some-college,10,Divorced,Machine-op-inspct,Unmarried,Black,Female,0,0,25,United-States,<=50K
35,Private,67083,HS-grad,9,Married-civ-spouse,Other-service,Husband,Asian-Pac-Islander,Male,0,0,40,China,<=50K
18,Private,115258,10th,6,Never-married,Craft-repair,Unmarried,White,Male,0,0,40,United-States,<=50K
19,Private,263932,HS-grad,9,Never-married,Other-service,Own-child,White,Female,0,0,20,United-States,<=50K
30,Private,119422,Assoc-voc,11,Married-civ-spouse,Transport-moving,Husband,White,Male,0,0,40,United-States,<=50K
22,Private,120518,HS-grad,9,Widowed,Adm-clerical,Own-child,White,Female,0,0,40,United-States,<=50K
44,Local-gov,31251,7th-8th,4,Divorced,Handlers-cleaners,Not-in-family,White,Male,0,0,40,United-States,<=50K
52,Private,188644,5th-6th,3,Married-spouse-absent,Craft-repair,Other-relative,White,Male,0,0,40,Mexico,<=50K
26,Self-emp-not-inc,221626,HS-grad,9,Married-civ-spouse,Other-service,Wife,White,Female,0,1579,20,United-States,<=50K
52,Private,135607,Some-college,10,Widowed,Other-service,Unmarried,Black,Female,0,0,40,,<=50K
35,Private,23621,HS-grad,9,Never-married,Craft-repair,Not-in-family,White,Male,0,0,70,United-States,<=50K
23,Private,199011,11th,7,Never-married,Craft-repair,Own-child,White,Male,0,0,3,United-States,<=50K
34,Local-gov,126584,Bachelors,13,Married-civ-spouse,Exec-managerial,Husband,White,Male,0,0,45,United-States,<=50K
38,Private,295127,Some-college,10,Married-civ-spouse,Machine-op-inspct,Husband,White,Male,0,0,40,United-States,<=50K
38,Federal-gov,122240,HS-grad,9,Married-civ-spouse,Adm-clerical,Husband,White,Male,0,0,55,United-States,>50K
19,Private,282698,7th-8th,4,Never-married,Adm-clerical,Own-child,White,Male,0,0,80,United-States,<=50K
30,Private,206923,Assoc-acdm,12,Married-civ-spouse,Exec-managerial,Wife,Other,Female,0,1977,40,United-States,>50K
49,Private,135643,HS-grad,9,Widowed,Craft-repair,Unmarried,Asian-Pac-Islander,Female,0,0,40,South,<=50K
64,State-gov,169914,Bachelors,13,Never-married,Exec-managerial,Not-in-family,White,Female,0,0,40,United-States,<=50K
64,Private,268965,HS-grad,9,Divorced,Adm-clerical,Not-in-family,White,Female,0,0,22,United-States,<=50K
35,Private,187112,Bachelors,13,Never-married,Other-service,Not-in-family,White,Female,0,0,45,United-States,<=50K
37,Local-gov,177277,Masters,14,Married-civ-spouse,Prof-specialty,Husband,White,Male,0,0,40,United-States,>50K
48,Private,349151,HS-grad,9,Married-civ-spouse,Craft-repair,Husband,White,Male,0,0,40,United-States,<=50K
22,Private,185279,HS-grad,9,Never-married,Handlers-cleaners,Own-child,White,Male,0,0,16,United-States,<=50K
35,Private,341102,9th,5,Never-married,Handlers-cleaners,Not-in-family,Black,Male,0,0,40,United-States,<=50K
46,Private,430278,Masters,14,Never-married,Prof-specialty,Not-in-family,White,Male,0,0,40,United-States,<=50K
40,Private,346847,Assoc-voc,11,Separated,Prof-specialty,Other-relative,White,Female,0,0,40,United-States,<=50K
24,Private,196280,Assoc-voc,11,Never-married,Tech-support,Own-child,White,Female,0,0,38,United-States,<=50K
24,Private,161198,Bachelors,13,Never-married,Prof-specialty,Not-in-family,White,Male,0,0,25,United-States,<=50K
46,Private,265097,HS-grad,9,Never-married,Handlers-cleaners,Other-relative,White,Male,0,0,5,United-States,<=50K
23,Private,210443,Bachelors,13,Never-married,Prof-specialty,Own-child,White,Female,0,0,40,United-States,<=50K
39,Local-gov,102953,HS-grad,9,Married-civ-spouse,Other-service,Husband,White,Male,0,0,40,United-States,<=50K
43,Local-gov,212206,Assoc-voc,11,Married-civ-spouse,Adm-clerical,Wife,White,Female,0,0,40,United-States,>50K
30,Private,299223,Some-college,10,Divorced,Sales,Unmarried,Amer-Indian-Eskimo,Female,0,0,40,United-States,<=50K
49,Self-emp-inc,349230,Assoc-voc,11,Married-civ-spouse,Exec-managerial,Husband,White,Male,0,0,60,United-States,>50K
61,Private,48549,Some-college,10,Never-married,Exec-managerial,Not-in-family,White,Male,0,0,38,United-States,>50K
22,Private,160120,10th,6,Never-married,Transport-moving,Own-child,Asian-Pac-Islander,Male,0,0,30,United-States,<=50K
66,State-gov,41506,10th,6,Divorced,Other-service,Not-in-family,Black,Female,0,0,40,United-States,<=50K
57,Local-gov,109973,HS-grad,9,Divorced,Other-service,Not-in-family,White,Female,0,0,40,United-States,<=50K
46,State-gov,421223,Some-college,10,Never-married,Exec-managerial,Not-in-family,White,Female,0,0,40,United-States,<=50K
30,Private,340917,Bachelors,13,Married-civ-spouse,Craft-repair,Husband,White,Male,0,0,40,United-States,<=50K
57,Self-emp-inc,180211,Prof-school,15,Married-civ-spouse,Prof-specialty,Husband,Asian-Pac-Islander,Male,0,0,50,Taiwan,>50K
38,Private,95647,HS-grad,9,Never-married,Adm-clerical,Own-child,Asian-Pac-Islander,Male,0,0,30,United-States,<=50K
53,Self-emp-inc,59840,Some-college,10,Married-civ-spouse,Exec-managerial,Husband,White,Male,0,0,60,United-States,<=50K
26,Private,293984,10th,6,Married-civ-spouse,Craft-repair,Own-child,Black,Male,0,0,40,United-States,<=50K
35,Private,177102,HS-grad,9,Divorced,Handlers-cleaners,Unmarried,White,Female,0,0,40,United-States,<=50K
36,Self-emp-not-inc,257250,7th-8th,4,Never-married,Farming-fishing,Own-child,White,Male,0,0,75,United-States,<=50K
27,Private,105817,Bachelors,13,Never-married,Craft-repair,Not-in-family,White,Male,0,0,45,United-States,<=50K
33,Private,284531,Bachelors,13,Never-married,Sales,Not-in-family,White,Female,0,0,40,United-States,<=50K
49,Private,196360,Some-college,10,Married-civ-spouse,Exec-managerial,Husband,White,Male,0,0,46,United-States,>50K
22,Private,41763,HS-grad,9,Married-civ-spouse,Sales,Husband,White,Male,0,0,42,United-States,<=50K
39,Private,187921,HS-grad,9,Married-civ-spouse,Transport-moving,Husband,White,Male,0,0,99,United-States,<=50K
48,Private,211239,Masters,14,Married-civ-spouse,Exec-managerial,Husband,White,Male,0,2415,60,United-States,>50K
32,Private,323055,HS-grad,9,Married-civ-spouse,Craft-repair,Husband,White,Male,0,0,40,United-States,<=50K
56,Federal-gov,107314,Some-college,10,Divorced,Adm-clerical,Not-in-family,Black,Female,0,0,40,United-States,<=50K
33,Private,164707,Assoc-acdm,12,Never-married,Exec-managerial,Unmarried,White,Female,2174,0,55,,<=50K
76,Private,152839,HS-grad,9,Married-civ-spouse,Prof-specialty,Husband,White,Male,0,0,20,United-States,<=50K
24,Private,103064,Bachelors,13,Never-married,Prof-specialty,Not-in-family,White,Female,0,0,40,United-States,<=50K
17,Private,225507,11th,7,Never-married,Handlers-cleaners,Not-in-family,Black,Female,0,0,15,United-States,<=50K
38,Private,126675,HS-grad,9,Divorced,Craft-repair,Not-in-family,White,Male,0,2205,40,United-States,<=50K
28,Private,46322,Assoc-acdm,12,Never-married,Adm-clerical,Not-in-family,Black,Female,0,0,38,United-States,<=50K
34,Private,190385,Masters,14,Never-married,Prof-specialty,Not-in-family,White,Female,0,0,40,United-States,>50K
31,Private,61308,10th,6,Never-married,Other-service,Not-in-family,White,Male,0,0,40,United-States,<=50K
28,Private,119793,HS-grad,9,Never-married,Sales,Own-child,White,Male,0,0,60,United-States,<=50K
53,Private,168723,Assoc-acdm,12,Married-civ-spouse,Tech-support,Husband,White,Male,0,0,40,United-States,>50K
45,Private,48495,Bachelors,13,Married-civ-spouse,Prof-specialty,Husband,White,Male,0,0,42,United-States,>50K
27,Private,98769,Bachelors,13,Never-married,Sales,Not-in-family,White,Male,0,0,45,United-States,<=50K
27,Private,257124,Some-college,10,Never-married,Other-service,Own-child,White,Male,0,0,25,United-States,<=50K
45,Private,331482,Bachelors,13,Married-civ-spouse,Prof-specialty,Husband,White,Male,0,0,50,United-States,<=50K
18,Private,151386,HS-grad,9,Married-spouse-absent,Other-service,Own-child,Black,Male,0,0,40,Jamaica,<=50K
45,Private,54038,Some-college,10,Married-civ-spouse,Adm-clerical,Wife,White,Female,0,1902,20,United-States,>50K
41,Private,175674,Bachelors,13,Married-civ-spouse,Tech-support,Husband,White,Male,0,0,40,United-States,>50K
27,Private,38353,Assoc-voc,11,Married-civ-spouse,Sales,Husband,White,Male,0,0,60,United-States,<=50K
49,Private,74984,10th,6,Married-civ-spouse,Craft-repair,Husband,White,Male,0,0,40,United-States,<=50K
47,Self-emp-inc,214169,HS-grad,9,Married-civ-spouse,Farming-fishing,Husband,White,Male,15024,0,40,United-States,>50K
47,Private,102771,7th-8th,4,Married-civ-spouse,Handlers-cleaners,Husband,White,Male,0,0,40,Portugal,<=50K
48,Private,40666,11th,7,Married-civ-spouse,Handlers-cleaners,Husband,White,Male,0,0,60,United-States,<=50K
28,Private,472580,Some-college,10,Never-married,Sales,Own-child,Black,Male,0,0,40,United-States,<=50K
33,Private,304833,Bachelors,13,Married-civ-spouse,Sales,Husband,White,Male,0,0,45,United-States,>50K
18,Private,245486,HS-grad,9,Never-married,Other-service,Own-child,White,Female,0,0,20,United-States,<=50K
57,Private,238017,HS-grad,9,Widowed,Tech-support,Not-in-family,Black,Female,0,0,54,United-States,<=50K
44,Self-emp-not-inc,147206,Some-college,10,Never-married,Craft-repair,Own-child,White,Male,0,0,12,United-States,<=50K
50,Private,121411,12th,8,Divorced,Transport-moving,Not-in-family,White,Male,0,0,40,United-States,<=50K
20,,200061,Some-college,10,Never-married,,Own-child,White,Female,0,0,40,,<=50K
34,Private,24266,Assoc-voc,11,Married-civ-spouse,Craft-repair,Husband,White,Male,7688,0,40,United-States,>50K
49,Private,140782,Bachelors,13,Married-civ-spouse,Prof-specialty,Wife,White,Female,0,2415,3,United-States,>50K
76,Private,174839,Prof-school,15,Married-civ-spouse,Prof-specialty,Husband,White,Male,9386,0,25,United-States,>50K
44,Private,98779,Some-college,10,Married-civ-spouse,Craft-repair,Husband,White,Male,5178,0,40,United-States,>50K
20,,354351,Some-college,10,Never-married,,Own-child,White,Male,0,0,35,United-States,<=50K
62,Self-emp-not-inc,39610,Some-college,10,Married-civ-spouse,Farming-fishing,Husband,White,Male,0,0,80,United-States,<=50K
27,Private,271714,Some-college,10,Never-married,Other-service,Own-child,White,Female,0,0,30,United-States,<=50K
28,Private,238859,HS-grad,9,Never-married,Handlers-cleaners,Other-relative,White,Male,0,0,20,United-States,<=50K
28,Local-gov,250135,Masters,14,Married-civ-spouse,Prof-specialty,Wife,White,Female,0,1902,55,United-States,<=50K
36,Private,158363,12th,8,Married-civ-spouse,Machine-op-inspct,Husband,White,Male,0,0,40,United-States,<=50K
19,Private,294029,11th,7,Never-married,Sales,Own-child,Other,Female,0,0,32,Nicaragua,<=50K
55,Self-emp-inc,150917,Some-college,10,Married-civ-spouse,Exec-managerial,Husband,White,Male,0,1977,45,United-States,>50K
35,Local-gov,182074,HS-grad,9,Separated,Protective-serv,Not-in-family,White,Male,0,0,42,United-States,<=50K
28,Self-emp-not-inc,190391,Bachelors,13,Never-married,Sales,Not-in-family,White,Male,0,0,50,United-States,<=50K
31,Private,202822,Some-college,10,Divorced,Adm-clerical,Unmarried,Black,Female,0,0,40,United-States,<=50K
34,Private,122612,Bachelors,13,Married-civ-spouse,Other-service,Wife,Asian-Pac-Islander,Female,7688,0,50,Philippines,>50K
29,Private,368949,Some-college,10,Married-civ-spouse,Handlers-cleaners,Husband,White,Male,0,0,40,,>50K
62,,31577,HS-grad,9,Married-civ-spouse,,Husband,White,Male,0,0,18,United-States,<=50K
53,Private,53197,Masters,14,Married-civ-spouse,Prof-specialty,Husband,White,Male,3103,0,40,United-States,>50K
32,Private,126173,HS-grad,9,Separated,Craft-repair,Not-in-family,White,Male,0,0,40,United-States,<=50K
30,Private,72630,Bachelors,13,Never-married,Prof-specialty,Not-in-family,White,Male,0,0,50,United-States,<=50K
43,Private,220609,Some-college,10,Divorced,Tech-support,Not-in-family,White,Female,0,0,50,United-States,<=50K
49,State-gov,139268,Some-college,10,Married-civ-spouse,Other-service,Husband,White,Male,0,0,70,United-States,>50K
28,Private,221366,Some-college,10,Never-married,Craft-repair,Own-child,White,Male,0,0,40,United-States,<=50K
26,Private,101150,HS-grad,9,Divorced,Exec-managerial,Not-in-family,White,Female,0,0,41,United-States,<=50K
18,Private,177648,HS-grad,9,Never-married,Sales,Own-child,White,Female,0,0,25,United-States,<=50K
37,Self-emp-not-inc,410919,HS-grad,9,Never-married,Craft-repair,Own-child,White,Male,0,0,35,United-States,<=50K
39,Self-emp-not-inc,126569,Prof-school,15,Married-civ-spouse,Prof-specialty,Husband,White,Male,15024,0,60,United-States,>50K
25,Private,102476,Bachelors,13,Never-married,Prof-specialty,Not-in-family,White,Male,0,0,50,United-States,<=50K
64,Private,166715,Some-college,10,Married-civ-spouse,Exec-managerial,Husband,White,Male,0,0,20,United-States,<=50K
72,,113044,HS-grad,9,Widowed,,Not-in-family,White,Male,0,0,30,United-States,<=50K
69,Private,361561,Prof-school,15,Married-civ-spouse,Prof-specialty,Husband,White,Male,0,0,3,United-States,<=50K
60,Private,31577,Assoc-voc,11,Married-civ-spouse,Tech-support,Husband,White,Male,0,0,40,United-States,<=50K
31,Self-emp-not-inc,117346,Some-college,10,Married-civ-spouse,Sales,Husband,White,Male,0,0,48,United-States,<=50K
45,Self-emp-inc,204196,Bachelors,13,Divorced,Exec-managerial,Unmarried,White,Male,0,0,50,United-States,>50K
63,Private,154526,Some-college,10,Never-married,Exec-managerial,Not-in-family,White,Female,0,0,40,United-States,<=50K
24,Private,303296,Some-college,10,Married-civ-spouse,Adm-clerical,Wife,Asian-Pac-Islander,Female,0,0,40,Laos,<=50K
42,Private,173888,HS-grad,9,Married-spouse-absent,Adm-clerical,Not-in-family,White,Male,0,0,52,United-States,<=50K
37,Self-emp-not-inc,156897,Prof-school,15,Never-married,Prof-specialty,Own-child,White,Male,0,1564,55,United-States,>50K
64,Self-emp-not-inc,280508,HS-grad,9,Married-civ-spouse,Transport-moving,Husband,White,Male,0,0,50,United-States,<=50K
45,Private,238567,Bachelors,13,Married-civ-spouse,Exec-managerial,Husband,White,Male,0,0,40,England,>50K
35,Private,187046,Bachelors,13,Never-married,Exec-managerial,Not-in-family,White,Male,0,0,45,United-States,<=50K
29,Private,109989,HS-grad,9,Never-married,Sales,Not-in-family,White,Male,0,0,40,United-States,<=50K
31,Private,101562,Bachelors,13,Never-married,Sales,Not-in-family,White,Female,0,0,50,United-States,>50K
48,Private,219967,9th,5,Married-civ-spouse,Craft-repair,Husband,White,Male,0,0,40,United-States,<=50K
41,Private,185057,Assoc-voc,11,Never-married,Craft-repair,Not-in-family,White,Female,0,0,40,,<=50K
59,Private,195820,HS-grad,9,Married-civ-spouse,Transport-moving,Husband,White,Male,0,0,40,United-States,>50K
39,Local-gov,222572,Masters,14,Never-married,Prof-specialty,Unmarried,White,Female,0,0,43,United-States,<=50K
58,Self-emp-not-inc,450544,Bachelors,13,Married-civ-spouse,Exec-managerial,Husband,White,Male,0,0,40,United-States,>50K
23,Private,227594,HS-grad,9,Never-married,Adm-clerical,Not-in-family,White,Female,0,0,30,United-States,<=50K
54,Private,288992,10th,6,Divorced,Prof-specialty,Unmarried,White,Male,14344,0,68,United-States,>50K
26,Private,274724,Some-college,10,Never-married,Other-service,Other-relative,White,Male,0,0,40,Nicaragua,<=50K
36,Private,163237,Assoc-acdm,12,Married-civ-spouse,Adm-clerical,Husband,White,Male,0,0,40,United-States,>50K
35,Private,144937,HS-grad,9,Married-civ-spouse,Craft-repair,Husband,White,Male,0,0,42,United-States,<=50K
32,Local-gov,210973,Some-college,10,Never-married,Other-service,Unmarried,Black,Female,0,0,40,United-States,<=50K
60,Private,166789,Some-college,10,Divorced,Tech-support,Not-in-family,White,Male,0,1408,50,United-States,<=50K
48,State-gov,158451,Bachelors,13,Separated,Prof-specialty,Unmarried,White,Female,914,0,40,United-States,<=50K
30,Private,430283,HS-grad,9,Married-civ-spouse,Adm-clerical,Wife,White,Female,7298,0,40,United-States,>50K
53,Local-gov,163815,11th,7,Married-civ-spouse,Other-service,Husband,White,Male,0,2179,41,United-States,<=50K
41,Private,44121,Some-college,10,Married-civ-spouse,Other-service,Wife,White,Female,0,0,40,United-States,<=50K
44,Private,201599,11th,7,Never-married,Machine-op-inspct,Unmarried,Black,Female,0,0,40,United-States,<=50K
43,Self-emp-inc,188436,Masters,14,Married-civ-spouse,Exec-managerial,Husband,White,Male,5013,0,45,United-States,<=50K
38,Self-emp-not-inc,151322,HS-grad,9,Separated,Craft-repair,Not-in-family,White,Male,0,0,40,United-States,<=50K
46,Private,160061,Some-college,10,Married-civ-spouse,Machine-op-inspct,Husband,Black,Male,0,0,40,United-States,<=50K
47,Private,175600,Some-college,10,Married-civ-spouse,Tech-support,Husband,White,Male,0,0,40,United-States,<=50K
66,,270460,7th-8th,4,Divorced,,Not-in-family,White,Male,0,0,40,United-States,<=50K
56,Private,33115,HS-grad,9,Divorced,Other-service,Unmarried,White,Female,0,0,40,United-States,<=50K
52,Private,110563,Some-college,10,Married-civ-spouse,Exec-managerial,Husband,White,Male,0,0,40,United-States,>50K
59,Private,220896,Prof-school,15,Divorced,Other-service,Not-in-family,White,Male,27828,0,60,United-States,>50K
42,Private,197522,Some-college,10,Separated,Machine-op-inspct,Unmarried,Black,Female,0,0,40,United-States,<=50K
55,Private,387569,HS-grad,9,Married-civ-spouse,Craft-repair,Husband,White,Male,4386,0,40,United-States,>50K
28,Private,202206,HS-grad,9,Married-civ-spouse,Machine-op-inspct,Husband,White,Male,0,0,50,Puerto-Rico,<=50K
24,Private,296045,7th-8th,4,Married-civ-spouse,Craft-repair,Husband,White,Male,2635,0,38,United-States,<=50K
45,Private,175600,Masters,14,Married-civ-spouse,Exec-managerial,Husband,White,Male,0,0,60,United-States,<=50K
37,Federal-gov,31670,Bachelors,13,Married-civ-spouse,Exec-managerial,Husband,White,Male,0,0,40,United-States,<=50K
52,State-gov,71344,Masters,14,Married-civ-spouse,Prof-specialty,Husband,White,Male,0,0,40,United-States,<=50K
53,Private,22418,HS-grad,9,Married-civ-spouse,Craft-repair,Husband,White,Male,0,0,40,United-States,<=50K
34,Private,127610,Bachelors,13,Never-married,Prof-specialty,Own-child,White,Female,0,0,15,United-States,<=50K
21,Private,123868,Some-college,10,Married-civ-spouse,Sales,Husband,White,Male,0,0,40,United-States,<=50K
41,Private,40151,HS-grad,9,Married-civ-spouse,Craft-repair,Husband,White,Male,0,0,40,United-States,>50K
25,Private,103358,Some-college,10,Never-married,Machine-op-inspct,Own-child,White,Male,0,0,40,India,<=50K
25,Private,192449,HS-grad,9,Married-civ-spouse,Machine-op-inspct,Husband,White,Male,0,0,40,United-States,<=50K
59,State-gov,173422,7th-8th,4,Married-civ-spouse,Craft-repair,Husband,White,Male,5013,0,38,United-States,<=50K
54,Local-gov,137678,HS-grad,9,Divorced,Other-service,Not-in-family,White,Female,0,0,30,United-States,<=50K
45,Private,162187,Bachelors,13,Married-civ-spouse,Sales,Husband,White,Male,0,0,52,United-States,>50K
29,Private,114982,Bachelors,13,Married-civ-spouse,Tech-support,Husband,White,Male,0,0,40,United-States,>50K
20,Private,204160,Some-college,10,Never-married,Sales,Own-child,White,Female,0,0,12,United-States,<=50K
22,,165065,Some-college,10,Never-married,,Own-child,White,Female,0,0,40,Italy,<=50K
27,Private,140863,HS-grad,9,Never-married,Transport-moving,Not-in-family,White,Male,0,0,60,United-States,<=50K
35,Self-emp-not-inc,278557,HS-grad,9,Married-civ-spouse,Farming-fishing,Husband,White,Male,0,0,30,United-States,<=50K
46,Private,148254,HS-grad,9,Divorced,Exec-managerial,Not-in-family,White,Female,0,0,60,United-States,<=50K
24,Self-emp-not-inc,216889,9th,5,Married-civ-spouse,Craft-repair,Husband,White,Male,0,0,45,United-States,<=50K
29,Self-emp-not-inc,394356,HS-grad,9,Married-civ-spouse,Farming-fishing,Husband,White,Male,0,0,40,United-States,<=50K
62,Private,394645,HS-grad,9,Never-married,Sales,Not-in-family,White,Female,0,0,40,United-States,<=50K
55,Local-gov,173296,Masters,14,Divorced,Prof-specialty,Unmarried,White,Female,0,0,45,United-States,<=50K
27,Private,83517,HS-grad,9,Never-married,Transport-moving,Own-child,White,Male,0,0,60,United-States,<=50K
31,State-gov,174957,Some-college,10,Married-civ-spouse,Protective-serv,Husband,White,Male,0,0,50,United-States,<=50K
44,Self-emp-not-inc,106900,Bachelors,13,Divorced,Craft-repair,Not-in-family,White,Male,0,0,40,United-States,<=50K
20,Private,258298,Some-college,10,Never-married,Handlers-cleaners,Own-child,White,Male,0,0,20,United-States,<=50K
37,Private,99233,HS-grad,9,Married-civ-spouse,Adm-clerical,Husband,White,Male,0,0,40,United-States,<=50K
35,Private,343476,11th,7,Divorced,Craft-repair,Unmarried,White,Male,0,0,40,United-States,<=50K
38,Self-emp-not-inc,214008,HS-grad,9,Married-civ-spouse,Prof-specialty,Husband,White,Male,0,0,50,United-States,>50K
41,Self-emp-not-inc,233130,HS-grad,9,Married-civ-spouse,Exec-managerial,Husband,White,Male,0,0,45,Mexico,<=50K
45,Local-gov,224474,Bachelors,13,Divorced,Prof-specialty,Unmarried,White,Female,4934,0,50,United-States,>50K
41,Private,149102,HS-grad,9,Married-spouse-absent,Craft-repair,Not-in-family,White,Male,0,0,40,Poland,<=50K
27,Private,188171,10th,6,Never-married,Adm-clerical,Own-child,White,Male,0,0,60,United-States,<=50K
59,Private,279636,HS-grad,9,Never-married,Adm-clerical,Not-in-family,White,Male,0,0,50,Guatemala,<=50K
47,Private,95680,Some-college,10,Married-civ-spouse,Exec-managerial,Husband,Asian-Pac-Islander,Male,0,0,40,United-States,<=50K
31,Private,83425,Some-college,10,Never-married,Adm-clerical,Unmarried,White,Female,0,0,40,United-States,<=50K
58,Self-emp-inc,179781,Bachelors,13,Married-civ-spouse,Sales,Husband,White,Male,0,0,70,United-States,>50K
48,Private,149337,Assoc-acdm,12,Married-spouse-absent,Craft-repair,Not-in-family,White,Male,0,0,55,United-States,<=50K
42,Private,144056,Assoc-voc,11,Married-civ-spouse,Craft-repair,Husband,Amer-Indian-Eskimo,Male,0,0,40,United-States,>50K
60,Private,182687,Assoc-acdm,12,Divorced,Other-service,Not-in-family,White,Female,0,0,40,United-States,<=50K
47,Private,369438,Some-college,10,Married-civ-spouse,Craft-repair,Husband,Black,Male,0,0,30,United-States,>50K
30,Private,425627,Some-college,10,Never-married,Craft-repair,Other-relative,White,Male,0,0,40,Mexico,<=50K
34,Private,62374,HS-grad,9,Never-married,Craft-repair,Not-in-family,White,Male,0,0,48,United-States,<=50K
47,Private,254367,Some-college,10,Married-civ-spouse,Exec-managerial,Husband,White,Male,0,0,50,United-States,>50K
18,Private,71792,HS-grad,9,Never-married,Sales,Own-child,Asian-Pac-Islander,Female,0,0,40,United-States,<=50K
54,Private,163826,HS-grad,9,Never-married,Prof-specialty,Not-in-family,White,Male,0,0,40,United-States,<=50K
41,Self-emp-inc,136986,Masters,14,Married-civ-spouse,Exec-managerial,Husband,White,Male,0,0,40,United-States,<=50K
30,Federal-gov,295010,Bachelors,13,Never-married,Protective-serv,Not-in-family,White,Female,0,0,60,United-States,>50K
44,Private,190531,Bachelors,13,Divorced,Prof-specialty,Unmarried,Black,Female,0,0,35,United-States,<=50K
21,Private,227986,HS-grad,9,Never-married,Machine-op-inspct,Unmarried,White,Female,0,0,40,United-States,<=50K
39,Private,130620,7th-8th,4,Married-spouse-absent,Machine-op-inspct,Unmarried,Other,Female,0,0,40,Dominican-Republic,<=50K
32,Private,257863,Bachelors,13,Never-married,Adm-clerical,Not-in-family,White,Female,0,0,50,United-States,<=50K
29,Private,168479,Masters,14,Married-civ-spouse,Prof-specialty,Husband,White,Male,0,0,40,United-States,>50K
25,Private,159732,Bachelors,13,Never-married,Prof-specialty,Not-in-family,White,Male,0,0,40,United-States,<=50K
32,Private,509350,Some-college,10,Married-civ-spouse,Handlers-cleaners,Husband,White,Male,0,0,50,Canada,>50K
35,Private,498216,Bachelors,13,Divorced,Exec-managerial,Unmarried,White,Female,0,0,40,United-States,<=50K
46,Private,263727,Some-college,10,Married-civ-spouse,Exec-managerial,Husband,White,Male,0,0,60,United-States,>50K
28,Private,196690,HS-grad,9,Never-married,Machine-op-inspct,Not-in-family,White,Female,0,0,40,United-States,<=50K
20,Private,163205,Some-college,10,Separated,Other-service,Own-child,White,Female,0,0,30,United-States,<=50K
24,Private,258298,Assoc-voc,11,Never-married,Tech-support,Not-in-family,White,Male,0,0,45,United-States,<=50K
46,Federal-gov,104575,Assoc-voc,11,Divorced,Tech-support,Not-in-family,White,Female,0,0,40,United-States,<=50K
20,,289116,Some-college,10,Never-married,,Own-child,White,Female,0,0,5,United-States,<=50K
70,Private,221603,Some-college,10,Widowed,Sales,Not-in-family,White,Female,0,0,34,United-States,<=50K
35,Private,302149,Some-college,10,Married-civ-spouse,Craft-repair,Husband,Asian-Pac-Islander,Male,0,0,40,Cambodia,>50K
61,Private,242552,5th-6th,3,Married-civ-spouse,Machine-op-inspct,Wife,White,Female,0,0,37,Honduras,<=50K
42,Private,185413,Bachelors,13,Married-civ-spouse,Exec-managerial,Husband,White,Male,0,0,40,United-States,<=50K
35,Private,241306,HS-grad,9,Married-civ-spouse,Adm-clerical,Husband,White,Male,0,0,45,United-States,<=50K
39,Federal-gov,206190,HS-grad,9,Never-married,Exec-managerial,Unmarried,White,Female,0,0,45,United-States,<=50K
30,Private,251411,Some-college,10,Divorced,Adm-clerical,Unmarried,White,Female,0,0,40,United-States,<=50K
35,Self-emp-inc,196373,Bachelors,13,Married-civ-spouse,Exec-managerial,Husband,White,Male,0,0,45,United-States,>50K
51,Self-emp-not-inc,171924,Some-college,10,Married-civ-spouse,Sales,Husband,White,Male,0,0,50,United-States,<=50K
24,Private,113577,Some-college,10,Never-married,Sales,Not-in-family,White,Male,0,0,40,United-States,<=50K
35,Private,92028,Masters,14,Married-civ-spouse,Exec-managerial,Husband,White,Male,0,0,50,United-States,>50K
64,Private,86837,Preschool,1,Married-civ-spouse,Handlers-cleaners,Husband,Asian-Pac-Islander,Male,0,0,40,Philippines,<=50K
23,Private,197756,Some-college,10,Married-civ-spouse,Sales,Wife,White,Female,0,0,35,United-States,<=50K
46,Private,331776,HS-grad,9,Married-civ-spouse,Machine-op-inspct,Husband,White,Male,0,0,40,United-States,<=50K
21,Private,205759,HS-grad,9,Never-married,Handlers-cleaners,Own-child,White,Male,0,0,40,United-States,<=50K
29,Private,101597,Some-college,10,Divorced,Sales,Unmarried,White,Female,0,0,54,United-States,<=50K
42,Self-emp-inc,168071,HS-grad,9,Married-civ-spouse,Sales,Husband,White,Male,0,0,43,United-States,>50K
29,Private,78261,Prof-school,15,Never-married,Prof-specialty,Own-child,White,Male,0,0,50,United-States,<=50K
48,Local-gov,97680,Masters,14,Married-civ-spouse,Prof-specialty,Wife,White,Female,15024,0,10,United-States,>50K
50,Private,235567,HS-grad,9,Married-civ-spouse,Exec-managerial,Wife,White,Female,0,0,52,United-States,<=50K
38,Private,54317,Some-college,10,Married-civ-spouse,Machine-op-inspct,Husband,White,Male,0,0,60,United-States,<=50K
27,Self-emp-not-inc,114225,Some-college,10,Never-married,Exec-managerial,Not-in-family,White,Male,0,0,60,United-States,>50K
37,Self-emp-not-inc,184655,HS-grad,9,Never-married,Craft-repair,Not-in-family,White,Male,0,0,35,United-States,<=50K
33,Self-emp-not-inc,155151,Some-college,10,Married-civ-spouse,Sales,Husband,White,Male,0,1740,50,United-States,<=50K
31,Private,124569,Some-college,10,Married-civ-spouse,Adm-clerical,Wife,White,Female,0,0,40,United-States,>50K
45,State-gov,263982,Some-college,10,Divorced,Prof-specialty,Unmarried,White,Female,0,0,40,United-States,<=50K
45,Self-emp-not-inc,33234,Bachelors,13,Married-civ-spouse,Sales,Husband,White,Male,0,0,40,United-States,>50K
45,Private,226246,HS-grad,9,Divorced,Handlers-cleaners,Not-in-family,White,Male,0,0,50,United-States,<=50K
29,State-gov,301582,Some-college,10,Married-civ-spouse,Protective-serv,Husband,White,Male,0,0,40,United-States,<=50K
51,Private,171409,Some-college,10,Married-civ-spouse,Transport-moving,Husband,White,Male,0,0,40,United-States,>50K
31,Private,217962,12th,8,Never-married,Handlers-cleaners,Not-in-family,Black,Male,0,0,40,,<=50K
45,Self-emp-not-inc,305474,10th,6,Married-civ-spouse,Craft-repair,Husband,Black,Male,0,0,40,Haiti,<=50K
32,Private,171637,Some-college,10,Never-married,Adm-clerical,Own-child,White,Female,0,0,40,United-States,<=50K
46,Local-gov,213668,11th,7,Never-married,Other-service,Not-in-family,White,Male,0,0,40,United-States,<=50K
23,Private,203715,HS-grad,9,Never-married,Farming-fishing,Own-child,White,Male,0,0,40,United-States,<=50K
19,Private,198663,HS-grad,9,Never-married,Tech-support,Own-child,White,Male,0,0,40,United-States,<=50K
20,Private,285295,Some-college,10,Never-married,Machine-op-inspct,Not-in-family,Asian-Pac-Islander,Female,0,0,40,,<=50K
25,Private,356344,Bachelors,13,Never-married,Adm-clerical,Own-child,White,Female,0,0,40,United-States,<=50K
58,Self-emp-inc,314482,HS-grad,9,Married-civ-spouse,Exec-managerial,Husband,White,Male,0,0,40,United-States,>50K
44,Private,368757,Some-college,10,Married-civ-spouse,Machine-op-inspct,Husband,White,Male,0,0,40,United-States,<=50K
55,Private,208311,Masters,14,Married-civ-spouse,Tech-support,Husband,White,Male,0,1977,20,United-States,>50K
50,Private,98350,Some-college,10,Married-civ-spouse,Adm-clerical,Husband,Asian-Pac-Islander,Male,0,0,40,Philippines,>50K
32,Self-emp-inc,111746,Some-college,10,Married-civ-spouse,Craft-repair,Husband,White,Male,0,0,40,United-States,<=50K
49,Self-emp-not-inc,102110,HS-grad,9,Married-civ-spouse,Tech-support,Husband,White,Male,0,0,30,United-States,>50K
43,Local-gov,160574,Bachelors,13,Married-civ-spouse,Craft-repair,Husband,White,Male,0,0,40,United-States,<=50K
33,Local-gov,154874,Some-college,10,Married-civ-spouse,Protective-serv,Husband,White,Male,0,0,40,United-States,<=50K
52,Private,190333,Some-college,10,Married-civ-spouse,Adm-clerical,Husband,White,Male,0,0,40,United-States,>50K
22,,229799,Some-college,10,Never-married,,Other-relative,White,Male,0,0,45,,<=50K
31,Private,197886,Bachelors,13,Married-civ-spouse,Exec-managerial,Husband,White,Male,0,0,50,United-States,>50K
22,Private,235829,Some-college,10,Never-married,Adm-clerical,Own-child,White,Female,0,0,40,United-States,<=50K
48,Private,119471,Doctorate,16,Married-civ-spouse,Prof-specialty,Husband,Asian-Pac-Islander,Male,0,0,40,India,>50K
19,Private,229516,7th-8th,4,Never-married,Machine-op-inspct,Other-relative,White,Male,0,0,40,United-States,<=50K
40,Private,50191,9th,5,Divorced,Craft-repair,Unmarried,White,Male,5455,0,40,United-States,<=50K
57,Private,118993,9th,5,Married-civ-spouse,Transport-moving,Other-relative,White,Female,0,0,40,,<=50K
63,Self-emp-not-inc,33487,7th-8th,4,Married-civ-spouse,Farming-fishing,Husband,White,Male,0,0,70,United-States,>50K
38,Private,163204,HS-grad,9,Married-civ-spouse,Transport-moving,Husband,White,Male,0,1740,40,United-States,<=50K
46,Federal-gov,199725,Assoc-voc,11,Divorced,Craft-repair,Not-in-family,Amer-Indian-Eskimo,Female,0,0,60,United-States,<=50K
34,Private,54850,Bachelors,13,Never-married,Exec-managerial,Not-in-family,White,Male,0,1590,50,United-States,<=50K
18,Private,365683,HS-grad,9,Never-married,Adm-clerical,Own-child,White,Female,0,0,16,United-States,<=50K
41,Local-gov,210259,Masters,14,Never-married,Prof-specialty,Not-in-family,Black,Female,0,0,40,United-States,<=50K
47,Private,133758,HS-grad,9,Divorced,Exec-managerial,Not-in-family,White,Female,0,1974,40,United-States,<=50K
26,Private,34393,Some-college,10,Divorced,Adm-clerical,Not-in-family,White,Female,0,0,40,United-States,<=50K
53,Private,290640,7th-8th,4,Married-civ-spouse,Craft-repair,Husband,Asian-Pac-Islander,Male,0,0,40,Vietnam,<=50K
22,Private,347530,HS-grad,9,Separated,Other-service,Unmarried,Black,Female,0,0,35,United-States,<=50K
33,Private,96480,Assoc-voc,11,Married-civ-spouse,Prof-specialty,Wife,White,Female,7688,0,40,United-States,>50K
39,Private,287306,Some-college,10,Separated,Adm-clerical,Unmarried,Black,Female,0,0,40,United-States,<=50K
21,Private,155818,HS-grad,9,Never-married,Other-service,Own-child,White,Female,0,0,20,United-States,<=50K
34,Local-gov,124827,Some-college,10,Married-civ-spouse,Exec-managerial,Husband,White,Male,0,0,40,United-States,>50K
65,Private,270935,HS-grad,9,Widowed,Craft-repair,Not-in-family,White,Male,0,0,55,United-States,<=50K
36,Private,74791,Bachelors,13,Married-civ-spouse,Sales,Wife,White,Male,0,0,60,,<=50K
24,Private,162593,Bachelors,13,Never-married,Adm-clerical,Not-in-family,Asian-Pac-Islander,Female,0,0,40,United-States,<=50K
23,Private,129345,10th,6,Never-married,Other-service,Not-in-family,White,Male,0,0,50,United-States,<=50K
41,Private,99373,HS-grad,9,Divorced,Handlers-cleaners,Not-in-family,White,Female,0,0,40,United-States,<=50K
28,Private,109162,Masters,14,Never-married,Prof-specialty,Not-in-family,White,Female,0,0,50,United-States,<=50K
23,Private,67311,Bachelors,13,Never-married,Exec-managerial,Own-child,White,Female,0,0,40,Canada,<=50K
29,Private,278637,Bachelors,13,Married-civ-spouse,Sales,Husband,White,Male,3103,0,45,United-States,>50K
26,Private,250038,Some-college,10,Married-civ-spouse,Adm-clerical,Husband,White,Male,0,0,40,United-States,>50K
39,Private,230356,Bachelors,13,Never-married,Adm-clerical,Not-in-family,White,Female,0,0,40,United-States,<=50K
32,Private,154950,Bachelors,13,Married-civ-spouse,Sales,Husband,White,Male,0,1977,44,United-States,>50K
31,Private,156743,Masters,14,Married-civ-spouse,Sales,Husband,White,Male,0,0,76,United-States,>50K
38,Self-emp-not-inc,245090,9th,5,Married-civ-spouse,Craft-repair,Husband,White,Male,0,0,40,Mexico,<=50K
39,Private,215981,Some-college,10,Married-civ-spouse,Sales,Husband,White,Male,0,0,40,United-States,>50K
20,Private,112387,10th,6,Never-married,Craft-repair,Own-child,White,Male,0,0,40,United-States,<=50K
48,Private,216734,Some-college,10,Divorced,Exec-managerial,Not-in-family,White,Female,0,0,40,United-States,<=50K
28,Private,142764,HS-grad,9,Never-married,Machine-op-inspct,Not-in-family,White,Male,0,0,48,United-States,<=50K
34,Private,118605,Assoc-acdm,12,Married-civ-spouse,Prof-specialty,Husband,White,Male,0,0,55,United-States,<=50K
46,State-gov,106705,Some-college,10,Divorced,Prof-specialty,Unmarried,White,Female,1506,0,50,United-States,<=50K
52,Private,279543,Some-college,10,Married-civ-spouse,Sales,Husband,White,Male,0,0,60,Cuba,>50K
23,Private,173670,Bachelors,13,Married-civ-spouse,Exec-managerial,Wife,White,Female,0,0,45,United-States,<=50K
54,Federal-gov,75235,HS-grad,9,Married-civ-spouse,Exec-managerial,Husband,White,Male,5178,0,40,United-States,>50K
27,Private,335764,11th,7,Married-civ-spouse,Sales,Own-child,Black,Male,0,0,35,United-States,<=50K
25,Private,172402,Some-college,10,Never-married,Adm-clerical,Own-child,White,Female,0,0,40,United-States,<=50K
41,Local-gov,33068,Masters,14,Divorced,Prof-specialty,Not-in-family,White,Male,0,1974,40,United-States,<=50K
30,Private,169002,Assoc-voc,11,Never-married,Adm-clerical,Own-child,White,Male,0,0,40,United-States,<=50K
47,State-gov,103406,HS-grad,9,Married-civ-spouse,Tech-support,Husband,White,Male,0,0,40,United-States,<=50K
39,Self-emp-not-inc,211785,HS-grad,9,Never-married,Craft-repair,Own-child,Black,Female,0,0,20,United-States,<=50K
43,Private,172256,Bachelors,13,Divorced,Sales,Unmarried,White,Female,0,0,50,United-States,<=50K
60,Private,186446,7th-8th,4,Married-civ-spouse,Machine-op-inspct,Wife,White,Female,0,0,40,United-States,<=50K
43,Private,208613,Bachelors,13,Separated,Tech-support,Not-in-family,White,Male,0,0,40,United-States,<=50K
30,Private,159187,Bachelors,13,Married-civ-spouse,Prof-specialty,Husband,White,Male,0,1902,55,United-States,>50K
46,Private,214955,5th-6th,3,Divorced,Craft-repair,Not-in-family,White,Female,0,2339,45,United-States,<=50K
17,,74685,10th,6,Never-married,,Own-child,White,Male,0,0,20,United-States,<=50K
35,Private,215323,Bachelors,13,Married-civ-spouse,Other-service,Husband,White,Male,0,0,40,United-States,<=50K
50,Private,128478,HS-grad,9,Married-civ-spouse,Transport-moving,Husband,White,Male,0,0,70,United-States,<=50K
44,Private,165815,HS-grad,9,Married-civ-spouse,Exec-managerial,Husband,White,Male,0,0,60,United-States,>50K
17,Private,151799,11th,7,Never-married,Other-service,Own-child,White,Female,0,0,20,United-States,<=50K
30,Private,172830,Bachelors,13,Never-married,Adm-clerical,Not-in-family,White,Female,3325,0,40,United-States,<=50K
41,Private,255044,Bachelors,13,Divorced,Exec-managerial,Not-in-family,White,Female,0,0,55,United-States,<=50K
37,Private,77820,Bachelors,13,Married-civ-spouse,Exec-managerial,Husband,White,Male,0,0,45,United-States,>50K
32,Private,159442,Prof-school,15,Never-married,Sales,Not-in-family,White,Female,13550,0,50,United-States,>50K
29,Private,274969,HS-grad,9,Never-married,Craft-repair,Unmarried,White,Female,0,0,42,United-States,<=50K
26,State-gov,92795,Prof-school,15,Never-married,Prof-specialty,Not-in-family,White,Female,0,0,80,United-States,<=50K
49,Private,124604,HS-grad,9,Divorced,Adm-clerical,Not-in-family,White,Male,0,0,32,United-States,<=50K
41,Self-emp-not-inc,214541,HS-grad,9,Divorced,Transport-moving,Not-in-family,White,Male,0,1590,40,United-States,<=50K
45,Private,132847,Bachelors,13,Never-married,Sales,Not-in-family,White,Female,0,0,50,United-States,<=50K
55,Private,334308,HS-grad,9,Married-civ-spouse,Exec-managerial,Wife,White,Female,0,0,30,United-States,>50K
21,Private,232577,Assoc-voc,11,Never-married,Tech-support,Own-child,White,Female,0,0,30,United-States,<=50K
37,State-gov,160402,Bachelors,13,Married-civ-spouse,Prof-specialty,Husband,White,Male,0,0,55,United-States,>50K
31,Local-gov,192565,Masters,14,Married-civ-spouse,Prof-specialty,Husband,White,Male,0,0,90,United-States,>50K
44,Self-emp-not-inc,234885,HS-grad,9,Married-civ-spouse,Sales,Wife,White,Female,0,0,40,United-States,>50K
56,Private,146660,HS-grad,9,Divorced,Handlers-cleaners,Unmarried,White,Male,0,0,10,United-States,<=50K
33,Self-emp-inc,154227,HS-grad,9,Married-civ-spouse,Sales,Husband,White,Male,0,0,50,United-States,>50K
35,Local-gov,217926,Some-college,10,Married-civ-spouse,Prof-specialty,Husband,Black,Male,0,0,40,United-States,<=50K
20,,326624,HS-grad,9,Never-married,,Own-child,White,Female,0,0,40,United-States,<=50K
29,Private,192283,Some-college,10,Never-married,Other-service,Other-relative,White,Female,0,0,20,United-States,<=50K
18,Private,93985,Some-college,10,Never-married,Other-service,Own-child,White,Male,0,0,30,United-States,<=50K
46,Local-gov,109089,Prof-school,15,Married-civ-spouse,Protective-serv,Husband,White,Male,0,0,40,United-States,>50K
63,Self-emp-not-inc,175177,Prof-school,15,Married-civ-spouse,Prof-specialty,Husband,White,Male,0,0,35,United-States,>50K
33,Private,424719,Bachelors,13,Divorced,Exec-managerial,Not-in-family,White,Female,0,0,40,United-States,<=50K
51,Private,261207,HS-grad,9,Married-civ-spouse,Other-service,Husband,White,Male,0,0,40,Cuba,>50K
31,Self-emp-inc,41493,Bachelors,13,Never-married,Farming-fishing,Not-in-family,White,Female,0,0,45,United-States,<=50K
73,Private,183213,Assoc-voc,11,Widowed,Prof-specialty,Not-in-family,White,Male,25124,0,60,United-States,>50K
57,Local-gov,174132,Masters,14,Married-civ-spouse,Prof-specialty,Wife,Black,Female,0,1977,40,United-States,>50K
54,Private,335177,HS-grad,9,Divorced,Craft-repair,Unmarried,White,Male,0,0,45,,<=50K
32,Private,321313,Masters,14,Never-married,Sales,Own-child,Black,Male,0,0,40,United-States,<=50K
32,Private,129020,Bachelors,13,Married-civ-spouse,Other-service,Husband,White,Male,0,0,40,United-States,<=50K
32,Private,186824,HS-grad,9,Never-married,Machine-op-inspct,Unmarried,White,Male,0,0,40,United-States,<=50K
65,,180422,Assoc-acdm,12,Never-married,,Not-in-family,White,Male,6723,0,38,United-States,<=50K
29,Private,165737,Bachelors,13,Never-married,Prof-specialty,Not-in-family,Asian-Pac-Islander,Male,0,0,1,Japan,<=50K
31,Private,127610,Bachelors,13,Married-civ-spouse,Exec-managerial,Wife,White,Female,0,0,50,United-States,>50K
29,Private,156819,Assoc-acdm,12,Divorced,Prof-specialty,Unmarried,White,Female,0,0,35,United-States,<=50K
50,State-gov,173020,Some-college,10,Married-civ-spouse,Craft-repair,Husband,White,Male,0,0,40,United-States,<=50K
19,Private,158603,HS-grad,9,Never-married,Handlers-cleaners,Not-in-family,Black,Male,0,0,37,United-States,<=50K
30,Private,45781,HS-grad,9,Never-married,Adm-clerical,Unmarried,White,Female,0,0,40,United-States,<=50K
28,Local-gov,135567,Bachelors,13,Never-married,Adm-clerical,Not-in-family,Black,Female,4101,0,60,United-States,<=50K
43,Private,187164,HS-grad,9,Married-civ-spouse,Transport-moving,Husband,White,Male,0,0,50,United-States,<=50K
32,Private,347623,HS-grad,9,Married-civ-spouse,Handlers-cleaners,Husband,White,Male,0,0,40,United-States,<=50K
30,Local-gov,257796,Some-college,10,Divorced,Adm-clerical,Not-in-family,White,Female,0,0,40,United-States,<=50K
33,Private,138142,Some-college,10,Separated,Other-service,Unmarried,Black,Female,0,0,25,United-States,<=50K
17,Self-emp-inc,181608,10th,6,Never-married,Sales,Own-child,White,Male,0,0,12,United-States,<=50K
38,Private,343403,Assoc-acdm,12,Divorced,Adm-clerical,Not-in-family,White,Female,0,0,16,United-States,<=50K
44,Private,202872,Assoc-acdm,12,Divorced,Prof-specialty,Not-in-family,White,Female,0,0,40,United-States,>50K
39,Private,280570,Bachelors,13,Married-civ-spouse,Exec-managerial,Husband,White,Male,3103,0,50,United-States,>50K
51,Private,237729,Some-college,10,Divorced,Adm-clerical,Unmarried,White,Female,0,0,40,United-States,<=50K
20,State-gov,117210,Some-college,10,Never-married,Tech-support,Own-child,White,Male,0,0,40,United-States,<=50K
38,Private,300975,Masters,14,Married-civ-spouse,Other-service,Husband,Black,Male,0,1485,40,,<=50K
49,Private,115784,HS-grad,9,Married-civ-spouse,Machine-op-inspct,Husband,White,Male,0,0,40,United-States,<=50K
43,Private,300099,Some-college,10,Never-married,Other-service,Not-in-family,White,Female,0,0,40,United-States,<=50K
51,Private,152652,Assoc-acdm,12,Married-civ-spouse,Exec-managerial,Husband,White,Male,0,0,45,United-States,<=50K
27,Private,240172,Some-college,10,Never-married,Sales,Not-in-family,White,Male,0,0,40,United-States,<=50K
45,Private,240356,Some-college,10,Divorced,Sales,Not-in-family,White,Female,0,0,55,United-States,<=50K
29,Private,222249,HS-grad,9,Never-married,Adm-clerical,Other-relative,White,Female,0,0,40,United-States,<=50K
54,Private,222882,HS-grad,9,Widowed,Exec-managerial,Unmarried,White,Female,0,0,45,United-States,<=50K
49,Private,90579,HS-grad,9,Married-civ-spouse,Craft-repair,Husband,Black,Male,5013,0,50,United-States,<=50K
63,Self-emp-not-inc,27653,HS-grad,9,Married-civ-spouse,Farming-fishing,Husband,White,Male,0,0,35,United-States,<=50K
34,,205256,HS-grad,9,Married-civ-spouse,,Husband,White,Male,2885,0,80,United-States,<=50K
47,Local-gov,33114,11th,7,Divorced,Handlers-cleaners,Unmarried,Amer-Indian-Eskimo,Male,0,0,50,United-States,<=50K
28,Self-emp-not-inc,169460,Assoc-voc,11,Married-civ-spouse,Farming-fishing,Husband,White,Male,0,0,80,United-States,<=50K
36,Private,199739,HS-grad,9,Married-civ-spouse,Transport-moving,Husband,White,Male,7298,0,60,United-States,>50K
45,Private,304570,Bachelors,13,Married-civ-spouse,Exec-managerial,Husband,Asian-Pac-Islander,Male,0,0,60,China,>50K
22,Private,43535,Some-college,10,Married-civ-spouse,Exec-managerial,Wife,White,Female,0,0,40,United-States,<=50K
24,Private,216181,Assoc-voc,11,Never-married,Machine-op-inspct,Own-child,White,Male,0,0,40,United-States,<=50K
58,Local-gov,33386,Some-college,10,Widowed,Adm-clerical,Other-relative,White,Female,0,0,25,United-States,<=50K
31,Private,173495,HS-grad,9,Married-civ-spouse,Craft-repair,Husband,White,Male,0,0,40,United-States,<=50K
18,Private,37720,10th,6,Never-married,Machine-op-inspct,Own-child,White,Male,0,0,40,United-States,<=50K
52,Self-emp-not-inc,149508,Assoc-voc,11,Married-civ-spouse,Farming-fishing,Husband,White,Male,0,0,48,United-States,>50K
29,Private,196420,HS-grad,9,Never-married,Exec-managerial,Not-in-family,White,Female,0,0,45,United-States,<=50K
40,Private,165309,Some-college,10,Married-civ-spouse,Transport-moving,Husband,White,Male,0,0,43,United-States,<=50K
39,Self-emp-not-inc,160808,Some-college,10,Married-civ-spouse,Other-service,Husband,Black,Male,0,0,40,United-States,<=50K
66,Private,78855,HS-grad,9,Never-married,Adm-clerical,Not-in-family,Asian-Pac-Islander,Female,0,0,40,United-States,<=50K
36,Private,138441,Assoc-acdm,12,Married-civ-spouse,Tech-support,Husband,White,Male,0,0,55,United-States,<=50K
43,Private,194726,Prof-school,15,Married-civ-spouse,Prof-specialty,Husband,White,Male,15024,0,55,United-States,>50K
47,Private,180243,Bachelors,13,Never-married,Sales,Other-relative,White,Female,0,0,40,United-States,<=50K
48,Private,330470,Some-college,10,Married-civ-spouse,Handlers-cleaners,Husband,White,Male,0,0,30,United-States,<=50K
37,Private,161111,Bachelors,13,Never-married,Sales,Not-in-family,White,Female,0,0,40,United-States,<=50K
31,Private,87950,Assoc-voc,11,Divorced,Sales,Not-in-family,Amer-Indian-Eskimo,Female,0,0,40,United-States,<=50K
41,Private,125461,Some-college,10,Divorced,Craft-repair,Not-in-family,White,Male,0,0,40,United-States,>50K
50,State-gov,53497,Masters,14,Married-civ-spouse,Prof-specialty,Husband,White,Male,0,0,46,United-States,>50K
30,Private,217460,Bachelors,13,Married-civ-spouse,Prof-specialty,Husband,White,Male,0,0,40,United-States,<=50K
49,Private,239865,HS-grad,9,Married-civ-spouse,Tech-support,Husband,White,Male,0,0,50,United-States,>50K
25,Private,225865,HS-grad,9,Never-married,Other-service,Unmarried,White,Female,0,0,50,United-States,<=50K
45,Private,241350,HS-grad,9,Married-civ-spouse,Handlers-cleaners,Husband,White,Male,0,0,48,United-States,>50K
34,Local-gov,167999,HS-grad,9,Divorced,Adm-clerical,Unmarried,White,Female,0,0,33,United-States,<=50K
20,Private,20057,Some-college,10,Never-married,Protective-serv,Not-in-family,Amer-Indian-Eskimo,Female,0,0,40,United-States,<=50K
39,Private,141748,HS-grad,9,Married-civ-spouse,Transport-moving,Husband,White,Male,0,1887,40,United-States,>50K
38,,36425,Some-college,10,Divorced,,Not-in-family,White,Female,0,0,25,United-States,<=50K
47,Private,280483,HS-grad,9,Separated,Craft-repair,Unmarried,Black,Female,0,0,40,United-States,<=50K
44,Federal-gov,269792,Bachelors,13,Married-civ-spouse,Adm-clerical,Husband,White,Male,0,0,43,United-States,<=50K
32,Local-gov,40444,Masters,14,Never-married,Prof-specialty,Not-in-family,White,Male,0,0,50,United-States,<=50K
33,Private,187618,Bachelors,13,Never-married,Prof-specialty,Own-child,White,Male,0,1741,40,United-States,<=50K
39,Federal-gov,193583,Bachelors,13,Divorced,Prof-specialty,Unmarried,White,Female,5455,0,60,United-States,<=50K
34,Private,161153,10th,6,Married-civ-spouse,Farming-fishing,Husband,White,Male,0,0,35,United-States,<=50K
23,Private,107452,Some-college,10,Married-civ-spouse,Transport-moving,Husband,White,Male,0,0,40,United-States,<=50K
39,Self-emp-not-inc,263081,HS-grad,9,Never-married,Exec-managerial,Not-in-family,Black,Male,0,0,50,United-States,<=50K
24,Private,299528,Some-college,10,Never-married,Sales,Not-in-family,Asian-Pac-Islander,Female,0,0,50,Taiwan,<=50K
49,Private,255466,Some-college,10,Divorced,Adm-clerical,Not-in-family,White,Female,0,0,43,United-States,<=50K
38,Private,161066,HS-grad,9,Divorced,Craft-repair,Not-in-family,Amer-Indian-Eskimo,Male,0,0,50,United-States,<=50K
38,Local-gov,169104,Bachelors,13,Married-civ-spouse,Protective-serv,Husband,Asian-Pac-Islander,Male,0,0,40,Philippines,>50K
53,Federal-gov,181677,Some-college,10,Divorced,Handlers-cleaners,Not-in-family,White,Male,0,0,40,United-States,<=50K
46,Private,171095,Assoc-acdm,12,Divorced,Sales,Unmarried,White,Female,0,0,38,United-States,<=50K
46,Private,123053,Masters,14,Married-civ-spouse,Exec-managerial,Husband,Asian-Pac-Islander,Male,0,0,50,Japan,>50K
30,Private,271710,Bachelors,13,Married-civ-spouse,Sales,Husband,White,Male,7298,0,50,United-States,>50K
37,State-gov,151322,Bachelors,13,Never-married,Prof-specialty,Not-in-family,White,Male,0,0,40,United-States,<=50K
38,Private,453663,HS-grad,9,Married-civ-spouse,Craft-repair,Husband,White,Male,0,0,44,United-States,<=50K
20,Private,528616,5th-6th,3,Never-married,Other-service,Other-relative,White,Male,0,0,40,Mexico,<=50K
52,Private,177366,HS-grad,9,Separated,Other-service,Other-relative,White,Female,0,0,20,United-States,<=50K
42,Private,168103,Bachelors,13,Married-civ-spouse,Exec-managerial,Husband,White,Male,0,0,40,United-States,>50K
21,Private,27162,Some-college,10,Never-married,Other-service,Own-child,White,Female,0,0,16,United-States,<=50K
51,Private,106728,Bachelors,13,Married-civ-spouse,Exec-managerial,Husband,White,Male,5178,0,60,United-States,>50K
24,Private,50400,Some-college,10,Married-civ-spouse,Sales,Husband,Amer-Indian-Eskimo,Male,0,0,40,United-States,<=50K
18,Private,137363,HS-grad,9,Never-married,Adm-clerical,Own-child,White,Female,0,0,40,United-States,<=50K
53,Private,111939,Bachelors,13,Married-civ-spouse,Other-service,Husband,White,Male,0,0,35,United-States,<=50K
23,Private,32950,Some-college,10,Never-married,Sales,Not-in-family,White,Male,0,0,40,United-States,<=50K
23,Private,184400,10th,6,Never-married,Transport-moving,Own-child,Asian-Pac-Islander,Male,0,0,30,,<=50K
52,Private,99184,HS-grad,9,Divorced,Transport-moving,Not-in-family,White,Male,0,0,40,United-States,<=50K
44,Private,204314,HS-grad,9,Married-civ-spouse,Other-service,Wife,Black,Female,0,0,38,United-States,>50K
45,Private,213140,Masters,14,Married-civ-spouse,Prof-specialty,Husband,White,Male,0,1977,52,United-States,>50K
45,Local-gov,160472,Bachelors,13,Married-civ-spouse,Exec-managerial,Husband,White,Male,0,1977,50,United-States,>50K
51,Self-emp-inc,338836,Some-college,10,Married-civ-spouse,Exec-managerial,Husband,White,Male,0,0,40,United-States,>50K
37,Self-emp-inc,27997,HS-grad,9,Never-married,Transport-moving,Not-in-family,White,Male,0,0,50,United-States,<=50K
24,Private,281356,1st-4th,2,Never-married,Farming-fishing,Not-in-family,Other,Male,0,0,66,Mexico,<=50K
41,Private,242089,Masters,14,Married-civ-spouse,Exec-managerial,Husband,White,Male,0,0,45,United-States,<=50K
28,Private,115549,Some-college,10,Never-married,Machine-op-inspct,Own-child,White,Male,0,0,60,United-States,<=50K
37,Private,118577,HS-grad,9,Married-civ-spouse,Adm-clerical,Wife,White,Female,0,0,25,United-States,>50K
33,State-gov,226296,HS-grad,9,Never-married,Transport-moving,Other-relative,White,Male,0,0,40,United-States,<=50K
34,Private,145231,HS-grad,9,Married-civ-spouse,Adm-clerical,Wife,White,Female,4064,0,35,United-States,<=50K
24,Private,376755,Some-college,10,Never-married,Other-service,Unmarried,White,Female,0,0,20,United-States,<=50K
54,Private,230767,Assoc-acdm,12,Married-civ-spouse,Craft-repair,Husband,White,Male,0,0,40,Cuba,<=50K
44,,276096,Some-college,10,Never-married,,Other-relative,White,Male,0,0,45,United-States,<=50K
32,Private,278940,HS-grad,9,Never-married,Machine-op-inspct,Not-in-family,Black,Female,0,0,40,United-States,<=50K
41,Private,149576,Some-college,10,Married-civ-spouse,Craft-repair,Husband,White,Male,0,0,40,United-States,>50K
33,Private,158438,Some-college,10,Married-civ-spouse,Craft-repair,Husband,White,Male,0,0,50,United-States,>50K
42,Local-gov,198028,Some-college,10,Married-civ-spouse,Adm-clerical,Wife,White,Female,0,0,40,United-States,>50K
55,Private,32365,Bachelors,13,Married-civ-spouse,Exec-managerial,Husband,White,Male,0,0,45,United-States,>50K
24,Private,126613,11th,7,Never-married,Other-service,Not-in-family,White,Female,0,0,20,United-States,<=50K
31,Private,145439,HS-grad,9,Married-civ-spouse,Adm-clerical,Husband,Amer-Indian-Eskimo,Male,0,0,40,United-States,<=50K
33,Local-gov,220430,Bachelors,13,Married-civ-spouse,Protective-serv,Husband,Black,Male,0,0,70,United-States,>50K
75,Self-emp-inc,134414,Some-college,10,Married-civ-spouse,Sales,Husband,White,Male,0,0,50,United-States,<=50K
31,Private,307375,Some-college,10,Never-married,Other-service,Not-in-family,Amer-Indian-Eskimo,Female,0,0,40,United-States,<=50K
43,Private,88787,Some-college,10,Married-civ-spouse,Exec-managerial,Husband,White,Male,0,0,45,United-States,>50K
59,Local-gov,221417,HS-grad,9,Married-civ-spouse,Protective-serv,Husband,White,Male,0,0,40,United-States,>50K
61,Private,96660,Some-college,10,Married-civ-spouse,Adm-clerical,Wife,White,Female,15024,0,34,United-States,>50K
22,,166297,Some-college,10,Never-married,,Own-child,Asian-Pac-Islander,Male,0,0,20,United-States,<=50K
21,Private,31606,Some-college,10,Never-married,Other-service,Own-child,White,Female,0,0,25,Germany,<=50K
41,Self-emp-not-inc,203451,Some-college,10,Divorced,Prof-specialty,Not-in-family,White,Female,0,0,15,United-States,<=50K
23,Private,159709,HS-grad,9,Divorced,Craft-repair,Not-in-family,White,Male,0,0,40,United-States,<=50K
20,,334105,HS-grad,9,Never-married,,Not-in-family,White,Female,0,0,40,United-States,<=50K
61,State-gov,151459,10th,6,Never-married,Other-service,Not-in-family,Black,Female,0,0,38,United-States,<=50K
20,,346341,Some-college,10,Never-married,,Not-in-family,White,Female,0,0,35,United-States,<=50K
52,Private,204584,Bachelors,13,Married-spouse-absent,Exec-managerial,Not-in-family,White,Female,0,0,42,United-States,<=50K
44,Private,157765,HS-grad,9,Divorced,Machine-op-inspct,Not-in-family,White,Female,0,0,40,United-States,<=50K
27,Private,47907,Bachelors,13,Never-married,Prof-specialty,Not-in-family,White,Female,0,0,48,United-States,<=50K
41,Private,39581,Some-college,10,Divorced,Adm-clerical,Not-in-family,Black,Female,0,0,24,El-Salvador,<=50K
52,Private,288353,Bachelors,13,Married-civ-spouse,Sales,Husband,White,Male,99999,0,48,United-States,>50K
38,Private,60313,HS-grad,9,Never-married,Craft-repair,Not-in-family,White,Male,0,0,40,United-States,<=50K
43,Private,137722,HS-grad,9,Married-civ-spouse,Handlers-cleaners,Husband,White,Male,0,0,40,United-States,<=50K
59,Self-emp-not-inc,119344,10th,6,Married-civ-spouse,Exec-managerial,Wife,White,Female,0,0,36,United-States,<=50K
38,Private,186815,HS-grad,9,Married-civ-spouse,Sales,Husband,White,Male,0,0,43,United-States,<=50K
27,Self-emp-not-inc,131298,10th,6,Married-civ-spouse,Craft-repair,Husband,White,Male,0,0,48,United-States,<=50K
42,Self-emp-inc,119281,Bachelors,13,Married-civ-spouse,Exec-managerial,Husband,White,Male,0,0,60,United-States,>50K
41,Self-emp-not-inc,254818,Masters,14,Divorced,Handlers-cleaners,Unmarried,White,Male,0,0,40,Peru,<=50K
38,Private,233717,Some-college,10,Divorced,Exec-managerial,Unmarried,Black,Male,0,0,60,United-States,<=50K
30,Private,215441,Some-college,10,Never-married,Adm-clerical,Not-in-family,Other,Male,0,0,40,,<=50K
75,,114204,Some-college,10,Married-civ-spouse,,Husband,White,Male,0,0,13,United-States,<=50K
42,Self-emp-not-inc,177307,Prof-school,15,Married-civ-spouse,Farming-fishing,Husband,White,Male,0,0,65,United-States,>50K
46,Private,129232,Bachelors,13,Married-civ-spouse,Sales,Husband,White,Male,0,0,55,United-States,>50K
24,Federal-gov,228724,Some-college,10,Never-married,Armed-Forces,Not-in-family,White,Male,0,0,40,United-States,<=50K
20,Private,225395,7th-8th,4,Never-married,Machine-op-inspct,Other-relative,White,Female,0,0,60,Mexico,<=50K
40,Private,141657,HS-grad,9,Married-civ-spouse,Exec-managerial,Wife,White,Female,0,0,35,United-States,>50K
19,Private,201178,HS-grad,9,Never-married,Adm-clerical,Not-in-family,White,Female,0,0,25,United-States,<=50K
20,Private,39615,Some-college,10,Never-married,Craft-repair,Own-child,White,Male,0,0,40,United-States,<=50K
52,Private,173987,HS-grad,9,Married-civ-spouse,Adm-clerical,Husband,White,Male,0,0,40,United-States,>50K
24,,115085,HS-grad,9,Married-civ-spouse,,Other-relative,White,Male,0,0,40,United-States,<=50K
41,Self-emp-not-inc,49448,HS-grad,9,Married-civ-spouse,Craft-repair,Husband,White,Male,99999,0,40,United-States,>50K
50,Private,174655,Bachelors,13,Married-civ-spouse,Craft-repair,Husband,White,Male,0,1887,40,United-States,>50K
32,State-gov,479179,11th,7,Never-married,Protective-serv,Own-child,White,Male,0,0,40,United-States,<=50K
56,Self-emp-not-inc,323639,Masters,14,Married-civ-spouse,Exec-managerial,Husband,White,Male,0,0,25,United-States,<=50K
24,Private,209034,HS-grad,9,Never-married,Sales,Not-in-family,White,Female,0,0,50,United-States,<=50K
62,Private,167098,Bachelors,13,Married-civ-spouse,Exec-managerial,Husband,White,Male,0,0,40,United-States,>50K
38,Private,160192,HS-grad,9,Married-civ-spouse,Craft-repair,Husband,White,Male,0,2051,44,United-States,<=50K
83,,251951,HS-grad,9,Widowed,,Not-in-family,White,Female,0,0,20,United-States,<=50K
61,Private,222966,9th,5,Widowed,Other-service,Unmarried,Black,Female,0,0,40,United-States,<=50K
76,,312500,5th-6th,3,Widowed,,Unmarried,White,Female,0,0,40,United-States,<=50K
26,Private,276309,Some-college,10,Never-married,Handlers-cleaners,Own-child,Black,Female,0,0,20,United-States,<=50K
43,State-gov,47818,Bachelors,13,Never-married,Prof-specialty,Not-in-family,White,Female,0,0,40,United-States,<=50K
28,Private,186239,Some-college,10,Never-married,Adm-clerical,Unmarried,Black,Female,0,0,40,United-States,<=50K
36,Private,312206,HS-grad,9,Married-civ-spouse,Machine-op-inspct,Husband,White,Male,0,0,40,United-States,<=50K
53,Self-emp-not-inc,297796,10th,6,Married-civ-spouse,Farming-fishing,Husband,White,Male,0,0,40,United-States,<=50K
34,Private,77271,HS-grad,9,Never-married,Exec-managerial,Unmarried,White,Female,0,0,20,England,<=50K
44,Federal-gov,218062,Some-college,10,Divorced,Adm-clerical,Unmarried,Black,Female,0,0,40,United-States,<=50K
43,Federal-gov,157237,Masters,14,Married-civ-spouse,Prof-specialty,Husband,White,Male,0,0,40,United-States,>50K
26,State-gov,130557,Bachelors,13,Never-married,Exec-managerial,Not-in-family,White,Female,0,0,35,United-States,<=50K
37,Private,170020,HS-grad,9,Married-civ-spouse,Craft-repair,Husband,White,Male,0,0,40,United-States,<=50K
27,Private,239130,HS-grad,9,Never-married,Prof-specialty,Not-in-family,White,Male,0,2444,40,United-States,>50K
44,Self-emp-not-inc,190290,Some-college,10,Married-spouse-absent,Exec-managerial,Not-in-family,White,Male,0,0,80,France,<=50K
20,,189740,Some-college,10,Never-married,,Own-child,White,Female,0,0,32,United-States,<=50K
30,State-gov,182271,HS-grad,9,Divorced,Protective-serv,Not-in-family,White,Male,0,0,40,United-States,<=50K
30,Private,345898,HS-grad,9,Never-married,Craft-repair,Not-in-family,Black,Male,0,0,46,United-States,<=50K
55,Private,101480,HS-grad,9,Married-civ-spouse,Other-service,Other-relative,White,Female,0,0,33,United-States,<=50K
35,Private,132879,Some-college,10,Married-civ-spouse,Tech-support,Husband,White,Male,0,0,40,United-States,>50K
41,Local-gov,396467,Assoc-acdm,12,Married-civ-spouse,Exec-managerial,Husband,Black,Male,0,0,50,United-States,>50K
51,Self-emp-not-inc,240358,Some-college,10,Married-civ-spouse,Craft-repair,Husband,White,Male,0,0,20,United-States,<=50K
32,Private,265368,Bachelors,13,Married-civ-spouse,Exec-managerial,Wife,White,Female,0,1902,44,United-States,>50K
40,Local-gov,42703,Some-college,10,Married-civ-spouse,Adm-clerical,Wife,White,Female,0,0,40,United-States,>50K
27,Private,37933,Some-college,10,Never-married,Adm-clerical,Unmarried,Black,Female,0,0,40,United-States,<=50K
20,Private,375698,Some-college,10,Never-married,Adm-clerical,Own-child,White,Female,0,0,15,United-States,<=50K
44,Federal-gov,68729,Bachelors,13,Married-civ-spouse,Exec-managerial,Husband,Asian-Pac-Islander,Male,0,0,40,United-States,>50K
36,Private,37778,Bachelors,13,Married-civ-spouse,Exec-managerial,Husband,White,Male,0,0,40,United-States,<=50K
43,Private,253759,Some-college,10,Married-civ-spouse,Tech-support,Wife,Black,Female,0,0,40,United-States,<=50K
20,,163665,HS-grad,9,Never-married,,Own-child,White,Female,0,0,20,United-States,<=50K
66,Private,366425,HS-grad,9,Married-civ-spouse,Other-service,Husband,White,Male,0,0,40,United-States,<=50K
63,Local-gov,109849,Bachelors,13,Never-married,Prof-specialty,Not-in-family,Black,Female,0,0,21,United-States,<=50K
52,Federal-gov,277772,Some-college,10,Divorced,Adm-clerical,Unmarried,Black,Female,0,0,40,United-States,<=50K
41,Self-emp-not-inc,153132,Prof-school,15,Married-civ-spouse,Exec-managerial,Husband,White,Male,15024,0,40,United-States,>50K
57,Self-emp-inc,140319,HS-grad,9,Married-civ-spouse,Adm-clerical,Husband,White,Male,0,0,50,United-States,<=50K
23,Private,142766,Bachelors,13,Never-married,Tech-support,Not-in-family,White,Male,0,0,18,United-States,<=50K
46,Private,110646,Assoc-acdm,12,Married-civ-spouse,Adm-clerical,Wife,White,Female,0,0,56,United-States,<=50K
27,Private,134048,11th,7,Never-married,Craft-repair,Not-in-family,White,Male,0,0,45,United-States,<=50K
34,Private,242984,Bachelors,13,Never-married,Sales,Not-in-family,White,Male,0,0,40,United-States,<=50K
28,Private,183523,Assoc-acdm,12,Never-married,Adm-clerical,Own-child,White,Male,0,0,35,United-States,<=50K
39,Private,63910,Some-college,10,Never-married,Adm-clerical,Own-child,Asian-Pac-Islander,Female,0,0,40,United-States,<=50K
52,Private,99602,HS-grad,9,Separated,Craft-repair,Own-child,Black,Female,0,0,40,United-States,<=50K
29,Private,353352,Assoc-voc,11,Never-married,Craft-repair,Other-relative,White,Male,0,0,40,United-States,<=50K
35,Private,138441,HS-grad,9,Married-civ-spouse,Adm-clerical,Husband,White,Male,0,0,40,United-States,<=50K
46,Self-emp-not-inc,366089,Bachelors,13,Married-civ-spouse,Sales,Husband,White,Male,0,0,60,United-States,>50K
34,Private,90614,Assoc-acdm,12,Married-civ-spouse,Tech-support,Husband,White,Male,0,2042,10,United-States,<=50K
43,Private,131650,Some-college,10,Married-civ-spouse,Exec-managerial,Husband,White,Male,0,0,40,United-States,>50K
35,Private,334291,Some-college,10,Married-civ-spouse,Craft-repair,Husband,White,Male,0,0,50,United-States,<=50K
21,Private,97295,Some-college,10,Never-married,Sales,Not-in-family,White,Female,0,0,45,United-States,<=50K
44,Federal-gov,206927,Bachelors,13,Married-civ-spouse,Exec-managerial,Husband,White,Male,7688,0,40,United-States,>50K
24,Private,114939,Assoc-voc,11,Married-civ-spouse,Adm-clerical,Wife,White,Female,0,0,40,United-States,<=50K
41,,29115,Some-college,10,Widowed,,Not-in-family,White,Female,0,0,20,United-States,<=50K
30,Private,553405,HS-grad,9,Married-civ-spouse,Craft-repair,Husband,White,Male,0,0,40,United-States,>50K
19,Private,198663,HS-grad,9,Never-married,Machine-op-inspct,Other-relative,White,Male,0,0,40,United-States,<=50K
39,Self-emp-inc,188069,Assoc-voc,11,Married-civ-spouse,Exec-managerial,Husband,White,Male,0,0,60,United-States,>50K
44,Private,207685,HS-grad,9,Never-married,Exec-managerial,Not-in-family,White,Male,0,1564,55,England,>50K
22,Private,188274,HS-grad,9,Never-married,Transport-moving,Own-child,White,Male,0,0,40,United-States,<=50K
41,Private,462964,HS-grad,9,Divorced,Exec-managerial,Not-in-family,White,Male,2174,0,50,United-States,<=50K
35,Private,63921,5th-6th,3,Married-civ-spouse,Handlers-cleaners,Husband,White,Male,0,0,40,Mexico,<=50K
36,Private,120204,HS-grad,9,Divorced,Tech-support,Not-in-family,White,Female,0,0,40,United-States,<=50K
47,Private,111994,HS-grad,9,Married-civ-spouse,Other-service,Husband,White,Male,0,0,34,United-States,<=50K
25,Private,108658,HS-grad,9,Never-married,Exec-managerial,Not-in-family,White,Male,0,0,45,United-States,<=50K
40,Private,226608,Some-college,10,Divorced,Tech-support,Not-in-family,White,Male,0,0,30,Guatemala,>50K
23,Private,108307,HS-grad,9,Never-married,Farming-fishing,Own-child,White,Male,0,0,40,United-States,<=50K
52,Federal-gov,192065,Some-college,10,Separated,Exec-managerial,Not-in-family,White,Female,0,0,40,United-States,<=50K
51,Private,162238,Masters,14,Married-civ-spouse,Exec-managerial,Husband,White,Male,0,1887,47,United-States,>50K
47,Private,101299,Bachelors,13,Married-civ-spouse,Exec-managerial,Husband,White,Male,0,0,50,United-States,>50K
31,Private,238816,Assoc-voc,11,Married-civ-spouse,Tech-support,Husband,White,Male,0,0,40,United-States,<=50K
24,Private,182342,Bachelors,13,Never-married,Sales,Own-child,White,Male,0,0,40,United-States,<=50K
39,Private,200153,Bachelors,13,Divorced,Adm-clerical,Not-in-family,White,Male,0,0,40,United-States,<=50K
19,,208066,Some-college,10,Never-married,,Own-child,White,Female,0,0,40,United-States,<=50K
21,Private,400635,Some-college,10,Never-married,Other-service,Not-in-family,White,Female,0,0,20,,<=50K
45,Private,102147,Assoc-voc,11,Divorced,Exec-managerial,Not-in-family,White,Male,0,0,40,United-States,>50K
29,Private,457402,5th-6th,3,Never-married,Other-service,Not-in-family,White,Male,0,0,25,Mexico,<=50K
41,Private,115932,Some-college,10,Married-civ-spouse,Exec-managerial,Husband,White,Male,99999,0,50,United-States,>50K
66,Private,217198,HS-grad,9,Married-civ-spouse,Handlers-cleaners,Husband,White,Male,0,0,10,United-States,<=50K
21,Private,183747,HS-grad,9,Never-married,Adm-clerical,Own-child,White,Female,0,0,40,United-States,<=50K
50,Private,266529,11th,7,Married-civ-spouse,Craft-repair,Husband,White,Male,0,0,40,United-States,<=50K
29,Private,413297,Assoc-acdm,12,Never-married,Sales,Not-in-family,White,Male,0,0,45,Mexico,<=50K
22,,374116,HS-grad,9,Never-married,,Not-in-family,White,Female,0,0,36,United-States,<=50K
31,Private,221167,Bachelors,13,Widowed,Other-service,Not-in-family,White,Female,0,0,30,United-States,<=50K
47,Private,104301,11th,7,Never-married,Other-service,Own-child,White,Female,0,0,45,United-States,<=50K
31,Private,110554,HS-grad,9,Married-civ-spouse,Machine-op-inspct,Wife,White,Female,4386,0,40,United-States,>50K
23,Private,70894,Assoc-acdm,12,Never-married,Craft-repair,Other-relative,White,Male,0,0,40,United-States,<=50K
28,Private,230743,Assoc-acdm,12,Divorced,Adm-clerical,Not-in-family,White,Female,0,0,40,United-States,<=50K
31,Self-emp-not-inc,357145,Doctorate,16,Never-married,Prof-specialty,Own-child,White,Female,0,0,48,United-States,<=50K
39,Federal-gov,376455,Prof-school,15,Married-civ-spouse,Prof-specialty,Husband,White,Male,0,1887,50,United-States,>50K
33,Local-gov,251521,Bachelors,13,Never-married,Exec-managerial,Not-in-family,White,Female,0,0,50,United-States,<=50K
27,Private,232801,10th,6,Divorced,Machine-op-inspct,Other-relative,White,Female,0,0,40,United-States,<=50K
61,Self-emp-not-inc,198017,HS-grad,9,Married-civ-spouse,Sales,Husband,White,Male,0,0,50,,<=50K
22,Private,191324,Some-college,10,Never-married,Protective-serv,Own-child,White,Male,0,0,25,United-States,<=50K
45,Local-gov,160187,HS-grad,9,Married-spouse-absent,Adm-clerical,Unmarried,Black,Female,0,0,40,United-States,<=50K
30,Private,258170,HS-grad,9,Divorced,Adm-clerical,Not-in-family,White,Female,0,0,40,United-States,<=50K
58,Self-emp-not-inc,54566,Some-college,10,Married-civ-spouse,Farming-fishing,Husband,White,Male,0,0,35,United-States,<=50K
43,Private,222596,Bachelors,13,Married-civ-spouse,Exec-managerial,Husband,White,Male,15024,0,50,United-States,>50K
41,Self-emp-inc,195096,Bachelors,13,Married-civ-spouse,Prof-specialty,Husband,White,Male,0,0,50,United-States,<=50K
45,Self-emp-not-inc,138962,Some-college,10,Married-civ-spouse,Exec-managerial,Husband,Asian-Pac-Islander,Male,0,0,72,,<=50K
50,Local-gov,74660,Some-college,10,Widowed,Prof-specialty,Unmarried,White,Male,0,0,40,United-States,<=50K
33,Private,130057,Assoc-acdm,12,Never-married,Craft-repair,Not-in-family,White,Male,0,0,45,United-States,<=50K
30,Self-emp-not-inc,112358,Some-college,10,Married-civ-spouse,Exec-managerial,Husband,White,Male,0,0,40,United-States,<=50K
44,Private,115562,Some-college,10,Married-civ-spouse,Tech-support,Husband,White,Male,0,0,40,United-States,<=50K
71,,125101,Assoc-voc,11,Widowed,,Not-in-family,White,Female,0,0,40,United-States,<=50K
56,State-gov,153451,Some-college,10,Divorced,Adm-clerical,Not-in-family,White,Female,0,0,35,United-States,<=50K
22,Private,124483,Bachelors,13,Never-married,Tech-support,Not-in-family,Asian-Pac-Islander,Male,0,2339,40,India,<=50K
49,Private,31339,HS-grad,9,Married-civ-spouse,Craft-repair,Husband,White,Male,0,0,40,United-States,<=50K
26,Private,291968,Bachelors,13,Never-married,Prof-specialty,Not-in-family,White,Male,0,0,40,United-States,<=50K
27,Private,372500,5th-6th,3,Married-civ-spouse,Handlers-cleaners,Husband,White,Male,0,0,45,Mexico,<=50K
51,Local-gov,264457,11th,7,Married-civ-spouse,Handlers-cleaners,Husband,Black,Male,0,0,40,United-States,<=50K
29,Self-emp-not-inc,32280,HS-grad,9,Never-married,Farming-fishing,Not-in-family,White,Male,0,0,45,United-States,<=50K
53,Private,151411,Bachelors,13,Married-civ-spouse,Prof-specialty,Husband,White,Male,0,0,45,United-States,>50K
64,Private,63676,10th,6,Married-civ-spouse,Other-service,Husband,Black,Male,0,0,40,United-States,<=50K
48,Self-emp-inc,49298,Doctorate,16,Married-civ-spouse,Prof-specialty,Husband,White,Male,0,1902,50,United-States,>50K
34,Self-emp-not-inc,227540,Bachelors,13,Married-civ-spouse,Sales,Husband,Asian-Pac-Islander,Male,0,0,60,India,<=50K
65,Local-gov,382245,HS-grad,9,Widowed,Exec-managerial,Unmarried,White,Female,0,0,40,United-States,<=50K
46,State-gov,55377,Bachelors,13,Married-civ-spouse,Prof-specialty,Husband,Black,Male,0,0,40,United-States,>50K
47,Private,93449,HS-grad,9,Married-civ-spouse,Craft-repair,Husband,Asian-Pac-Islander,Male,0,0,60,Japan,<=50K
33,Private,477106,HS-grad,9,Married-civ-spouse,Transport-moving,Husband,Black,Male,0,0,40,United-States,<=50K
61,Local-gov,115023,HS-grad,9,Married-civ-spouse,Other-service,Husband,White,Male,0,0,40,United-States,<=50K
52,Private,117700,HS-grad,9,Divorced,Adm-clerical,Not-in-family,White,Female,0,0,40,United-States,<=50K
33,Private,188246,Masters,14,Married-civ-spouse,Exec-managerial,Husband,White,Male,7298,0,45,United-States,>50K
47,Self-emp-inc,332355,Masters,14,Married-civ-spouse,Exec-managerial,Husband,White,Male,15024,0,50,United-States,>50K
38,Local-gov,201410,Bachelors,13,Married-civ-spouse,Exec-managerial,Husband,White,Male,0,0,40,United-States,>50K
36,Private,231948,HS-grad,9,Married-civ-spouse,Craft-repair,Husband,White,Male,0,0,64,United-States,>50K
35,Private,224566,Some-college,10,Never-married,Exec-managerial,Not-in-family,White,Male,0,0,60,United-States,<=50K
18,Private,166889,Some-college,10,Never-married,Handlers-cleaners,Own-child,Black,Female,0,1602,35,United-States,<=50K
49,Private,96854,HS-grad,9,Divorced,Other-service,Unmarried,White,Male,0,0,40,United-States,<=50K
19,Private,236940,HS-grad,9,Never-married,Farming-fishing,Own-child,White,Male,0,0,40,United-States,<=50K
22,Private,184665,HS-grad,9,Never-married,Machine-op-inspct,Own-child,White,Female,0,0,40,United-States,<=50K
38,Private,698363,HS-grad,9,Married-civ-spouse,Craft-repair,Husband,White,Male,0,0,40,United-States,<=50K
48,Private,310639,Some-college,10,Divorced,Exec-managerial,Not-in-family,White,Male,0,0,50,United-States,<=50K
38,Private,96732,9th,5,Married-civ-spouse,Farming-fishing,Husband,White,Male,0,0,60,Mexico,<=50K
26,Private,152129,12th,8,Never-married,Other-service,Unmarried,Black,Male,0,0,40,United-States,<=50K
29,Private,253262,Some-college,10,Never-married,Craft-repair,Not-in-family,White,Female,0,0,40,United-States,<=50K
42,Private,30424,11th,7,Separated,Other-service,Unmarried,White,Female,0,0,38,United-States,<=50K
35,Private,310290,HS-grad,9,Married-civ-spouse,Transport-moving,Wife,Black,Female,0,0,40,United-States,<=50K
41,Private,195124,Masters,14,Never-married,Exec-managerial,Not-in-family,White,Male,0,0,35,Dominican-Republic,<=50K
63,Federal-gov,39181,Doctorate,16,Divorced,Exec-managerial,Not-in-family,White,Female,0,2559,60,United-States,>50K
68,Self-emp-not-inc,116903,Assoc-voc,11,Married-civ-spouse,Prof-specialty,Husband,White,Male,0,2149,40,United-States,<=50K
34,Private,274577,HS-grad,9,Divorced,Adm-clerical,Unmarried,Black,Female,0,0,40,United-States,<=50K
29,Private,164040,HS-grad,9,Married-civ-spouse,Other-service,Husband,White,Male,0,0,40,United-States,<=50K
47,Federal-gov,197038,Bachelors,13,Married-civ-spouse,Prof-specialty,Husband,White,Male,0,0,50,United-States,<=50K
75,Private,124660,HS-grad,9,Never-married,Adm-clerical,Not-in-family,White,Female,0,0,40,United-States,>50K
36,Private,141029,HS-grad,9,Separated,Craft-repair,Unmarried,White,Female,0,0,40,United-States,<=50K
45,Private,96100,7th-8th,4,Married-civ-spouse,Machine-op-inspct,Husband,Black,Male,0,0,40,United-States,<=50K
42,Private,40151,Assoc-voc,11,Married-civ-spouse,Other-service,Husband,White,Male,0,0,30,United-States,<=50K
31,Private,306459,1st-4th,2,Separated,Handlers-cleaners,Unmarried,White,Male,0,0,35,Honduras,<=50K
45,Federal-gov,311671,Assoc-voc,11,Married-civ-spouse,Protective-serv,Husband,White,Male,3908,0,40,United-States,<=50K
42,Self-emp-not-inc,69333,Bachelors,13,Married-civ-spouse,Farming-fishing,Husband,White,Male,0,0,50,United-States,<=50K
30,Federal-gov,355789,HS-grad,9,Never-married,Adm-clerical,Not-in-family,Black,Female,0,0,50,United-States,<=50K
20,Private,230574,7th-8th,4,Never-married,Machine-op-inspct,Own-child,White,Male,0,0,40,Mexico,<=50K
27,Private,430672,Bachelors,13,Never-married,Prof-specialty,Not-in-family,White,Male,0,0,55,United-States,<=50K
42,Private,358677,HS-grad,9,Divorced,Other-service,Unmarried,Black,Male,0,0,35,United-States,<=50K
60,Private,63296,Masters,14,Divorced,Prof-specialty,Other-relative,Black,Male,0,0,40,United-States,<=50K
61,Self-emp-not-inc,224784,Assoc-acdm,12,Married-spouse-absent,Exec-managerial,Not-in-family,White,Female,0,0,90,United-States,<=50K
47,Private,239439,11th,7,Married-civ-spouse,Machine-op-inspct,Wife,Black,Female,0,0,40,United-States,<=50K
37,Federal-gov,133526,Bachelors,13,Married-civ-spouse,Adm-clerical,Husband,White,Male,0,0,40,United-States,<=50K
19,Private,292590,HS-grad,9,Married-civ-spouse,Sales,Other-relative,White,Female,0,0,25,United-States,<=50K
23,Private,120773,HS-grad,9,Never-married,Adm-clerical,Not-in-family,White,Female,0,0,40,United-States,<=50K
24,Private,157894,Some-college,10,Never-married,Handlers-cleaners,Own-child,Black,Male,0,0,40,United-States,<=50K
50,Private,163948,Masters,14,Married-civ-spouse,Sales,Husband,White,Male,0,0,40,United-States,>50K
63,Private,149756,Assoc-acdm,12,Divorced,Exec-managerial,Not-in-family,White,Male,0,0,40,United-States,>50K
40,Private,190621,Some-college,10,Divorced,Exec-managerial,Other-relative,Black,Female,0,0,55,United-States,<=50K
34,Private,123084,11th,7,Married-civ-spouse,Machine-op-inspct,Own-child,White,Female,0,0,40,United-States,<=50K
47,Local-gov,127678,Some-college,10,Married-civ-spouse,Protective-serv,Husband,White,Male,0,0,48,United-States,>50K
37,Private,151771,7th-8th,4,Married-civ-spouse,Craft-repair,Husband,White,Male,0,0,40,United-States,<=50K
79,Private,121318,Some-college,10,Married-civ-spouse,Adm-clerical,Husband,White,Male,0,0,20,United-States,<=50K
24,Private,201680,HS-grad,9,Never-married,Craft-repair,Own-child,White,Male,0,0,40,United-States,<=50K
41,Self-emp-not-inc,29762,Some-college,10,Married-civ-spouse,Farming-fishing,Husband,White,Male,5013,0,70,United-States,<=50K
33,Private,123833,9th,5,Married-civ-spouse,Machine-op-inspct,Husband,White,Male,0,0,40,United-States,<=50K
34,Self-emp-inc,114733,Assoc-acdm,12,Married-civ-spouse,Adm-clerical,Wife,White,Female,0,0,36,United-States,<=50K
30,,156890,10th,6,Divorced,,Unmarried,White,Male,0,0,40,United-States,<=50K
35,Self-emp-not-inc,194404,Assoc-acdm,12,Never-married,Farming-fishing,Not-in-family,White,Male,0,0,40,United-States,<=50K
40,Self-emp-inc,142444,Bachelors,13,Never-married,Prof-specialty,Not-in-family,White,Female,0,0,45,United-States,<=50K
54,Self-emp-not-inc,123011,HS-grad,9,Married-civ-spouse,Craft-repair,Husband,White,Male,15024,0,52,United-States,>50K
31,Local-gov,137537,Bachelors,13,Divorced,Prof-specialty,Unmarried,White,Female,0,0,40,United-States,<=50K
29,Private,196116,Prof-school,15,Divorced,Prof-specialty,Own-child,White,Female,2174,0,72,United-States,<=50K
70,,133248,HS-grad,9,Married-civ-spouse,,Husband,White,Male,0,0,14,United-States,<=50K
17,Private,168203,7th-8th,4,Never-married,Farming-fishing,Other-relative,Other,Male,0,0,40,Mexico,<=50K
45,Private,108859,HS-grad,9,Separated,Craft-repair,Unmarried,Black,Female,0,0,40,United-States,<=50K
46,Private,117849,Masters,14,Married-civ-spouse,Exec-managerial,Husband,White,Male,99999,0,50,United-States,>50K
28,Private,120471,HS-grad,9,Never-married,Transport-moving,Not-in-family,Other,Male,0,0,40,United-States,<=50K
41,Private,166662,Prof-school,15,Married-civ-spouse,Exec-managerial,Husband,White,Male,0,0,50,United-States,>50K
43,Private,206833,HS-grad,9,Separated,Handlers-cleaners,Unmarried,Black,Female,0,0,45,United-States,<=50K
38,Private,198216,Some-college,10,Divorced,Exec-managerial,Unmarried,White,Female,0,0,40,United-States,<=50K
27,Private,234664,Some-college,10,Married-civ-spouse,Prof-specialty,Husband,White,Male,0,0,40,United-States,>50K
30,Private,161599,HS-grad,9,Married-civ-spouse,Handlers-cleaners,Husband,White,Male,0,0,40,United-States,>50K
42,Private,364832,7th-8th,4,Divorced,Sales,Not-in-family,White,Female,0,0,40,United-States,<=50K
36,Private,186819,Assoc-acdm,12,Married-civ-spouse,Tech-support,Husband,White,Male,0,0,40,United-States,>50K
23,Self-emp-not-inc,149704,10th,6,Never-married,Sales,Own-child,White,Female,0,0,40,United-States,<=50K
28,Private,363257,Bachelors,13,Never-married,Prof-specialty,Not-in-family,Black,Male,0,0,50,United-States,<=50K
35,Private,272476,Assoc-acdm,12,Married-civ-spouse,Other-service,Wife,White,Female,0,0,35,United-States,>50K
34,Local-gov,230420,Bachelors,13,Married-civ-spouse,Prof-specialty,Husband,White,Male,0,0,40,United-States,>50K
54,State-gov,161334,Masters,14,Married-spouse-absent,Prof-specialty,Not-in-family,Asian-Pac-Islander,Female,0,0,40,China,<=50K
20,Private,121596,Some-college,10,Never-married,Other-service,Own-child,White,Female,2907,0,35,United-States,<=50K
30,Private,37646,Some-college,10,Married-civ-spouse,Handlers-cleaners,Husband,White,Male,0,0,40,United-States,<=50K
47,Self-emp-inc,110901,Prof-school,15,Married-civ-spouse,Prof-specialty,Husband,White,Male,0,2415,55,United-States,>50K
19,Private,166153,HS-grad,9,Never-married,Sales,Own-child,White,Female,0,0,30,United-States,<=50K
51,Private,124963,Assoc-acdm,12,Married-civ-spouse,Sales,Husband,White,Male,0,0,50,United-States,<=50K
56,Private,343849,Some-college,10,Married-civ-spouse,Transport-moving,Husband,Black,Male,0,0,40,United-States,<=50K
58,State-gov,139736,HS-grad,9,Never-married,Adm-clerical,Not-in-family,White,Male,0,1741,40,United-States,<=50K
51,,203953,HS-grad,9,Married-civ-spouse,,Husband,White,Male,0,0,40,United-States,>50K
45,Local-gov,199590,Some-college,10,Married-civ-spouse,Craft-repair,Husband,White,Male,0,1887,40,Mexico,>50K
18,Private,329054,11th,7,Never-married,Adm-clerical,Own-child,White,Female,0,0,15,United-States,<=50K
32,Private,207400,HS-grad,9,Never-married,Machine-op-inspct,Unmarried,Black,Female,0,0,40,United-States,<=50K
67,Private,89495,HS-grad,9,Married-civ-spouse,Sales,Husband,White,Male,1797,0,4,United-States,<=50K
41,Local-gov,160785,HS-grad,9,Married-civ-spouse,Craft-repair,Husband,White,Male,0,0,40,United-States,<=50K
34,Private,54608,Some-college,10,Never-married,Craft-repair,Not-in-family,White,Male,0,0,40,United-States,<=50K
22,Private,332194,Some-college,10,Never-married,Other-service,Own-child,Black,Male,0,0,40,United-States,<=50K
23,Private,145917,HS-grad,9,Never-married,Handlers-cleaners,Not-in-family,White,Female,0,0,25,United-States,<=50K
52,Private,208302,HS-grad,9,Married-civ-spouse,Machine-op-inspct,Husband,White,Male,0,0,60,United-States,<=50K
41,Private,121055,HS-grad,9,Divorced,Transport-moving,Not-in-family,White,Male,0,0,40,United-States,<=50K
26,Private,188767,HS-grad,9,Never-married,Handlers-cleaners,Not-in-family,White,Male,0,0,40,United-States,<=50K
54,Private,133403,9th,5,Married-civ-spouse,Machine-op-inspct,Husband,White,Male,0,1902,35,United-States,<=50K
19,Local-gov,259169,Some-college,10,Never-married,Prof-specialty,Own-child,White,Female,0,0,30,United-States,<=50K
40,Private,385266,Some-college,10,Married-civ-spouse,Machine-op-inspct,Husband,White,Male,0,0,40,United-States,>50K
41,Private,309990,Bachelors,13,Divorced,Adm-clerical,Unmarried,White,Female,0,0,33,United-States,<=50K
64,Private,102103,HS-grad,9,Divorced,Priv-house-serv,Not-in-family,White,Female,0,0,50,United-States,<=50K
39,Private,185099,Bachelors,13,Married-civ-spouse,Prof-specialty,Husband,White,Male,0,0,48,United-States,>50K
35,Private,241001,HS-grad,9,Married-civ-spouse,Machine-op-inspct,Husband,White,Male,0,0,44,United-States,<=50K
47,Self-emp-not-inc,315110,Some-college,10,Married-civ-spouse,Prof-specialty,Husband,White,Male,0,0,20,United-States,<=50K
27,Private,216858,Doctorate,16,Never-married,Prof-specialty,Not-in-family,White,Male,0,0,52,United-States,<=50K
45,Private,192835,Some-college,10,Married-civ-spouse,Exec-managerial,Husband,White,Male,0,0,40,United-States,<=50K
51,Private,112310,Some-college,10,Divorced,Exec-managerial,Unmarried,White,Female,0,0,40,United-States,<=50K
48,Private,73434,HS-grad,9,Married-civ-spouse,Adm-clerical,Wife,White,Female,0,0,40,Germany,>50K
25,Private,181054,Bachelors,13,Never-married,Adm-clerical,Not-in-family,White,Female,0,0,32,United-States,<=50K
26,Local-gov,166295,Bachelors,13,Married-civ-spouse,Adm-clerical,Husband,White,Male,0,0,41,United-States,<=50K
30,Private,351770,9th,5,Divorced,Other-service,Unmarried,White,Female,0,0,38,United-States,<=50K
27,Private,167737,Some-college,10,Never-married,Handlers-cleaners,Not-in-family,White,Male,0,0,48,United-States,<=50K
34,Private,199227,HS-grad,9,Divorced,Transport-moving,Not-in-family,White,Male,0,0,50,United-States,<=50K
47,Private,125892,Some-college,10,Married-civ-spouse,Craft-repair,Husband,White,Male,0,0,75,United-States,>50K
46,Local-gov,102308,HS-grad,9,Never-married,Craft-repair,Own-child,White,Male,0,0,40,United-States,<=50K
53,Private,153486,HS-grad,9,Separated,Transport-moving,Not-in-family,White,Male,0,0,30,United-States,<=50K
48,Private,324655,Bachelors,13,Never-married,Prof-specialty,Not-in-family,White,Male,0,0,40,United-States,<=50K
20,,111252,Some-college,10,Never-married,,Own-child,White,Female,0,0,30,United-States,<=50K
23,Private,183358,HS-grad,9,Never-married,Craft-repair,Not-in-family,White,Male,0,0,40,Puerto-Rico,<=50K
20,Private,162688,HS-grad,9,Never-married,Handlers-cleaners,Own-child,White,Male,0,0,38,United-States,<=50K
38,Private,169672,HS-grad,9,Married-civ-spouse,Exec-managerial,Husband,White,Male,0,0,40,United-States,<=50K
42,Private,199018,HS-grad,9,Married-civ-spouse,Adm-clerical,Husband,White,Male,0,0,55,United-States,>50K
34,Private,314375,Assoc-voc,11,Divorced,Craft-repair,Not-in-family,White,Male,0,0,40,United-States,<=50K
19,Private,158118,HS-grad,9,Never-married,Other-service,Not-in-family,White,Female,0,1719,40,United-States,<=50K
39,Private,370585,HS-grad,9,Separated,Machine-op-inspct,Not-in-family,Black,Male,0,0,40,United-States,<=50K
44,Private,153489,HS-grad,9,Never-married,Other-service,Unmarried,White,Male,0,0,40,United-States,<=50K
27,Private,56870,HS-grad,9,Married-civ-spouse,Machine-op-inspct,Husband,White,Male,0,0,40,United-States,<=50K
45,Private,338105,Some-college,10,Married-civ-spouse,Craft-repair,Husband,Asian-Pac-Islander,Male,0,0,40,Vietnam,<=50K
18,,191817,11th,7,Never-married,,Own-child,White,Male,0,0,20,Mexico,<=50K
53,Private,247651,7th-8th,4,Divorced,Machine-op-inspct,Unmarried,Black,Female,0,0,56,United-States,<=50K
47,Private,168232,Some-college,10,Married-civ-spouse,Adm-clerical,Husband,White,Male,0,0,44,United-States,>50K
54,Private,186224,Masters,14,Never-married,Prof-specialty,Not-in-family,White,Male,0,0,40,United-States,>50K
52,Private,389270,Some-college,10,Married-civ-spouse,Adm-clerical,Wife,White,Female,0,0,35,United-States,>50K
47,Private,187440,HS-grad,9,Married-civ-spouse,Craft-repair,Husband,White,Male,5178,0,40,United-States,>50K
35,Private,212607,Some-college,10,Never-married,Adm-clerical,Unmarried,Other,Female,0,0,44,Puerto-Rico,<=50K
44,Private,173682,Some-college,10,Married-civ-spouse,Transport-moving,Husband,White,Male,0,0,40,United-States,<=50K
53,Private,199287,9th,5,Never-married,Priv-house-serv,Not-in-family,White,Female,0,0,9,United-States,<=50K
44,Private,216907,HS-grad,9,Divorced,Other-service,Not-in-family,White,Male,0,0,37,United-States,<=50K
41,Private,306496,Assoc-voc,11,Married-civ-spouse,Tech-support,Husband,White,Male,0,0,40,United-States,>50K
51,,29937,HS-grad,9,Widowed,,Not-in-family,Amer-Indian-Eskimo,Female,0,0,20,United-States,<=50K
51,Private,162988,10th,6,Divorced,Other-service,Unmarried,White,Female,0,0,25,United-States,<=50K
61,,139391,Some-college,10,Married-civ-spouse,,Husband,White,Male,99999,0,30,United-States,>50K
28,Local-gov,169069,HS-grad,9,Never-married,Protective-serv,Not-in-family,White,Male,0,0,40,United-States,<=50K
41,Local-gov,227644,Some-college,10,Married-civ-spouse,Craft-repair,Husband,White,Male,0,0,40,United-States,<=50K
31,Private,63437,HS-grad,9,Never-married,Farming-fishing,Not-in-family,White,Male,0,0,40,Ireland,<=50K
57,Private,110820,HS-grad,9,Married-civ-spouse,Craft-repair,Husband,White,Male,0,0,40,United-States,>50K
59,Private,219426,9th,5,Married-civ-spouse,Craft-repair,Husband,White,Male,0,0,50,United-States,<=50K
20,,369907,Some-college,10,Never-married,,Own-child,White,Male,0,0,20,United-States,<=50K
52,Private,361875,Some-college,10,Divorced,Exec-managerial,Not-in-family,White,Female,0,0,50,United-States,<=50K
53,Private,95469,Bachelors,13,Married-civ-spouse,Adm-clerical,Husband,White,Male,0,1902,40,United-States,>50K
20,Private,257470,Some-college,10,Never-married,Sales,Own-child,Black,Female,0,0,20,United-States,<=50K
36,Private,224566,Assoc-acdm,12,Never-married,Prof-specialty,Not-in-family,White,Male,0,1669,45,United-States,<=50K
46,Federal-gov,171850,HS-grad,9,Divorced,Exec-managerial,Not-in-family,White,Male,0,0,42,United-States,<=50K
29,Private,183111,Assoc-voc,11,Never-married,Transport-moving,Own-child,White,Male,0,0,60,United-States,<=50K
53,Self-emp-not-inc,163826,Some-college,10,Married-civ-spouse,Prof-specialty,Husband,White,Male,0,0,45,United-States,>50K
17,Private,208046,HS-grad,9,Never-married,Sales,Own-child,Black,Female,0,0,16,United-States,<=50K
48,Private,322183,HS-grad,9,Married-civ-spouse,Handlers-cleaners,Husband,White,Male,0,0,35,United-States,>50K
21,,234838,Some-college,10,Never-married,,Own-child,White,Male,0,0,30,United-States,<=50K
61,Federal-gov,60641,Some-college,10,Married-civ-spouse,Adm-clerical,Wife,White,Female,0,0,30,United-States,<=50K
37,Private,99151,HS-grad,9,Married-civ-spouse,Adm-clerical,Wife,White,Female,0,0,40,United-States,>50K
54,Private,162238,HS-grad,9,Widowed,Transport-moving,Not-in-family,White,Male,0,0,45,United-States,<=50K
48,Private,164200,Masters,14,Married-civ-spouse,Prof-specialty,Husband,White,Male,0,0,40,United-States,>50K
33,State-gov,119628,Doctorate,16,Married-civ-spouse,Prof-specialty,Husband,Asian-Pac-Islander,Male,0,0,50,Hong,<=50K
49,Private,165539,Some-college,10,Never-married,Priv-house-serv,Not-in-family,Black,Female,0,0,90,Jamaica,<=50K
43,Private,210013,HS-grad,9,Married-civ-spouse,Craft-repair,Husband,White,Male,0,0,40,United-States,<=50K
19,Private,251579,Some-college,10,Never-married,Other-service,Own-child,White,Male,0,0,14,United-States,<=50K
18,Private,173585,HS-grad,9,Never-married,Sales,Own-child,Black,Female,0,0,18,United-States,<=50K
63,Private,81605,HS-grad,9,Married-civ-spouse,Craft-repair,Husband,White,Male,0,0,45,United-States,<=50K
24,Private,165474,HS-grad,9,Married-civ-spouse,Other-service,Husband,White,Male,0,0,39,United-States,<=50K
32,Private,108247,Some-college,10,Married-civ-spouse,Craft-repair,Husband,White,Male,3103,0,40,United-States,>50K
53,State-gov,143822,Masters,14,Married-civ-spouse,Prof-specialty,Husband,White,Male,0,0,36,United-States,>50K
45,Private,168038,Bachelors,13,Divorced,Sales,Not-in-family,White,Male,0,0,60,United-States,>50K
31,Private,168981,HS-grad,9,Married-civ-spouse,Adm-clerical,Own-child,White,Female,0,0,38,United-States,<=50K
73,Self-emp-not-inc,336007,HS-grad,9,Married-civ-spouse,Sales,Husband,White,Male,0,0,40,United-States,<=50K
55,Private,204334,Prof-school,15,Married-civ-spouse,Exec-managerial,Husband,White,Male,0,1977,55,England,>50K
28,Private,180928,Some-college,10,Married-civ-spouse,Handlers-cleaners,Husband,White,Male,5013,0,55,United-States,<=50K
23,Private,239663,Some-college,10,Never-married,Handlers-cleaners,Own-child,White,Male,2597,0,50,United-States,<=50K
49,Private,120629,Bachelors,13,Divorced,Exec-managerial,Not-in-family,Black,Female,27828,0,60,United-States,>50K
37,Private,176159,Bachelors,13,Married-civ-spouse,Exec-managerial,Husband,White,Male,0,0,40,United-States,>50K
23,Private,175183,Some-college,10,Never-married,Adm-clerical,Not-in-family,White,Female,0,0,40,United-States,<=50K
27,Local-gov,125442,Some-college,10,Married-civ-spouse,Exec-managerial,Husband,White,Male,0,0,50,United-States,<=50K
44,,109912,Bachelors,13,Married-civ-spouse,,Wife,White,Female,0,0,16,United-States,>50K
20,Private,333505,HS-grad,9,Never-married,Adm-clerical,Own-child,White,Male,0,0,30,Nicaragua,<=50K
23,Local-gov,324960,HS-grad,9,Never-married,Farming-fishing,Not-in-family,White,Male,0,0,40,Poland,<=50K
37,Local-gov,397877,Bachelors,13,Married-civ-spouse,Adm-clerical,Husband,White,Male,0,0,40,United-States,>50K
22,Private,33272,HS-grad,9,Never-married,Other-service,Not-in-family,White,Male,0,0,25,United-States,<=50K
35,Private,102268,12th,8,Divorced,Protective-serv,Other-relative,White,Male,0,0,40,United-States,<=50K
36,Private,33983,Assoc-voc,11,Never-married,Adm-clerical,Not-in-family,White,Male,0,0,42,United-States,>50K
44,Private,145441,Bachelors,13,Married-civ-spouse,Exec-managerial,Husband,White,Male,7298,0,48,United-States,>50K
28,State-gov,73211,Some-college,10,Married-civ-spouse,Adm-clerical,Husband,Asian-Pac-Islander,Male,0,0,20,United-States,<=50K
32,Private,185410,HS-grad,9,Never-married,Adm-clerical,Not-in-family,White,Female,0,0,40,United-States,<=50K
51,Local-gov,175750,HS-grad,9,Divorced,Transport-moving,Unmarried,Black,Male,0,0,40,United-States,<=50K
57,Private,106910,Assoc-voc,11,Divorced,Other-service,Other-relative,Asian-Pac-Islander,Female,0,0,40,Outlying-US(Guam-USVI-etc),<=50K
20,Private,94364,Some-college,10,Never-married,Prof-specialty,Not-in-family,Other,Female,0,0,20,United-States,<=50K
39,Private,389279,Assoc-voc,11,Divorced,Exec-managerial,Unmarried,White,Female,0,0,40,United-States,<=50K
32,Private,238944,HS-grad,9,Married-civ-spouse,Machine-op-inspct,Husband,White,Male,0,0,40,United-States,<=50K
50,Private,97741,HS-grad,9,Married-civ-spouse,Machine-op-inspct,Husband,White,Male,0,0,45,United-States,>50K
17,Private,205954,12th,8,Never-married,Other-service,Own-child,White,Female,0,0,8,United-States,<=50K
17,,143331,11th,7,Never-married,,Own-child,White,Male,0,0,40,United-States,<=50K
63,State-gov,89451,Prof-school,15,Married-civ-spouse,Prof-specialty,Husband,White,Male,0,0,40,United-States,>50K
32,Private,237478,11th,7,Divorced,Machine-op-inspct,Unmarried,White,Female,0,0,40,United-States,<=50K
36,Private,258102,Assoc-voc,11,Never-married,Prof-specialty,Not-in-family,White,Male,0,0,40,United-States,<=50K
25,Private,239461,Masters,14,Never-married,Prof-specialty,Own-child,White,Male,0,0,35,United-States,<=50K
30,Private,198091,HS-grad,9,Never-married,Craft-repair,Not-in-family,White,Male,0,0,44,United-States,<=50K
23,Private,455361,HS-grad,9,Never-married,Other-service,Not-in-family,White,Male,0,0,40,Guatemala,<=50K
45,Self-emp-not-inc,277630,Some-college,10,Divorced,Exec-managerial,Not-in-family,Black,Male,0,0,48,United-States,<=50K
64,Private,239450,Some-college,10,Married-civ-spouse,Sales,Husband,White,Male,0,0,40,United-States,<=50K
50,Private,172175,Prof-school,15,Married-civ-spouse,Prof-specialty,Husband,White,Male,0,0,50,United-States,>50K
22,Private,242912,HS-grad,9,Never-married,Other-service,Unmarried,White,Female,0,0,35,United-States,<=50K
19,Private,533147,HS-grad,9,Never-married,Adm-clerical,Not-in-family,White,Male,0,0,30,United-States,<=50K
33,Private,227325,Assoc-acdm,12,Never-married,Other-service,Not-in-family,White,Male,0,0,60,Scotland,<=50K
38,Private,247111,HS-grad,9,Married-civ-spouse,Tech-support,Husband,White,Male,0,0,40,United-States,>50K
49,Private,268022,Bachelors,13,Married-civ-spouse,Sales,Husband,White,Male,0,0,50,United-States,>50K
38,Private,112561,Bachelors,13,Married-civ-spouse,Exec-managerial,Husband,White,Male,0,0,55,United-States,>50K
63,Private,275034,Bachelors,13,Married-civ-spouse,Sales,Husband,White,Male,0,1740,35,United-States,<=50K
53,Self-emp-inc,100029,Doctorate,16,Married-civ-spouse,Prof-specialty,Husband,White,Male,0,0,40,United-States,>50K
56,Private,140136,Some-college,10,Married-civ-spouse,Transport-moving,Husband,Black,Male,0,0,35,United-States,>50K
60,Self-emp-not-inc,236470,7th-8th,4,Married-civ-spouse,Farming-fishing,Husband,White,Male,0,0,40,United-States,<=50K
37,Private,200374,Bachelors,13,Married-civ-spouse,Sales,Husband,White,Male,0,1902,40,United-States,>50K
31,Private,190027,HS-grad,9,Never-married,Other-service,Other-relative,Black,Female,0,0,40,,<=50K
69,State-gov,170458,HS-grad,9,Married-civ-spouse,Other-service,Husband,White,Male,0,0,20,United-States,<=50K
22,Private,429346,HS-grad,9,Never-married,Adm-clerical,Other-relative,Black,Male,0,0,40,United-States,<=50K
44,Private,242521,Bachelors,13,Married-civ-spouse,Sales,Husband,White,Male,7688,0,50,United-States,>50K
19,Local-gov,223326,Some-college,10,Never-married,Protective-serv,Own-child,White,Male,0,1721,35,United-States,<=50K
30,Private,207564,Some-college,10,Married-civ-spouse,Adm-clerical,Wife,White,Female,0,0,40,United-States,<=50K
47,Private,109089,Some-college,10,Married-civ-spouse,Prof-specialty,Husband,White,Male,0,0,70,United-States,<=50K
36,Private,289190,HS-grad,9,Divorced,Craft-repair,Unmarried,White,Male,0,0,40,United-States,<=50K
63,Private,114011,11th,7,Divorced,Other-service,Not-in-family,White,Female,0,0,40,United-States,<=50K
39,State-gov,144860,Bachelors,13,Married-civ-spouse,Exec-managerial,Husband,White,Male,0,0,40,United-States,<=50K
37,Private,172694,Some-college,10,Married-civ-spouse,Handlers-cleaners,Husband,Black,Male,0,0,50,United-States,<=50K
79,Self-emp-inc,97082,12th,8,Widowed,Sales,Not-in-family,White,Male,18481,0,45,United-States,>50K
43,Private,151089,Some-college,10,Married-civ-spouse,Transport-moving,Husband,White,Male,0,0,50,United-States,<=50K
66,Self-emp-not-inc,298045,Bachelors,13,Married-civ-spouse,Exec-managerial,Husband,White,Male,0,0,30,United-States,<=50K
69,Private,136218,11th,7,Never-married,Machine-op-inspct,Not-in-family,White,Female,0,0,40,United-States,<=50K
72,Self-emp-inc,149689,Prof-school,15,Married-civ-spouse,Prof-specialty,Husband,White,Male,20051,0,48,United-States,>50K
20,Private,367240,Some-college,10,Never-married,Other-service,Own-child,White,Female,0,0,20,United-States,<=50K
38,Private,258761,HS-grad,9,Divorced,Exec-managerial,Not-in-family,White,Male,0,0,50,United-States,<=50K
26,Private,71009,Bachelors,13,Never-married,Prof-specialty,Not-in-family,Asian-Pac-Islander,Female,0,0,40,Philippines,<=50K
49,Private,91608,Some-college,10,Married-civ-spouse,Craft-repair,Husband,White,Male,0,0,40,United-States,<=50K
37,Private,256636,HS-grad,9,Married-civ-spouse,Transport-moving,Husband,White,Male,0,0,40,United-States,<=50K
55,Federal-gov,171870,HS-grad,9,Married-civ-spouse,Adm-clerical,Husband,White,Male,0,0,46,United-States,>50K
51,Private,129301,9th,5,Married-civ-spouse,Transport-moving,Husband,White,Male,0,0,45,United-States,<=50K
44,Private,127482,Some-college,10,Married-civ-spouse,Tech-support,Husband,White,Male,7688,0,40,United-States,>50K
67,Private,335979,HS-grad,9,Widowed,Sales,Not-in-family,White,Female,991,0,18,United-States,<=50K
23,Private,277328,Some-college,10,Never-married,Handlers-cleaners,Own-child,White,Male,0,0,32,Cuba,<=50K
34,Self-emp-not-inc,247540,HS-grad,9,Never-married,Farming-fishing,Not-in-family,White,Male,0,1974,30,United-States,<=50K
25,Private,457070,7th-8th,4,Divorced,Craft-repair,Own-child,White,Male,0,0,45,United-States,<=50K
25,Private,161007,HS-grad,9,Never-married,Machine-op-inspct,Own-child,White,Male,0,0,40,United-States,<=50K
36,Self-emp-not-inc,135416,Some-college,10,Married-civ-spouse,Other-service,Wife,White,Female,0,0,50,United-States,<=50K
24,Private,190290,Assoc-voc,11,Married-civ-spouse,Craft-repair,Husband,White,Male,0,0,45,United-States,<=50K
33,Private,234067,HS-grad,9,Married-civ-spouse,Machine-op-inspct,Husband,White,Male,0,0,40,United-States,>50K
63,,150389,Bachelors,13,Widowed,,Not-in-family,White,Female,0,0,40,United-States,>50K
33,Private,276221,Doctorate,16,Married-civ-spouse,Prof-specialty,Husband,White,Male,0,0,40,United-States,<=50K
36,Private,225399,HS-grad,9,Married-civ-spouse,Craft-repair,Husband,White,Male,7298,0,40,United-States,>50K
48,Private,238567,5th-6th,3,Married-civ-spouse,Handlers-cleaners,Husband,White,Male,0,0,40,Mexico,<=50K
35,Private,167735,11th,7,Never-married,Craft-repair,Own-child,White,Male,6849,0,40,United-States,<=50K
21,Private,294789,Some-college,10,Never-married,Other-service,Not-in-family,White,Female,0,0,25,United-States,<=50K
36,Private,171393,Masters,14,Married-civ-spouse,Prof-specialty,Husband,White,Male,7298,0,55,United-States,>50K
60,Self-emp-not-inc,148492,HS-grad,9,Married-civ-spouse,Craft-repair,Husband,White,Male,0,1485,50,United-States,>50K
35,State-gov,140752,HS-grad,9,Married-civ-spouse,Craft-repair,Husband,White,Male,0,0,40,United-States,<=50K
49,Private,155489,Bachelors,13,Married-civ-spouse,Craft-repair,Husband,White,Male,0,0,40,United-States,<=50K
24,Private,321435,Bachelors,13,Married-civ-spouse,Farming-fishing,Husband,White,Male,0,0,35,United-States,>50K
28,,167094,10th,6,Divorced,,Not-in-family,White,Male,0,0,50,United-States,<=50K
21,Private,229769,HS-grad,9,Never-married,Adm-clerical,Own-child,White,Female,0,0,40,Mexico,<=50K
22,,22966,Some-college,10,Married-civ-spouse,,Husband,White,Male,0,0,6,United-States,<=50K
34,Private,85632,Some-college,10,Married-civ-spouse,Adm-clerical,Wife,White,Female,0,0,40,United-States,>50K
19,Private,196857,11th,7,Never-married,Adm-clerical,Own-child,White,Female,594,0,15,United-States,<=50K
33,Private,857532,12th,8,Never-married,Protective-serv,Own-child,Black,Male,0,0,40,United-States,<=50K
41,Private,204415,11th,7,Divorced,Handlers-cleaners,Not-in-family,White,Male,0,0,48,United-States,<=50K
39,Private,192614,HS-grad,9,Married-civ-spouse,Transport-moving,Husband,White,Male,0,0,56,United-States,<=50K
22,Private,215546,Assoc-acdm,12,Never-married,Exec-managerial,Not-in-family,White,Male,0,0,55,United-States,<=50K
46,Private,328216,HS-grad,9,Married-civ-spouse,Craft-repair,Husband,White,Male,0,0,40,United-States,>50K
44,Self-emp-not-inc,155930,Bachelors,13,Married-civ-spouse,Exec-managerial,Husband,White,Male,0,0,60,United-States,<=50K
69,Private,168139,HS-grad,9,Married-civ-spouse,Sales,Wife,White,Female,0,0,40,United-States,<=50K
36,Private,98515,Assoc-voc,11,Divorced,Tech-support,Unmarried,White,Female,0,0,40,United-States,<=50K
24,Private,314182,HS-grad,9,Never-married,Transport-moving,Not-in-family,White,Female,0,0,50,United-States,<=50K
53,Local-gov,204397,HS-grad,9,Married-civ-spouse,Exec-managerial,Husband,White,Male,0,0,60,United-States,<=50K
55,,229029,Bachelors,13,Married-civ-spouse,,Husband,White,Male,5178,0,20,United-States,>50K
35,Local-gov,182570,Assoc-acdm,12,Married-civ-spouse,Protective-serv,Husband,White,Male,0,0,40,United-States,>50K
41,Private,242804,HS-grad,9,Married-civ-spouse,Transport-moving,Husband,White,Male,0,0,40,United-States,<=50K
21,Private,249282,Some-college,10,Never-married,Sales,Own-child,White,Female,0,0,40,United-States,<=50K
38,Private,136931,Assoc-acdm,12,Never-married,Adm-clerical,Not-in-family,Asian-Pac-Islander,Female,0,0,38,Thailand,<=50K
27,Private,200610,HS-grad,9,Married-civ-spouse,Machine-op-inspct,Husband,White,Male,2580,0,40,United-States,<=50K
49,Private,37306,HS-grad,9,Married-civ-spouse,Machine-op-inspct,Husband,White,Male,0,0,40,United-States,<=50K
35,Private,399455,HS-grad,9,Married-spouse-absent,Other-service,Unmarried,White,Female,0,0,52,United-States,<=50K
61,Self-emp-not-inc,221884,Some-college,10,Married-civ-spouse,Adm-clerical,Husband,White,Male,0,0,50,United-States,>50K
39,Private,119098,Assoc-voc,11,Married-civ-spouse,Exec-managerial,Husband,White,Male,0,0,40,United-States,<=50K
56,Private,247119,7th-8th,4,Widowed,Machine-op-inspct,Unmarried,Other,Female,0,0,40,Dominican-Republic,<=50K
24,Private,280134,10th,6,Never-married,Sales,Not-in-family,White,Male,0,0,49,El-Salvador,<=50K
53,State-gov,153486,Bachelors,13,Married-civ-spouse,Tech-support,Husband,White,Male,0,0,40,United-States,>50K
38,Private,31848,Assoc-voc,11,Married-civ-spouse,Craft-repair,Husband,White,Male,0,0,40,United-States,>50K
24,Private,239663,Some-college,10,Married-civ-spouse,Adm-clerical,Husband,White,Male,0,0,15,United-States,<=50K
22,Private,243923,HS-grad,9,Married-civ-spouse,Transport-moving,Other-relative,White,Male,0,0,80,United-States,<=50K
36,Private,111268,Assoc-acdm,12,Divorced,Sales,Unmarried,White,Female,0,0,40,United-States,<=50K
74,Self-emp-inc,231002,HS-grad,9,Married-civ-spouse,Exec-managerial,Husband,White,Male,0,0,30,United-States,>50K
41,State-gov,214985,HS-grad,9,Divorced,Exec-managerial,Not-in-family,White,Female,0,0,40,United-States,<=50K
52,Federal-gov,165050,HS-grad,9,Never-married,Adm-clerical,Not-in-family,White,Male,0,0,48,United-States,>50K
28,Private,204734,Some-college,10,Married-civ-spouse,Tech-support,Wife,White,Female,0,0,40,United-States,<=50K
35,Private,108540,HS-grad,9,Married-civ-spouse,Craft-repair,Husband,White,Male,3137,0,40,United-States,<=50K
23,Private,130959,Some-college,10,Married-civ-spouse,Adm-clerical,Husband,White,Male,0,0,12,United-States,<=50K
19,,356717,Some-college,10,Never-married,,Own-child,White,Female,0,0,25,United-States,<=50K
67,Local-gov,197816,HS-grad,9,Married-civ-spouse,Prof-specialty,Husband,White,Male,0,0,24,United-States,<=50K
47,Self-emp-inc,139268,7th-8th,4,Married-civ-spouse,Prof-specialty,Husband,White,Male,0,0,45,United-States,<=50K
29,Private,182676,10th,6,Never-married,Other-service,Own-child,White,Female,0,0,38,Mexico,<=50K
19,Private,63434,Some-college,10,Never-married,Machine-op-inspct,Not-in-family,White,Female,0,0,35,United-States,<=50K
41,Private,167725,Some-college,10,Divorced,Machine-op-inspct,Not-in-family,White,Male,0,0,40,United-States,<=50K
59,,87247,10th,6,Divorced,,Not-in-family,White,Female,0,0,40,England,<=50K
36,Private,217926,Assoc-acdm,12,Married-civ-spouse,Machine-op-inspct,Husband,Black,Male,0,0,50,United-States,<=50K
35,Self-emp-not-inc,160192,Some-college,10,Never-married,Craft-repair,Own-child,White,Male,0,0,40,United-States,<=50K
58,Private,227800,1st-4th,2,Separated,Farming-fishing,Not-in-family,Black,Male,0,0,50,United-States,<=50K
38,Self-emp-not-inc,100316,Bachelors,13,Married-civ-spouse,Craft-repair,Husband,White,Male,0,0,35,United-States,<=50K
22,Private,117779,Bachelors,13,Never-married,Exec-managerial,Not-in-family,White,Male,0,0,50,United-States,<=50K
51,State-gov,367209,Doctorate,16,Married-spouse-absent,Prof-specialty,Not-in-family,White,Male,0,0,70,United-States,>50K
26,Private,280093,5th-6th,3,Married-civ-spouse,Craft-repair,Husband,White,Male,0,1628,50,United-States,<=50K
17,,130969,9th,5,Never-married,,Own-child,Black,Male,0,0,20,United-States,<=50K
25,Private,120238,HS-grad,9,Married-spouse-absent,Machine-op-inspct,Not-in-family,White,Male,0,0,40,Poland,<=50K
37,Private,342480,Bachelors,13,Married-civ-spouse,Exec-managerial,Husband,Black,Male,0,0,40,United-States,>50K
29,Private,82242,Prof-school,15,Never-married,Prof-specialty,Unmarried,White,Male,27828,0,45,Germany,>50K
42,Private,29320,Bachelors,13,Married-civ-spouse,Prof-specialty,Husband,White,Male,0,0,40,United-States,<=50K
46,Local-gov,175428,Masters,14,Married-civ-spouse,Prof-specialty,Husband,White,Male,0,0,40,United-States,>50K
50,Private,123374,Bachelors,13,Married-civ-spouse,Prof-specialty,Husband,White,Male,0,0,50,United-States,>50K
35,Self-emp-inc,187046,Masters,14,Married-civ-spouse,Adm-clerical,Husband,White,Male,0,0,50,United-States,<=50K
21,State-gov,99199,Some-college,10,Never-married,Exec-managerial,Own-child,White,Male,0,0,10,United-States,<=50K
38,Private,277347,HS-grad,9,Married-civ-spouse,Craft-repair,Husband,White,Male,0,0,50,United-States,<=50K
43,Private,293305,Bachelors,13,Married-civ-spouse,Sales,Husband,White,Male,0,1887,40,United-States,>50K
37,Private,116358,HS-grad,9,Never-married,Craft-repair,Other-relative,Amer-Indian-Eskimo,Male,27828,0,48,United-States,>50K
22,Private,91733,Some-college,10,Never-married,Other-service,Own-child,White,Female,0,0,35,United-States,<=50K
45,Federal-gov,88564,Some-college,10,Married-civ-spouse,Exec-managerial,Husband,White,Male,7688,0,40,United-States,>50K
49,Federal-gov,586657,Bachelors,13,Married-civ-spouse,Exec-managerial,Husband,White,Male,7298,0,40,United-States,>50K
48,Private,176810,HS-grad,9,Married-civ-spouse,Other-service,Husband,White,Male,0,0,40,United-States,<=50K
90,Private,51744,Masters,14,Never-married,Exec-managerial,Not-in-family,Black,Male,0,0,50,United-States,>50K
40,Private,225432,Some-college,10,Married-civ-spouse,Machine-op-inspct,Husband,White,Male,0,0,45,United-States,<=50K
35,Private,1226583,Bachelors,13,Married-civ-spouse,Sales,Husband,White,Male,0,0,52,United-States,>50K
58,Private,41374,HS-grad,9,Widowed,Adm-clerical,Unmarried,Amer-Indian-Eskimo,Male,0,0,40,United-States,<=50K
26,Private,48718,10th,6,Never-married,Adm-clerical,Not-in-family,White,Female,2907,0,40,United-States,<=50K
31,State-gov,157673,HS-grad,9,Married-civ-spouse,Farming-fishing,Husband,White,Male,0,0,40,United-States,<=50K
59,Private,147989,Some-college,10,Married-civ-spouse,Tech-support,Husband,White,Male,0,0,50,United-States,>50K
23,Private,288771,Some-college,10,Never-married,Adm-clerical,Not-in-family,White,Female,0,0,30,United-States,<=50K
26,Private,239043,11th,7,Never-married,Other-service,Not-in-family,White,Male,0,0,40,United-States,<=50K
48,Self-emp-not-inc,28791,HS-grad,9,Married-civ-spouse,Sales,Wife,White,Female,0,0,50,United-States,<=50K
59,Private,198435,HS-grad,9,Married-civ-spouse,Craft-repair,Husband,White,Male,0,0,50,United-States,<=50K
34,Private,97933,9th,5,Separated,Adm-clerical,Unmarried,White,Female,0,0,38,United-States,<=50K
59,Private,114678,HS-grad,9,Never-married,Craft-repair,Not-in-family,Black,Male,0,0,60,United-States,<=50K
55,Self-emp-not-inc,68006,7th-8th,4,Never-married,Other-service,Other-relative,White,Female,0,0,60,United-States,<=50K
34,Private,85374,HS-grad,9,Married-civ-spouse,Craft-repair,Husband,White,Male,0,0,40,United-States,<=50K
47,Self-emp-not-inc,121124,5th-6th,3,Married-civ-spouse,Sales,Husband,White,Male,0,0,55,Italy,>50K
21,Private,198050,Assoc-acdm,12,Never-married,Adm-clerical,Not-in-family,White,Female,0,0,25,United-States,<=50K
48,Private,171095,Assoc-acdm,12,Divorced,Exec-managerial,Unmarried,White,Female,0,0,40,England,<=50K
32,Private,72744,HS-grad,9,Never-married,Craft-repair,Own-child,White,Male,0,0,40,United-States,<=50K
18,Private,244571,11th,7,Never-married,Adm-clerical,Own-child,White,Female,0,0,10,United-States,<=50K
33,Self-emp-not-inc,100580,Some-college,10,Married-civ-spouse,Other-service,Wife,White,Female,0,0,10,United-States,<=50K
31,Private,56510,Some-college,10,Married-civ-spouse,Craft-repair,Husband,Asian-Pac-Islander,Male,0,0,40,United-States,<=50K
47,Private,247379,HS-grad,9,Never-married,Handlers-cleaners,Not-in-family,White,Male,0,0,45,United-States,<=50K
56,Private,59469,7th-8th,4,Married-civ-spouse,Craft-repair,Husband,White,Male,0,0,40,Canada,<=50K
64,,29825,HS-grad,9,Married-civ-spouse,,Husband,White,Male,0,0,5,United-States,<=50K
26,Private,29515,HS-grad,9,Divorced,Exec-managerial,Own-child,White,Male,0,0,40,United-States,<=50K
17,Private,327434,10th,6,Never-married,Sales,Own-child,White,Male,0,0,20,United-States,<=50K
18,Private,299347,HS-grad,9,Never-married,Other-service,Own-child,White,Female,0,0,20,United-States,<=50K
33,Private,157747,Assoc-acdm,12,Married-civ-spouse,Handlers-cleaners,Husband,White,Male,0,0,40,United-States,<=50K
33,Private,86143,Some-college,10,Never-married,Exec-managerial,Own-child,Asian-Pac-Islander,Male,0,0,40,Philippines,<=50K
51,Private,427781,HS-grad,9,Married-civ-spouse,Transport-moving,Husband,Black,Male,0,0,40,United-States,<=50K
39,Private,238255,HS-grad,9,Divorced,Adm-clerical,Unmarried,White,Female,0,0,40,United-States,<=50K
46,Self-emp-inc,328216,Prof-school,15,Married-civ-spouse,Prof-specialty,Husband,White,Male,0,1902,45,United-States,>50K
46,Private,273575,Bachelors,13,Married-civ-spouse,Transport-moving,Husband,White,Male,15024,0,40,United-States,>50K
24,Private,210029,HS-grad,9,Never-married,Adm-clerical,Not-in-family,White,Female,0,2001,37,United-States,<=50K
76,Self-emp-not-inc,161182,Some-college,10,Widowed,Sales,Not-in-family,White,Male,0,0,20,United-States,<=50K
67,,106175,Bachelors,13,Married-civ-spouse,,Husband,White,Male,0,0,20,United-States,>50K
43,Self-emp-not-inc,48087,HS-grad,9,Never-married,Farming-fishing,Not-in-family,White,Male,0,0,60,United-States,<=50K
53,Self-emp-inc,188067,Some-college,10,Widowed,Sales,Unmarried,White,Female,0,0,40,United-States,<=50K
27,Private,43652,Bachelors,13,Never-married,Adm-clerical,Not-in-family,White,Female,0,0,40,United-States,<=50K
33,Private,194141,HS-grad,9,Married-civ-spouse,Machine-op-inspct,Husband,White,Male,0,0,40,United-States,<=50K
25,Private,485496,HS-grad,9,Never-married,Machine-op-inspct,Not-in-family,Black,Female,0,0,40,United-States,<=50K
52,Federal-gov,23780,Some-college,10,Divorced,Adm-clerical,Not-in-family,White,Male,0,0,40,United-States,<=50K
61,Federal-gov,178312,Some-college,10,Married-civ-spouse,Prof-specialty,Husband,White,Male,0,0,40,United-States,<=50K
29,Private,195284,Doctorate,16,Divorced,Prof-specialty,Not-in-family,White,Female,0,0,60,United-States,>50K
36,Private,197860,HS-grad,9,Divorced,Other-service,Unmarried,Black,Female,0,0,40,Haiti,<=50K
26,Private,152452,HS-grad,9,Married-civ-spouse,Craft-repair,Husband,White,Male,0,0,40,United-States,<=50K
24,Private,493732,1st-4th,2,Never-married,Farming-fishing,Own-child,White,Female,0,0,40,Mexico,<=50K
28,Private,132078,Bachelors,13,Never-married,Prof-specialty,Not-in-family,White,Female,0,0,40,United-States,<=50K
41,Self-emp-inc,75742,Prof-school,15,Married-civ-spouse,Prof-specialty,Husband,White,Male,0,0,45,El-Salvador,>50K
29,Local-gov,179681,HS-grad,9,Never-married,Transport-moving,Own-child,White,Female,0,0,37,United-States,<=50K
47,Private,23545,Some-college,10,Married-civ-spouse,Handlers-cleaners,Husband,White,Male,0,0,40,United-States,<=50K
31,Private,165148,HS-grad,9,Separated,Exec-managerial,Unmarried,White,Female,0,0,12,United-States,<=50K
54,Private,96710,HS-grad,9,Married-civ-spouse,Priv-house-serv,Other-relative,Black,Female,0,0,20,United-States,<=50K
39,,281363,10th,6,Widowed,,Unmarried,White,Female,0,0,15,United-States,<=50K
36,Private,289223,Some-college,10,Married-civ-spouse,Adm-clerical,Wife,White,Female,0,1848,40,United-States,>50K
60,,290593,Masters,14,Married-civ-spouse,,Husband,White,Male,0,0,40,United-States,<=50K
62,,121319,HS-grad,9,Never-married,,Not-in-family,White,Male,0,0,40,United-States,<=50K
41,Local-gov,190786,Bachelors,13,Divorced,Prof-specialty,Not-in-family,White,Male,0,0,20,United-States,<=50K
51,Private,104748,Some-college,10,Married-civ-spouse,Exec-managerial,Husband,White,Male,0,0,45,United-States,<=50K
18,,151463,11th,7,Never-married,,Other-relative,White,Male,0,0,7,United-States,<=50K
42,State-gov,121265,Masters,14,Divorced,Prof-specialty,Not-in-family,White,Male,0,0,40,United-States,<=50K
39,Private,277886,Bachelors,13,Married-civ-spouse,Sales,Wife,White,Female,0,0,30,United-States,<=50K
30,Self-emp-not-inc,146161,HS-grad,9,Married-civ-spouse,Exec-managerial,Husband,White,Male,0,1887,50,United-States,>50K
26,State-gov,179633,Some-college,10,Never-married,Protective-serv,Own-child,White,Male,0,0,40,United-States,<=50K
40,Private,218903,HS-grad,9,Divorced,Tech-support,Unmarried,White,Female,0,0,40,United-States,<=50K
35,Private,181382,HS-grad,9,Married-civ-spouse,Craft-repair,Husband,White,Male,0,0,43,United-States,<=50K
59,Private,249814,HS-grad,9,Separated,Other-service,Not-in-family,White,Female,0,0,37,United-States,<=50K
35,Private,61343,HS-grad,9,Married-civ-spouse,Craft-repair,Husband,White,Male,0,0,45,United-States,<=50K
44,Private,222504,Some-college,10,Married-civ-spouse,Adm-clerical,Wife,White,Female,0,0,45,United-States,>50K
26,Private,169121,Bachelors,13,Married-civ-spouse,Sales,Husband,White,Male,0,0,48,United-States,>50K
28,Self-emp-not-inc,123983,Some-college,10,Married-civ-spouse,Sales,Own-child,Asian-Pac-Islander,Male,0,0,63,South,<=50K
59,Private,236731,7th-8th,4,Married-civ-spouse,Protective-serv,Husband,White,Male,0,0,40,Puerto-Rico,<=50K
66,Self-emp-inc,115880,Some-college,10,Married-civ-spouse,Prof-specialty,Husband,White,Male,0,0,40,United-States,<=50K
40,Private,30682,HS-grad,9,Married-civ-spouse,Machine-op-inspct,Husband,White,Male,0,0,45,United-States,>50K
26,Private,252563,Bachelors,13,Never-married,Exec-managerial,Not-in-family,White,Female,0,0,40,United-States,<=50K
21,,202989,Some-college,10,Never-married,,Own-child,White,Male,0,0,80,United-States,<=50K
48,Private,108993,HS-grad,9,Married-civ-spouse,Craft-repair,Husband,White,Male,0,0,45,United-States,>50K
60,Local-gov,169015,Some-college,10,Widowed,Exec-managerial,Not-in-family,White,Female,0,0,40,United-States,<=50K
30,Private,302438,HS-grad,9,Never-married,Machine-op-inspct,Not-in-family,White,Male,0,0,40,United-States,<=50K
31,Local-gov,176185,Bachelors,13,Married-civ-spouse,Machine-op-inspct,Husband,White,Male,4064,0,40,,<=50K
19,State-gov,159269,Some-college,10,Never-married,Adm-clerical,Own-child,White,Male,0,0,15,United-States,<=50K
18,,348588,12th,8,Never-married,,Own-child,Black,Male,0,0,25,United-States,<=50K
37,Self-emp-not-inc,53553,HS-grad,9,Married-civ-spouse,Transport-moving,Husband,White,Male,0,0,75,United-States,<=50K
63,Private,271075,HS-grad,9,Married-civ-spouse,Craft-repair,Husband,White,Male,0,0,29,United-States,<=50K
46,Private,111979,7th-8th,4,Married-civ-spouse,Craft-repair,Husband,White,Male,0,0,47,United-States,<=50K
58,Federal-gov,256466,Masters,14,Married-civ-spouse,Tech-support,Husband,Asian-Pac-Islander,Male,7688,0,40,China,>50K
23,Private,216472,Some-college,10,Never-married,Tech-support,Own-child,White,Female,0,0,20,United-States,<=50K
47,Private,213668,Some-college,10,Separated,Machine-op-inspct,Not-in-family,White,Male,8614,0,65,United-States,>50K
30,Local-gov,44566,Bachelors,13,Married-civ-spouse,Prof-specialty,Husband,White,Male,0,0,40,United-States,<=50K
21,Private,20728,HS-grad,9,Never-married,Sales,Own-child,White,Female,4101,0,40,United-States,<=50K
35,Private,36214,Bachelors,13,Married-civ-spouse,Exec-managerial,Husband,White,Male,4386,0,47,United-States,>50K
41,Private,344519,HS-grad,9,Divorced,Exec-managerial,Not-in-family,White,Female,13550,0,60,United-States,>50K
40,Private,327573,Assoc-voc,11,Married-civ-spouse,Craft-repair,Husband,White,Male,0,0,40,United-States,<=50K
32,Self-emp-not-inc,261056,Bachelors,13,Never-married,Prof-specialty,Own-child,Black,Female,2174,0,60,,<=50K
27,Private,217530,Some-college,10,Never-married,Tech-support,Own-child,White,Male,0,0,40,El-Salvador,<=50K
68,,123464,HS-grad,9,Married-civ-spouse,,Husband,White,Male,0,0,45,United-States,<=50K
57,Private,20953,Some-college,10,Married-civ-spouse,Sales,Husband,White,Male,0,1902,40,United-States,>50K
77,Local-gov,177550,Bachelors,13,Married-civ-spouse,Adm-clerical,Husband,White,Male,3818,0,14,United-States,<=50K
24,Self-emp-not-inc,204209,Some-college,10,Never-married,Farming-fishing,Own-child,White,Male,0,0,60,United-States,<=50K
65,Self-emp-not-inc,131417,5th-6th,3,Married-civ-spouse,Farming-fishing,Husband,White,Male,1797,0,21,United-States,<=50K
22,Private,293136,Some-college,10,Never-married,Other-service,Own-child,White,Female,0,0,30,United-States,<=50K
45,Private,288437,HS-grad,9,Married-civ-spouse,Transport-moving,Husband,Other,Male,4064,0,40,United-States,<=50K
37,Private,212826,HS-grad,9,Married-civ-spouse,Other-service,Husband,Black,Male,0,0,40,United-States,<=50K
21,Private,255685,Some-college,10,Never-married,Other-service,Own-child,Black,Male,0,0,40,Outlying-US(Guam-USVI-etc),<=50K
37,Private,420040,1st-4th,2,Married-civ-spouse,Farming-fishing,Husband,White,Male,0,0,40,Mexico,<=50K
28,Federal-gov,298661,Bachelors,13,Never-married,Tech-support,Not-in-family,Black,Female,0,0,40,United-States,<=50K
37,Private,121521,Prof-school,15,Married-civ-spouse,Prof-specialty,Husband,White,Male,15024,0,45,United-States,>50K
44,Private,288433,Some-college,10,Never-married,Adm-clerical,Own-child,Black,Female,0,0,40,United-States,<=50K
23,Private,215616,HS-grad,9,Never-married,Adm-clerical,Not-in-family,White,Female,0,0,45,United-States,<=50K
40,Local-gov,166822,Masters,14,Married-civ-spouse,Prof-specialty,Wife,Black,Female,0,0,36,United-States,>50K
73,,65072,10th,6,Never-married,,Not-in-family,White,Male,0,0,12,United-States,<=50K
36,Private,72375,Bachelors,13,Divorced,Prof-specialty,Unmarried,White,Female,0,0,45,United-States,<=50K
47,Private,94809,Assoc-voc,11,Married-civ-spouse,Exec-managerial,Wife,White,Female,0,0,45,United-States,>50K
25,Private,226891,Assoc-voc,11,Never-married,Other-service,Other-relative,Asian-Pac-Islander,Female,0,0,40,,<=50K
22,Private,234970,Some-college,10,Never-married,Other-service,Own-child,Black,Female,0,0,40,,<=50K
40,Private,185145,Doctorate,16,Married-civ-spouse,Prof-specialty,Husband,White,Male,0,0,40,United-States,>50K
45,Private,220641,Some-college,10,Divorced,Exec-managerial,Unmarried,White,Female,0,0,40,United-States,<=50K
50,Private,104501,Masters,14,Married-civ-spouse,Prof-specialty,Husband,White,Male,0,0,40,United-States,>50K
49,Private,40000,Bachelors,13,Married-civ-spouse,Sales,Husband,White,Male,4064,0,44,United-States,<=50K
37,State-gov,60227,Bachelors,13,Never-married,Adm-clerical,Not-in-family,White,Male,0,0,38,United-States,<=50K
45,Private,145636,Masters,14,Married-civ-spouse,Exec-managerial,Husband,White,Male,0,1977,43,United-States,>50K
48,Private,44216,Masters,14,Never-married,Adm-clerical,Not-in-family,White,Female,0,0,20,United-States,<=50K
29,Private,406826,Bachelors,13,Never-married,Prof-specialty,Not-in-family,White,Female,0,0,45,United-States,<=50K
61,Private,298400,Bachelors,13,Divorced,Sales,Not-in-family,Black,Male,4787,0,48,United-States,>50K
27,Private,292120,HS-grad,9,Divorced,Tech-support,Not-in-family,White,Female,0,0,45,United-States,<=50K
35,Private,113481,Doctorate,16,Married-civ-spouse,Prof-specialty,Husband,White,Male,0,0,60,United-States,<=50K
29,Private,203797,Some-college,10,Married-civ-spouse,Exec-managerial,Husband,Black,Male,0,0,40,United-States,<=50K
48,Private,175958,Bachelors,13,Divorced,Prof-specialty,Not-in-family,White,Male,0,0,30,United-States,<=50K
17,Private,89821,11th,7,Never-married,Other-service,Own-child,White,Male,0,0,10,United-States,<=50K
21,,116934,Some-college,10,Never-married,,Own-child,White,Female,0,0,40,United-States,<=50K
27,Local-gov,134813,Masters,14,Never-married,Prof-specialty,Own-child,White,Male,0,0,52,United-States,<=50K
55,,52267,Masters,14,Married-civ-spouse,,Husband,White,Male,0,0,18,United-States,<=50K
27,Local-gov,157449,HS-grad,9,Married-civ-spouse,Tech-support,Husband,White,Male,0,0,50,United-States,>50K
64,Private,258006,Some-college,10,Widowed,Adm-clerical,Not-in-family,White,Female,0,0,40,Cuba,<=50K
45,Private,182689,HS-grad,9,Married-civ-spouse,Sales,Husband,White,Male,7688,0,40,United-States,>50K
27,Private,169117,Some-college,10,Never-married,Adm-clerical,Unmarried,Black,Female,0,0,30,United-States,<=50K
65,Self-emp-inc,172684,Bachelors,13,Married-civ-spouse,Exec-managerial,Husband,White,Male,0,0,44,Mexico,>50K
40,Self-emp-inc,102576,Masters,14,Married-civ-spouse,Prof-specialty,Husband,Black,Male,0,0,55,Trinadad&Tobago,<=50K
39,Self-emp-inc,186934,Bachelors,13,Married-spouse-absent,Sales,Not-in-family,White,Male,0,0,40,United-States,<=50K
49,Self-emp-not-inc,107597,HS-grad,9,Divorced,Exec-managerial,Unmarried,White,Female,14084,0,30,United-States,>50K
42,Private,84661,Some-college,10,Divorced,Craft-repair,Own-child,White,Male,0,0,30,United-States,<=50K
34,Local-gov,161113,Some-college,10,Married-civ-spouse,Transport-moving,Husband,White,Male,0,0,40,United-States,<=50K
55,Private,160362,Bachelors,13,Married-civ-spouse,Adm-clerical,Husband,White,Male,0,0,40,United-States,>50K
51,Private,345459,Some-college,10,Never-married,Exec-managerial,Unmarried,Black,Female,0,0,40,United-States,<=50K
36,Private,169926,HS-grad,9,Divorced,Sales,Not-in-family,White,Female,0,0,40,United-States,<=50K
47,Private,213304,5th-6th,3,Separated,Other-service,Unmarried,White,Female,0,0,40,El-Salvador,<=50K
53,Private,89534,HS-grad,9,Married-civ-spouse,Transport-moving,Husband,White,Male,0,0,48,United-States,>50K
61,Private,160037,7th-8th,4,Divorced,Other-service,Not-in-family,White,Male,0,0,35,United-States,<=50K
41,Private,179875,11th,7,Divorced,Other-service,Unmarried,Other,Female,0,0,40,United-States,<=50K
28,Local-gov,157437,Bachelors,13,Never-married,Protective-serv,Not-in-family,White,Female,4650,0,48,United-States,<=50K
80,,29020,Prof-school,15,Married-civ-spouse,,Husband,White,Male,10605,0,10,United-States,>50K
61,Private,328881,Bachelors,13,Married-civ-spouse,Prof-specialty,Husband,White,Male,0,1902,40,United-States,>50K
60,Private,71683,9th,5,Married-civ-spouse,Machine-op-inspct,Husband,White,Male,0,0,49,United-States,<=50K
29,Private,95465,HS-grad,9,Married-civ-spouse,Other-service,Husband,White,Male,0,0,40,United-States,<=50K
43,Private,323713,HS-grad,9,Married-civ-spouse,Machine-op-inspct,Husband,White,Male,0,0,40,United-States,<=50K
37,Local-gov,99935,Masters,14,Married-civ-spouse,Protective-serv,Husband,White,Male,7688,0,50,United-States,>50K
38,Self-emp-inc,282951,Some-college,10,Divorced,Prof-specialty,Not-in-family,White,Male,0,0,40,United-States,<=50K
39,Private,61518,Some-college,10,Married-civ-spouse,Exec-managerial,Husband,White,Male,0,0,50,United-States,>50K
41,Self-emp-not-inc,99220,Some-college,10,Married-civ-spouse,Machine-op-inspct,Husband,White,Male,0,0,40,United-States,<=50K
52,Private,169549,Some-college,10,Divorced,Exec-managerial,Unmarried,White,Female,0,0,40,United-States,<=50K
56,Self-emp-not-inc,289605,HS-grad,9,Married-civ-spouse,Craft-repair,Husband,White,Male,0,0,40,United-States,<=50K
46,Local-gov,117310,Bachelors,13,Married-civ-spouse,Prof-specialty,Wife,White,Female,0,0,21,United-States,>50K
33,Private,207301,Assoc-acdm,12,Divorced,Exec-managerial,Own-child,White,Female,0,0,40,United-States,<=50K
33,Private,207937,HS-grad,9,Never-married,Craft-repair,Not-in-family,White,Male,0,1092,40,United-States,<=50K
36,Private,184659,Some-college,10,Married-civ-spouse,Adm-clerical,Husband,White,Male,0,0,52,United-States,<=50K
25,Private,112835,Bachelors,13,Never-married,Prof-specialty,Not-in-family,White,Male,0,0,40,United-States,<=50K
57,State-gov,25045,Bachelors,13,Divorced,Adm-clerical,Unmarried,White,Male,2174,0,37,United-States,<=50K
28,Private,292536,Some-college,10,Never-married,Transport-moving,Not-in-family,White,Male,0,0,50,United-States,<=50K
51,Private,133461,Some-college,10,Married-civ-spouse,Exec-managerial,Husband,White,Male,0,0,40,United-States,<=50K
26,Private,37898,Assoc-voc,11,Never-married,Craft-repair,Not-in-family,White,Male,0,0,65,United-States,<=50K
29,Self-emp-not-inc,132686,Prof-school,15,Never-married,Prof-specialty,Own-child,White,Male,0,0,50,Italy,>50K
59,Local-gov,240030,Prof-school,15,Married-civ-spouse,Exec-managerial,Husband,White,Male,0,0,40,United-States,>50K
34,Private,123429,Some-college,10,Married-civ-spouse,Adm-clerical,Husband,White,Male,0,0,60,United-States,<=50K
25,Private,51148,HS-grad,9,Divorced,Adm-clerical,Other-relative,White,Female,0,0,40,United-States,<=50K
41,Local-gov,137142,Some-college,10,Married-civ-spouse,Sales,Husband,White,Male,0,0,40,United-States,<=50K
28,Private,199600,HS-grad,9,Married-civ-spouse,Machine-op-inspct,Husband,Black,Male,0,0,40,United-States,<=50K
47,Private,115070,Some-college,10,Never-married,Adm-clerical,Not-in-family,White,Female,0,0,40,United-States,<=50K
31,Private,243678,Bachelors,13,Never-married,Exec-managerial,Not-in-family,White,Female,0,0,40,United-States,<=50K
31,Private,186787,HS-grad,9,Never-married,Craft-repair,Own-child,White,Male,0,0,42,United-States,<=50K
34,Local-gov,229531,Assoc-acdm,12,Married-civ-spouse,Prof-specialty,Husband,White,Male,0,0,60,United-States,<=50K
29,Private,108431,Assoc-voc,11,Married-civ-spouse,Exec-managerial,Husband,Black,Male,0,2415,40,United-States,>50K
63,Private,318763,Some-college,10,Divorced,Craft-repair,Unmarried,White,Male,0,0,22,United-States,<=50K
48,Self-emp-not-inc,79001,Assoc-acdm,12,Divorced,Tech-support,Not-in-family,White,Female,0,0,40,United-States,<=50K
23,Private,162282,Some-college,10,Never-married,Handlers-cleaners,Not-in-family,White,Male,0,0,25,United-States,<=50K
38,Private,358682,Some-college,10,Married-civ-spouse,Handlers-cleaners,Husband,White,Male,0,0,40,United-States,<=50K
57,Private,50223,Some-college,10,Divorced,Handlers-cleaners,Other-relative,White,Male,0,0,25,United-States,<=50K
65,Self-emp-inc,224357,HS-grad,9,Married-civ-spouse,Sales,Husband,White,Male,0,0,40,United-States,<=50K
29,Private,108574,Masters,14,Never-married,Prof-specialty,Not-in-family,White,Female,0,0,40,United-States,>50K
20,Private,281608,Some-college,10,Never-married,Sales,Not-in-family,White,Female,0,0,50,United-States,<=50K
30,Private,191777,Some-college,10,Never-married,Adm-clerical,Unmarried,Black,Female,0,0,40,,<=50K
27,Private,164607,Bachelors,13,Married-civ-spouse,Other-service,Husband,White,Male,0,0,40,United-States,<=50K
42,Private,318255,HS-grad,9,Divorced,Adm-clerical,Unmarried,White,Female,0,0,40,United-States,<=50K
41,Private,323790,HS-grad,9,Divorced,Handlers-cleaners,Unmarried,White,Male,0,0,55,United-States,<=50K
37,Private,638116,Bachelors,13,Never-married,Adm-clerical,Own-child,Black,Female,0,0,32,United-States,<=50K
41,Self-emp-not-inc,170785,12th,8,Divorced,Craft-repair,Unmarried,White,Male,0,0,40,United-States,<=50K
49,Private,68493,HS-grad,9,Married-spouse-absent,Craft-repair,Unmarried,Black,Male,0,0,40,United-States,<=50K
23,Private,129583,HS-grad,9,Never-married,Handlers-cleaners,Own-child,Black,Female,0,0,16,United-States,<=50K
20,,285208,Some-college,10,Never-married,,Own-child,White,Female,0,0,30,United-States,<=50K
21,Private,162228,Some-college,10,Never-married,Adm-clerical,Own-child,White,Male,0,0,40,United-States,<=50K
40,Private,421837,Some-college,10,Married-civ-spouse,Prof-specialty,Husband,White,Male,0,0,40,United-States,<=50K
17,Private,213354,11th,7,Never-married,Handlers-cleaners,Own-child,White,Male,0,0,6,United-States,<=50K
44,Private,191814,Some-college,10,Married-civ-spouse,Prof-specialty,Husband,White,Male,0,0,45,United-States,>50K
28,Private,129882,Some-college,10,Never-married,Adm-clerical,Unmarried,Black,Female,0,0,40,United-States,<=50K
25,State-gov,117833,Some-college,10,Married-civ-spouse,Exec-managerial,Wife,White,Female,0,0,19,United-States,<=50K
45,Private,107682,HS-grad,9,Divorced,Adm-clerical,Unmarried,White,Female,0,0,40,United-States,<=50K
31,Self-emp-not-inc,150630,HS-grad,9,Never-married,Other-service,Own-child,White,Female,0,0,40,United-States,<=50K
62,Private,77884,HS-grad,9,Married-civ-spouse,Sales,Husband,Asian-Pac-Islander,Male,0,0,40,Philippines,<=50K
21,,380219,Some-college,10,Never-married,,Own-child,Black,Female,0,0,40,United-States,<=50K
19,Self-emp-not-inc,100999,11th,7,Never-married,Adm-clerical,Own-child,White,Female,0,0,30,United-States,<=50K
34,Private,134737,Bachelors,13,Never-married,Sales,Own-child,White,Male,0,0,40,United-States,>50K
47,State-gov,54887,Doctorate,16,Married-civ-spouse,Prof-specialty,Husband,White,Male,0,0,40,United-States,>50K
46,Local-gov,349986,Bachelors,13,Divorced,Craft-repair,Not-in-family,White,Male,0,0,40,United-States,<=50K
18,Private,192254,Some-college,10,Never-married,Sales,Other-relative,White,Female,0,0,15,United-States,<=50K
49,Private,294671,Bachelors,13,Married-civ-spouse,Sales,Husband,White,Male,0,0,50,United-States,<=50K
35,Private,200445,HS-grad,9,Never-married,Machine-op-inspct,Own-child,White,Male,0,1974,40,United-States,<=50K
32,Private,309513,Assoc-acdm,12,Married-civ-spouse,Craft-repair,Husband,White,Male,0,0,40,United-States,<=50K
25,Private,198512,Bachelors,13,Never-married,Exec-managerial,Not-in-family,White,Female,0,0,40,United-States,<=50K
21,Private,194861,HS-grad,9,Never-married,Machine-op-inspct,Own-child,White,Male,0,0,40,United-States,<=50K
72,Self-emp-not-inc,52138,Doctorate,16,Married-civ-spouse,Prof-specialty,Husband,White,Male,0,2392,25,United-States,>50K
45,Private,120121,Bachelors,13,Married-civ-spouse,Sales,Husband,White,Male,0,0,50,United-States,<=50K
48,Private,224870,HS-grad,9,Divorced,Machine-op-inspct,Other-relative,Other,Female,0,0,38,Ecuador,<=50K
59,Private,193335,HS-grad,9,Married-civ-spouse,Craft-repair,Husband,White,Male,0,0,40,United-States,>50K
25,Private,51498,12th,8,Never-married,Other-service,Other-relative,White,Male,0,0,40,United-States,<=50K
72,Self-emp-not-inc,203289,Some-college,10,Married-civ-spouse,Craft-repair,Husband,White,Male,0,0,35,United-States,<=50K
33,Private,100228,Some-college,10,Never-married,Machine-op-inspct,Not-in-family,Black,Male,0,0,40,United-States,<=50K
36,Private,185744,Some-college,10,Married-civ-spouse,Exec-managerial,Wife,White,Female,0,0,35,United-States,>50K
59,Private,207391,HS-grad,9,Divorced,Machine-op-inspct,Not-in-family,White,Male,0,0,40,United-States,<=50K
31,Private,118161,HS-grad,9,Married-civ-spouse,Other-service,Husband,White,Male,0,0,40,United-States,<=50K
18,,184416,10th,6,Never-married,,Own-child,Black,Male,0,0,30,United-States,<=50K
23,Private,265077,Assoc-voc,11,Never-married,Other-service,Not-in-family,White,Female,0,0,40,United-States,<=50K
21,Private,199698,HS-grad,9,Never-married,Farming-fishing,Own-child,White,Male,0,0,45,United-States,<=50K
46,Private,129007,HS-grad,9,Married-civ-spouse,Transport-moving,Husband,White,Male,0,0,41,United-States,>50K
24,Private,238917,5th-6th,3,Never-married,Craft-repair,Unmarried,White,Male,0,0,40,El-Salvador,<=50K
48,Private,121253,Bachelors,13,Married-spouse-absent,Sales,Unmarried,White,Female,0,2472,70,United-States,>50K
49,Local-gov,159726,11th,7,Divorced,Handlers-cleaners,Unmarried,White,Male,0,0,40,United-States,<=50K
28,Private,122922,HS-grad,9,Never-married,Exec-managerial,Not-in-family,White,Female,0,0,50,United-States,<=50K
32,State-gov,33945,Bachelors,13,Married-civ-spouse,Farming-fishing,Husband,White,Male,0,0,40,United-States,>50K
42,Private,150533,Some-college,10,Married-civ-spouse,Exec-managerial,Husband,White,Male,7298,0,52,United-States,>50K
56,Self-emp-inc,32316,12th,8,Widowed,Exec-managerial,Not-in-family,White,Female,0,0,40,United-States,<=50K
33,Local-gov,173005,Bachelors,13,Married-civ-spouse,Adm-clerical,Husband,White,Male,0,1848,45,United-States,>50K
28,Local-gov,201099,HS-grad,9,Never-married,Transport-moving,Own-child,Black,Female,0,0,40,United-States,<=50K
36,Private,76417,HS-grad,9,Married-civ-spouse,Craft-repair,Husband,White,Male,0,0,52,United-States,<=50K
43,Self-emp-inc,137232,Bachelors,13,Married-spouse-absent,Sales,Unmarried,White,Female,0,0,42,United-States,<=50K
44,Federal-gov,191295,Bachelors,13,Married-civ-spouse,Exec-managerial,Husband,Black,Male,0,0,48,United-States,<=50K
35,Private,35330,HS-grad,9,Married-civ-spouse,Craft-repair,Husband,White,Male,0,0,40,United-States,<=50K
35,Private,109133,HS-grad,9,Separated,Machine-op-inspct,Not-in-family,White,Male,3674,0,52,United-States,<=50K
27,Private,193807,HS-grad,9,Never-married,Craft-repair,Not-in-family,White,Male,0,1741,40,United-States,<=50K
33,Private,240979,Some-college,10,Never-married,Exec-managerial,Not-in-family,White,Male,0,0,40,United-States,<=50K
24,Private,254351,Some-college,10,Never-married,Sales,Own-child,White,Male,0,0,35,United-States,<=50K
27,Private,135520,HS-grad,9,Married-civ-spouse,Machine-op-inspct,Wife,White,Female,0,0,40,Dominican-Republic,<=50K
52,Private,170562,HS-grad,9,Married-civ-spouse,Exec-managerial,Husband,White,Male,0,0,60,United-States,>50K
32,Private,236543,12th,8,Married-civ-spouse,Craft-repair,Other-relative,White,Male,0,0,40,Mexico,<=50K
26,Private,226196,HS-grad,9,Never-married,Transport-moving,Own-child,White,Male,0,0,40,United-States,<=50K
21,Local-gov,166827,Some-college,10,Never-married,Other-service,Not-in-family,White,Female,0,0,32,United-States,<=50K
42,Self-emp-not-inc,34161,Prof-school,15,Married-civ-spouse,Prof-specialty,Husband,White,Male,0,0,40,United-States,>50K
58,Private,159008,Bachelors,13,Married-civ-spouse,Prof-specialty,Husband,White,Male,0,1887,40,United-States,>50K
31,Private,364657,Some-college,10,Married-civ-spouse,Adm-clerical,Husband,White,Male,0,0,45,United-States,>50K
47,Federal-gov,239321,Assoc-voc,11,Married-civ-spouse,Adm-clerical,Husband,White,Male,0,0,45,United-States,>50K
29,Private,174163,Masters,14,Never-married,Prof-specialty,Not-in-family,White,Female,0,0,40,United-States,<=50K
34,Private,152493,HS-grad,9,Divorced,Transport-moving,Unmarried,White,Male,0,0,60,United-States,<=50K
20,,295763,Some-college,10,Never-married,,Own-child,White,Female,0,0,40,United-States,<=50K
59,Private,453067,Some-college,10,Married-civ-spouse,Prof-specialty,Husband,White,Male,0,0,36,United-States,>50K
18,Self-emp-not-inc,454950,Some-college,10,Never-married,Adm-clerical,Own-child,White,Female,0,0,40,United-States,<=50K
27,Private,172009,Bachelors,13,Never-married,Exec-managerial,Not-in-family,White,Female,0,0,40,United-States,<=50K
31,Private,164309,Some-college,10,Divorced,Adm-clerical,Unmarried,White,Female,0,0,38,United-States,<=50K
29,Private,244721,Bachelors,13,Married-civ-spouse,Tech-support,Husband,White,Male,0,0,35,United-States,>50K
51,Private,148431,HS-grad,9,Married-civ-spouse,Craft-repair,Husband,White,Male,0,0,40,United-States,<=50K
25,Private,404616,Masters,14,Married-civ-spouse,Farming-fishing,Not-in-family,White,Male,0,0,99,United-States,>50K
43,Private,239161,Some-college,10,Married-civ-spouse,Sales,Husband,Amer-Indian-Eskimo,Male,0,0,40,United-States,<=50K
39,Private,134367,Masters,14,Married-civ-spouse,Prof-specialty,Wife,White,Female,0,1977,24,United-States,>50K
34,Private,242704,HS-grad,9,Never-married,Tech-support,Own-child,Black,Male,0,0,40,United-States,<=50K
31,,26553,Bachelors,13,Married-civ-spouse,,Wife,White,Female,0,0,25,United-States,>50K
23,Private,244771,Some-college,10,Never-married,Machine-op-inspct,Own-child,Black,Female,0,0,20,Jamaica,<=50K
49,Local-gov,226871,HS-grad,9,Married-civ-spouse,Machine-op-inspct,Husband,Black,Male,0,0,40,United-States,>50K
62,State-gov,198686,HS-grad,9,Married-civ-spouse,Other-service,Husband,White,Male,0,0,40,United-States,<=50K
45,Private,474617,HS-grad,9,Divorced,Sales,Unmarried,Black,Male,5455,0,40,United-States,<=50K
57,Self-emp-not-inc,69905,HS-grad,9,Married-civ-spouse,Other-service,Wife,White,Female,15024,0,40,United-States,>50K
25,Private,36943,Assoc-acdm,12,Divorced,Other-service,Not-in-family,White,Female,0,0,32,United-States,<=50K
69,Private,179130,HS-grad,9,Divorced,Sales,Other-relative,White,Female,0,0,38,United-States,<=50K
43,Private,104660,Masters,14,Widowed,Exec-managerial,Unmarried,White,Male,4934,0,40,United-States,>50K
57,Private,278228,Bachelors,13,Married-civ-spouse,Exec-managerial,Husband,White,Male,0,0,50,United-States,>50K
31,Private,258932,HS-grad,9,Married-spouse-absent,Other-service,Not-in-family,White,Female,0,0,80,Italy,<=50K
47,Federal-gov,168191,Some-college,10,Married-civ-spouse,Craft-repair,Husband,White,Male,0,0,40,,<=50K
32,Self-emp-not-inc,65278,Doctorate,16,Married-civ-spouse,Exec-managerial,Husband,White,Male,0,0,40,United-States,<=50K
52,Private,135033,7th-8th,4,Married-civ-spouse,Handlers-cleaners,Husband,White,Male,0,0,40,Ecuador,<=50K
27,State-gov,261278,Prof-school,15,Never-married,Prof-specialty,Not-in-family,Black,Female,0,0,80,,<=50K
28,Private,87239,HS-grad,9,Divorced,Transport-moving,Not-in-family,White,Male,0,0,50,United-States,<=50K
37,Private,188069,HS-grad,9,Married-civ-spouse,Machine-op-inspct,Husband,White,Male,0,0,40,United-States,<=50K
60,Private,298967,7th-8th,4,Married-civ-spouse,Transport-moving,Husband,White,Male,0,0,15,United-States,<=50K
40,Local-gov,166893,Bachelors,13,Married-civ-spouse,Protective-serv,Husband,Black,Male,0,0,40,United-States,>50K
48,Private,189123,Masters,14,Never-married,Machine-op-inspct,Not-in-family,White,Male,0,0,40,United-States,<=50K
22,Private,388247,Some-college,10,Never-married,Sales,Own-child,White,Male,0,0,40,United-States,<=50K
32,Private,281540,Some-college,10,Married-civ-spouse,Tech-support,Husband,White,Male,0,0,50,United-States,<=50K
45,Private,363677,Doctorate,16,Married-civ-spouse,Prof-specialty,Wife,White,Female,0,1977,30,United-States,>50K
37,Private,184498,HS-grad,9,Married-civ-spouse,Transport-moving,Husband,White,Male,0,0,40,United-States,<=50K
51,Self-emp-inc,304955,HS-grad,9,Married-civ-spouse,Exec-managerial,Husband,White,Male,7688,0,50,United-States,>50K
44,Self-emp-not-inc,111483,10th,6,Never-married,Craft-repair,Own-child,White,Male,0,0,50,United-States,<=50K
27,Private,177072,HS-grad,9,Never-married,Handlers-cleaners,Own-child,White,Male,0,0,40,United-States,<=50K
64,,49194,11th,7,Married-civ-spouse,,Husband,White,Male,0,0,30,United-States,<=50K
31,Private,254293,Some-college,10,Never-married,Prof-specialty,Not-in-family,White,Male,0,0,40,United-States,<=50K
28,Private,185647,Some-college,10,Married-civ-spouse,Craft-repair,Husband,White,Male,0,0,45,United-States,<=50K
30,Self-emp-not-inc,404062,HS-grad,9,Married-civ-spouse,Prof-specialty,Husband,White,Male,0,1977,15,United-States,>50K
22,Private,138768,HS-grad,9,Never-married,Adm-clerical,Own-child,White,Male,0,0,40,United-States,<=50K
43,Private,184105,HS-grad,9,Married-civ-spouse,Handlers-cleaners,Husband,White,Male,0,0,50,United-States,<=50K
37,Self-emp-not-inc,177277,Some-college,10,Never-married,Craft-repair,Not-in-family,White,Male,0,0,40,United-States,<=50K
51,Private,55507,HS-grad,9,Married-civ-spouse,Craft-repair,Husband,Black,Male,0,0,40,United-States,<=50K
49,Private,31267,7th-8th,4,Married-civ-spouse,Craft-repair,Husband,White,Male,0,0,40,United-States,<=50K
33,Private,513977,Some-college,10,Married-civ-spouse,Tech-support,Husband,Black,Male,0,0,40,United-States,<=50K
54,Self-emp-not-inc,155496,Some-college,10,Never-married,Other-service,Unmarried,White,Female,2176,0,40,United-States,<=50K
29,Private,197288,HS-grad,9,Married-civ-spouse,Adm-clerical,Wife,Black,Female,0,0,40,United-States,<=50K
63,Private,281237,Some-college,10,Widowed,Exec-managerial,Not-in-family,White,Female,0,0,40,United-States,<=50K
32,Private,296466,HS-grad,9,Married-civ-spouse,Machine-op-inspct,Husband,White,Male,0,0,50,United-States,>50K
46,Local-gov,199281,Bachelors,13,Separated,Prof-specialty,Unmarried,White,Male,0,0,40,United-States,<=50K
23,Private,256278,7th-8th,4,Married-civ-spouse,Handlers-cleaners,Other-relative,Other,Female,0,0,30,El-Salvador,<=50K
21,State-gov,24008,Some-college,10,Never-married,Craft-repair,Own-child,White,Male,0,0,35,United-States,<=50K
49,Private,122066,5th-6th,3,Married-civ-spouse,Other-service,Husband,White,Male,0,2603,40,Greece,<=50K
28,Private,134890,Bachelors,13,Never-married,Sales,Own-child,White,Male,0,1974,50,United-States,<=50K
21,Private,253583,HS-grad,9,Never-married,Handlers-cleaners,Own-child,White,Male,0,0,40,United-States,<=50K
30,Federal-gov,164552,Bachelors,13,Never-married,Prof-specialty,Not-in-family,White,Male,0,1876,40,United-States,<=50K
26,Private,138152,12th,8,Never-married,Craft-repair,Other-relative,Other,Male,0,0,48,Guatemala,<=50K
37,Private,119929,HS-grad,9,Never-married,Sales,Not-in-family,White,Male,0,0,47,United-States,<=50K
18,Private,180039,12th,8,Never-married,Sales,Own-child,White,Female,0,0,20,United-States,<=50K
41,Private,324629,Bachelors,13,Married-civ-spouse,Exec-managerial,Husband,White,Male,0,0,40,Yugoslavia,<=50K
41,State-gov,101603,Assoc-voc,11,Married-civ-spouse,Craft-repair,Husband,White,Male,0,0,40,United-States,<=50K
18,Private,201871,12th,8,Never-married,Other-service,Own-child,White,Male,0,0,20,United-States,<=50K
20,Private,163665,Some-college,10,Never-married,Transport-moving,Own-child,White,Female,0,0,17,United-States,<=50K
21,Private,34568,HS-grad,9,Never-married,Craft-repair,Unmarried,White,Male,0,0,50,United-States,<=50K
60,Self-emp-not-inc,44915,Masters,14,Divorced,Prof-specialty,Unmarried,White,Female,0,0,10,United-States,<=50K
36,Private,109133,Some-college,10,Never-married,Exec-managerial,Not-in-family,White,Male,0,0,40,United-States,<=50K
57,Federal-gov,170603,Some-college,10,Married-civ-spouse,Adm-clerical,Husband,White,Male,0,0,40,United-States,>50K
35,Private,379959,HS-grad,9,Divorced,Other-service,Not-in-family,White,Female,0,0,40,United-States,<=50K
28,Private,175537,Some-college,10,Separated,Adm-clerical,Unmarried,Black,Female,0,0,37,United-States,<=50K
33,Private,317660,Some-college,10,Married-civ-spouse,Craft-repair,Husband,White,Male,0,0,40,United-States,>50K
37,Private,95551,Some-college,10,Divorced,Sales,Not-in-family,White,Female,0,0,45,United-States,<=50K
27,Local-gov,273929,HS-grad,9,Never-married,Farming-fishing,Own-child,White,Male,0,0,40,United-States,<=50K
34,Private,261023,Some-college,10,Married-civ-spouse,Craft-repair,Husband,White,Male,0,1651,38,United-States,<=50K
28,State-gov,149624,Bachelors,13,Married-civ-spouse,Prof-specialty,Husband,White,Male,0,0,40,United-States,>50K
27,Private,233421,Some-college,10,Never-married,Adm-clerical,Own-child,White,Male,0,0,20,United-States,<=50K
71,Private,179574,Prof-school,15,Married-civ-spouse,Prof-specialty,Husband,White,Male,0,0,12,United-States,>50K
23,Private,60409,Some-college,10,Never-married,Tech-support,Not-in-family,White,Female,0,0,40,United-States,<=50K
38,Private,187847,Masters,14,Married-civ-spouse,Exec-managerial,Husband,White,Male,0,0,50,United-States,>50K
39,Self-emp-inc,190964,HS-grad,9,Married-civ-spouse,Exec-managerial,Husband,White,Male,3137,0,42,United-States,<=50K
49,Private,38819,HS-grad,9,Married-civ-spouse,Exec-managerial,Husband,White,Male,0,0,60,United-States,>50K
45,State-gov,50567,HS-grad,9,Married-civ-spouse,Exec-managerial,Wife,White,Female,0,0,40,United-States,<=50K
49,State-gov,189762,Some-college,10,Divorced,Exec-managerial,Unmarried,White,Male,0,0,40,United-States,<=50K
56,Self-emp-not-inc,296991,Prof-school,15,Married-civ-spouse,Prof-specialty,Husband,White,Male,0,0,55,England,>50K
44,Self-emp-inc,168845,HS-grad,9,Married-civ-spouse,Sales,Wife,White,Female,0,0,60,United-States,<=50K
50,Self-emp-not-inc,200618,Masters,14,Married-civ-spouse,Exec-managerial,Husband,White,Male,0,0,60,United-States,>50K
29,Private,97165,Some-college,10,Never-married,Adm-clerical,Unmarried,White,Female,0,0,40,United-States,<=50K
29,Local-gov,249932,11th,7,Never-married,Handlers-cleaners,Own-child,Black,Male,0,0,40,United-States,<=50K
32,Private,216145,Some-college,10,Never-married,Craft-repair,Not-in-family,White,Male,4650,0,45,United-States,<=50K
32,Private,549430,HS-grad,9,Never-married,Priv-house-serv,Unmarried,White,Female,0,0,40,Mexico,<=50K
41,Private,151504,Bachelors,13,Married-civ-spouse,Exec-managerial,Husband,White,Male,7688,0,50,United-States,>50K
33,Private,84154,Some-college,10,Married-civ-spouse,Tech-support,Husband,White,Male,0,0,20,United-States,<=50K
27,Private,209801,Some-college,10,Never-married,Adm-clerical,Not-in-family,White,Female,0,0,45,,<=50K
35,Private,290226,HS-grad,9,Never-married,Exec-managerial,Not-in-family,White,Male,0,0,45,United-States,<=50K
34,Private,197886,Bachelors,13,Married-civ-spouse,Sales,Husband,White,Male,0,0,60,United-States,>50K
28,Private,47783,Some-college,10,Divorced,Other-service,Not-in-family,White,Female,0,0,30,United-States,<=50K
36,Private,70282,Some-college,10,Divorced,Adm-clerical,Unmarried,Black,Female,0,0,40,United-States,<=50K
38,Private,185203,HS-grad,9,Widowed,Other-service,Unmarried,White,Female,0,0,20,United-States,<=50K
61,Private,181200,HS-grad,9,Divorced,Transport-moving,Not-in-family,White,Male,0,1564,40,United-States,>50K
43,Self-emp-not-inc,180985,Bachelors,13,Separated,Craft-repair,Unmarried,White,Male,0,0,35,United-States,<=50K
39,Local-gov,357173,Assoc-acdm,12,Divorced,Prof-specialty,Not-in-family,White,Male,0,0,59,United-States,<=50K
41,Self-emp-not-inc,198196,Prof-school,15,Married-civ-spouse,Prof-specialty,Husband,White,Male,15024,0,50,United-States,>50K
33,Private,504725,11th,7,Married-civ-spouse,Transport-moving,Husband,White,Male,3464,0,40,Mexico,<=50K
42,Self-emp-not-inc,98061,Assoc-voc,11,Married-civ-spouse,Exec-managerial,Husband,White,Male,0,0,50,United-States,<=50K
29,Private,134890,Assoc-voc,11,Married-civ-spouse,Farming-fishing,Husband,White,Male,0,0,40,United-States,>50K
26,,375313,Some-college,10,Never-married,,Own-child,Asian-Pac-Islander,Male,0,0,40,Philippines,<=50K
40,Private,100584,10th,6,Divorced,Craft-repair,Not-in-family,Amer-Indian-Eskimo,Male,0,0,40,United-States,<=50K
43,Federal-gov,144778,Bachelors,13,Never-married,Exec-managerial,Not-in-family,White,Male,0,0,40,United-States,>50K
26,Private,354784,Some-college,10,Never-married,Adm-clerical,Own-child,White,Male,0,0,20,United-States,<=50K
54,Self-emp-not-inc,386773,Some-college,10,Married-civ-spouse,Exec-managerial,Husband,White,Male,0,0,60,United-States,<=50K
61,,232618,Prof-school,15,Married-civ-spouse,,Husband,White,Male,0,0,40,United-States,>50K
37,Private,172232,HS-grad,9,Never-married,Other-service,Unmarried,Black,Female,0,0,30,United-States,<=50K
23,Private,96585,HS-grad,9,Never-married,Handlers-cleaners,Not-in-family,White,Male,0,0,30,United-States,<=50K
59,State-gov,261584,Bachelors,13,Never-married,Exec-managerial,Not-in-family,Black,Female,0,0,40,Outlying-US(Guam-USVI-etc),<=50K
48,Private,175615,Some-college,10,Married-civ-spouse,Handlers-cleaners,Wife,White,Female,0,0,40,Japan,<=50K
47,,224108,HS-grad,9,Widowed,,Unmarried,White,Female,0,0,40,United-States,<=50K
47,Federal-gov,31339,Some-college,10,Married-civ-spouse,Adm-clerical,Husband,White,Male,0,0,40,United-States,<=50K
21,Private,198259,Some-college,10,Never-married,Adm-clerical,Own-child,White,Female,0,0,15,United-States,<=50K
26,Private,102476,Bachelors,13,Never-married,Adm-clerical,Own-child,White,Male,0,0,25,United-States,<=50K
32,Local-gov,42596,Bachelors,13,Divorced,Prof-specialty,Not-in-family,White,Male,0,0,40,United-States,<=50K
47,Local-gov,216657,Masters,14,Never-married,Prof-specialty,Not-in-family,White,Male,0,0,35,United-States,>50K
36,Private,135293,Bachelors,13,Divorced,Prof-specialty,Unmarried,White,Female,1506,0,45,,<=50K
21,,298342,Some-college,10,Never-married,,Own-child,White,Male,0,0,40,United-States,<=50K
53,Private,194259,Some-college,10,Married-civ-spouse,Adm-clerical,Wife,White,Female,4386,0,40,United-States,>50K
34,Private,200401,HS-grad,9,Separated,Transport-moving,Own-child,White,Male,0,0,25,Columbia,<=50K
65,,224472,Prof-school,15,Never-married,,Not-in-family,White,Male,25124,0,80,United-States,>50K
27,Private,136077,Bachelors,13,Never-married,Tech-support,Not-in-family,White,Male,0,0,50,United-States,<=50K
49,Self-emp-not-inc,155659,5th-6th,3,Married-civ-spouse,Other-service,Husband,White,Male,0,0,40,United-States,>50K
43,Private,115806,Masters,14,Divorced,Exec-managerial,Unmarried,White,Female,0,2547,40,United-States,>50K
51,Private,199688,Some-college,10,Married-civ-spouse,Exec-managerial,Husband,White,Male,0,0,45,United-States,<=50K
25,Private,214468,Bachelors,13,Never-married,Sales,Own-child,White,Female,0,0,40,United-States,<=50K
42,Local-gov,193537,7th-8th,4,Married-spouse-absent,Other-service,Not-in-family,White,Female,0,0,35,Puerto-Rico,<=50K
48,Self-emp-not-inc,107231,Bachelors,13,Married-civ-spouse,Exec-managerial,Husband,White,Male,99999,0,50,United-States,>50K
55,Private,84774,HS-grad,9,Married-civ-spouse,Priv-house-serv,Wife,White,Female,0,0,30,United-States,<=50K
21,Private,103205,HS-grad,9,Married-civ-spouse,Machine-op-inspct,Husband,White,Male,0,0,40,United-States,<=50K
33,Private,26973,Assoc-voc,11,Married-civ-spouse,Tech-support,Wife,White,Female,0,0,40,United-States,>50K
28,Private,213842,Bachelors,13,Never-married,Tech-support,Own-child,White,Male,0,0,40,United-States,<=50K
18,Private,268952,12th,8,Never-married,Other-service,Own-child,White,Male,0,0,20,United-States,<=50K
55,Private,92215,HS-grad,9,Never-married,Adm-clerical,Not-in-family,White,Female,0,0,45,United-States,<=50K
32,Private,185027,Assoc-acdm,12,Married-civ-spouse,Craft-repair,Husband,White,Male,0,1887,40,Ireland,>50K
52,Local-gov,91689,Some-college,10,Married-civ-spouse,Transport-moving,Husband,White,Male,0,0,40,United-States,<=50K
24,Private,218678,Bachelors,13,Never-married,Sales,Own-child,White,Male,0,0,40,United-States,<=50K
37,Self-emp-not-inc,121510,HS-grad,9,Divorced,Exec-managerial,Unmarried,White,Male,0,0,55,United-States,<=50K
32,Self-emp-not-inc,114419,Assoc-voc,11,Married-civ-spouse,Craft-repair,Husband,White,Male,0,0,50,United-States,<=50K
55,,177557,HS-grad,9,Divorced,,Other-relative,White,Male,0,0,40,United-States,<=50K
29,Private,195557,Assoc-acdm,12,Divorced,Handlers-cleaners,Not-in-family,White,Female,0,0,40,United-States,<=50K
48,Private,148549,Assoc-acdm,12,Married-civ-spouse,Machine-op-inspct,Husband,White,Male,0,0,50,United-States,<=50K
61,,108398,11th,7,Widowed,,Unmarried,Black,Female,0,0,9,United-States,<=50K
24,Private,201680,Some-college,10,Never-married,Machine-op-inspct,Own-child,White,Male,0,0,40,United-States,<=50K
49,Self-emp-not-inc,48495,HS-grad,9,Married-civ-spouse,Exec-managerial,Husband,White,Male,0,0,45,United-States,<=50K
21,Private,26842,Some-college,10,Never-married,Sales,Not-in-family,White,Female,0,0,20,United-States,<=50K
44,Private,160919,HS-grad,9,Divorced,Other-service,Unmarried,White,Female,0,0,30,United-States,<=50K
43,Private,216685,HS-grad,9,Married-civ-spouse,Prof-specialty,Wife,White,Female,0,0,35,United-States,<=50K
24,Private,181820,Some-college,10,Never-married,Adm-clerical,Own-child,White,Male,0,0,40,United-States,<=50K
17,,45037,10th,6,Never-married,,Own-child,White,Female,0,0,25,United-States,<=50K
49,State-gov,336509,10th,6,Married-civ-spouse,Other-service,Husband,White,Male,0,0,40,United-States,<=50K
46,Local-gov,441542,Bachelors,13,Married-civ-spouse,Transport-moving,Husband,Black,Male,0,0,40,United-States,<=50K
17,Private,126779,11th,7,Never-married,Other-service,Own-child,Black,Male,0,0,20,United-States,<=50K
55,,270228,Assoc-acdm,12,Married-civ-spouse,,Husband,Black,Male,7688,0,40,United-States,>50K
21,,415913,Some-college,10,Never-married,,Own-child,White,Male,0,0,40,United-States,<=50K
49,Self-emp-not-inc,275845,Some-college,10,Married-civ-spouse,Exec-managerial,Husband,White,Male,0,0,60,United-States,<=50K
34,Private,283921,HS-grad,9,Married-civ-spouse,Transport-moving,Husband,White,Male,0,0,50,United-States,<=50K
41,Private,204415,Bachelors,13,Married-civ-spouse,Sales,Husband,White,Male,0,0,48,United-States,>50K
52,Private,89041,Masters,14,Married-civ-spouse,Exec-managerial,Husband,White,Male,99999,0,40,United-States,>50K
49,Private,192776,Masters,14,Married-civ-spouse,Exec-managerial,Husband,White,Male,0,1977,45,United-States,>50K
42,Private,115178,Bachelors,13,Divorced,Prof-specialty,Unmarried,White,Female,0,0,15,United-States,<=50K
51,Private,299831,Assoc-voc,11,Never-married,Prof-specialty,Own-child,White,Female,0,0,40,United-States,<=50K
60,Self-emp-not-inc,137733,Bachelors,13,Married-civ-spouse,Farming-fishing,Husband,White,Male,0,0,50,United-States,<=50K
28,Private,204600,HS-grad,9,Separated,Protective-serv,Other-relative,White,Male,0,0,40,United-States,<=50K
54,Private,329266,HS-grad,9,Married-civ-spouse,Craft-repair,Husband,White,Male,0,0,44,United-States,>50K
27,Federal-gov,409815,Some-college,10,Never-married,Adm-clerical,Unmarried,Black,Female,0,0,40,United-States,<=50K
40,Private,34113,HS-grad,9,Never-married,Exec-managerial,Not-in-family,Amer-Indian-Eskimo,Male,6849,0,43,United-States,<=50K
31,Private,187901,Some-college,10,Never-married,Sales,Not-in-family,White,Female,0,1504,40,United-States,<=50K
24,Private,198914,HS-grad,9,Never-married,Sales,Unmarried,Black,Male,0,0,25,United-States,<=50K
41,Private,109912,Bachelors,13,Never-married,Other-service,Not-in-family,White,Female,0,0,40,,<=50K
67,Private,174693,Some-college,10,Widowed,Sales,Not-in-family,White,Female,0,0,25,Nicaragua,<=50K
56,Private,170066,HS-grad,9,Married-civ-spouse,Adm-clerical,Husband,White,Male,0,0,40,United-States,<=50K
23,Private,345734,Some-college,10,Never-married,Other-service,Own-child,White,Male,0,0,40,United-States,<=50K
27,Private,297296,HS-grad,9,Married-civ-spouse,Craft-repair,Husband,White,Male,0,0,40,United-States,<=50K
19,Private,229745,HS-grad,9,Never-married,Farming-fishing,Own-child,White,Male,0,0,20,United-States,<=50K
56,Private,35373,Some-college,10,Divorced,Other-service,Not-in-family,White,Male,0,0,30,United-States,<=50K
18,Private,201554,Some-college,10,Never-married,Machine-op-inspct,Not-in-family,White,Female,0,0,15,United-States,<=50K
73,Private,198526,HS-grad,9,Widowed,Other-service,Other-relative,White,Female,0,0,32,United-States,<=50K
32,Private,46691,HS-grad,9,Never-married,Craft-repair,Not-in-family,White,Female,0,0,40,United-States,<=50K
27,State-gov,122660,Bachelors,13,Never-married,Prof-specialty,Own-child,Black,Female,0,0,40,United-States,<=50K
29,Self-emp-inc,156815,HS-grad,9,Married-civ-spouse,Other-service,Husband,White,Male,0,0,40,United-States,<=50K
22,Private,201615,Assoc-acdm,12,Never-married,Adm-clerical,Other-relative,White,Female,0,0,37,United-States,<=50K
25,Self-emp-not-inc,46015,HS-grad,9,Married-civ-spouse,Sales,Husband,White,Male,0,0,50,United-States,<=50K
42,Private,192712,HS-grad,9,Separated,Other-service,Unmarried,White,Female,0,0,25,United-States,<=50K
51,Self-emp-inc,189183,Bachelors,13,Married-civ-spouse,Exec-managerial,Husband,White,Male,0,0,40,United-States,<=50K
24,Private,209782,Bachelors,13,Never-married,Sales,Own-child,White,Female,0,0,40,United-States,<=50K
58,Private,233193,HS-grad,9,Widowed,Adm-clerical,Not-in-family,White,Female,0,0,27,United-States,<=50K
38,Private,32916,Assoc-voc,11,Married-civ-spouse,Craft-repair,Husband,White,Male,0,0,55,United-States,>50K
60,Self-emp-inc,171315,HS-grad,9,Divorced,Craft-repair,Not-in-family,White,Male,0,0,40,United-States,<=50K
47,Private,175990,HS-grad,9,Married-civ-spouse,Other-service,Wife,White,Female,0,0,30,United-States,>50K
51,Self-emp-not-inc,159755,Assoc-voc,11,Married-civ-spouse,Tech-support,Husband,White,Male,0,0,38,United-States,>50K
55,Local-gov,200448,Some-college,10,Divorced,Adm-clerical,Not-in-family,Black,Male,0,0,40,United-States,<=50K
72,Private,205343,11th,7,Widowed,Adm-clerical,Unmarried,White,Female,0,0,40,United-States,<=50K
43,Private,182521,Prof-school,15,Divorced,Prof-specialty,Unmarried,White,Female,15020,0,35,United-States,>50K
37,Local-gov,156261,Masters,14,Married-civ-spouse,Prof-specialty,Wife,White,Female,0,0,50,United-States,>50K
50,Self-emp-not-inc,30731,Assoc-voc,11,Never-married,Other-service,Not-in-family,White,Male,0,0,50,United-States,<=50K
53,Local-gov,236873,Masters,14,Married-civ-spouse,Exec-managerial,Husband,Black,Male,0,0,40,United-States,>50K
42,Private,449578,Some-college,10,Married-civ-spouse,Craft-repair,Husband,White,Male,0,0,48,United-States,>50K
48,State-gov,120131,Bachelors,13,Divorced,Prof-specialty,Not-in-family,White,Male,0,0,40,United-States,<=50K
30,Local-gov,164493,Some-college,10,Never-married,Adm-clerical,Own-child,White,Female,0,0,10,United-States,<=50K
37,Private,254202,Bachelors,13,Married-civ-spouse,Sales,Husband,White,Male,0,0,50,United-States,<=50K
31,Private,158144,Some-college,10,Never-married,Adm-clerical,Not-in-family,White,Female,0,0,40,United-States,<=50K
26,Private,157028,Masters,14,Never-married,Prof-specialty,Not-in-family,White,Male,0,0,55,United-States,>50K
40,Private,67243,Some-college,10,Divorced,Tech-support,Not-in-family,White,Male,0,0,40,United-States,<=50K
48,Local-gov,334409,Bachelors,13,Married-civ-spouse,Prof-specialty,Wife,White,Female,0,0,50,United-States,>50K
29,Private,204862,Assoc-acdm,12,Divorced,Prof-specialty,Not-in-family,White,Female,0,0,36,United-States,<=50K
20,,197583,HS-grad,9,Married-civ-spouse,,Wife,White,Female,0,0,40,United-States,<=50K
35,Local-gov,225544,Bachelors,13,Married-civ-spouse,Protective-serv,Husband,White,Male,0,0,48,United-States,<=50K
54,Private,235693,11th,7,Divorced,Adm-clerical,Not-in-family,White,Male,0,0,40,United-States,>50K
23,Private,213734,Bachelors,13,Never-married,Exec-managerial,Not-in-family,White,Male,0,0,40,United-States,<=50K
30,Private,103649,Bachelors,13,Married-civ-spouse,Adm-clerical,Wife,Black,Female,0,0,40,United-States,>50K
35,Federal-gov,23892,HS-grad,9,Divorced,Prof-specialty,Unmarried,White,Female,0,0,40,United-States,<=50K
39,Private,175232,Some-college,10,Married-civ-spouse,Prof-specialty,Husband,White,Male,0,0,50,United-States,<=50K
26,Private,154571,Some-college,10,Never-married,Machine-op-inspct,Not-in-family,Asian-Pac-Islander,Male,0,0,45,United-States,>50K
53,Private,230936,Bachelors,13,Married-civ-spouse,Sales,Husband,White,Male,0,0,40,United-States,>50K
41,Private,202980,HS-grad,9,Married-civ-spouse,Craft-repair,Husband,White,Male,0,0,4,Peru,<=50K
40,Local-gov,26929,Masters,14,Never-married,Prof-specialty,Not-in-family,White,Female,0,0,40,United-States,<=50K
30,Private,339773,HS-grad,9,Never-married,Machine-op-inspct,Not-in-family,White,Male,0,0,45,United-States,<=50K
55,Private,23789,HS-grad,9,Divorced,Exec-managerial,Not-in-family,White,Female,0,0,40,United-States,<=50K
21,Private,166517,HS-grad,9,Never-married,Craft-repair,Own-child,White,Male,0,0,40,United-States,<=50K
39,Self-emp-not-inc,246900,Bachelors,13,Married-civ-spouse,Sales,Husband,White,Male,0,0,60,United-States,<=50K
48,Federal-gov,110457,Some-college,10,Divorced,Exec-managerial,Not-in-family,White,Male,0,0,40,United-States,<=50K
55,Private,220262,HS-grad,9,Divorced,Sales,Not-in-family,White,Female,0,0,40,United-States,<=50K
37,Private,78928,9th,5,Married-civ-spouse,Other-service,Husband,White,Male,3137,0,40,United-States,<=50K
25,Private,121789,Some-college,10,Never-married,Sales,Not-in-family,White,Male,0,0,38,United-States,<=50K
31,Private,400535,Some-college,10,Married-civ-spouse,Adm-clerical,Husband,White,Male,0,0,40,United-States,<=50K
22,Private,129934,Some-college,10,Never-married,Adm-clerical,Not-in-family,Asian-Pac-Islander,Male,0,0,40,,<=50K
30,Self-emp-not-inc,166961,Some-college,10,Married-civ-spouse,Adm-clerical,Wife,White,Female,0,0,20,United-States,>50K
59,Private,157749,Bachelors,13,Widowed,Exec-managerial,Unmarried,White,Male,0,3004,40,United-States,>50K
30,Private,272432,HS-grad,9,Never-married,Tech-support,Unmarried,White,Female,0,0,40,United-States,<=50K
43,Self-emp-not-inc,126320,HS-grad,9,Married-civ-spouse,Exec-managerial,Husband,Black,Male,0,0,40,United-States,>50K
54,Local-gov,127943,HS-grad,9,Widowed,Other-service,Unmarried,Black,Female,0,0,40,United-States,<=50K
25,Private,462869,HS-grad,9,Never-married,Handlers-cleaners,Other-relative,White,Male,0,0,40,Mexico,<=50K
45,Private,233511,Bachelors,13,Married-civ-spouse,Exec-managerial,Husband,White,Male,0,1977,60,United-States,>50K
30,Self-emp-not-inc,24961,HS-grad,9,Divorced,Transport-moving,Not-in-family,White,Male,0,0,40,United-States,<=50K
35,Self-emp-not-inc,107662,HS-grad,9,Never-married,Other-service,Unmarried,White,Female,0,0,5,Canada,<=50K
41,Private,151736,10th,6,Never-married,Machine-op-inspct,Not-in-family,White,Male,0,0,40,United-States,<=50K
30,Private,177675,HS-grad,9,Never-married,Machine-op-inspct,Other-relative,White,Male,0,0,40,United-States,<=50K
52,Private,152373,HS-grad,9,Married-civ-spouse,Machine-op-inspct,Husband,White,Male,2105,0,40,United-States,<=50K
37,Private,216924,HS-grad,9,Divorced,Farming-fishing,Own-child,White,Male,0,0,60,United-States,<=50K
29,Private,131045,Assoc-voc,11,Separated,Adm-clerical,Unmarried,White,Female,0,0,40,United-States,<=50K
25,Private,122999,HS-grad,9,Never-married,Craft-repair,Other-relative,White,Male,0,0,40,United-States,<=50K
41,Private,101290,HS-grad,9,Divorced,Sales,Unmarried,White,Female,0,0,40,United-States,<=50K
47,,294443,Assoc-voc,11,Divorced,,Not-in-family,White,Female,0,0,40,United-States,<=50K
31,Local-gov,265426,Bachelors,13,Never-married,Prof-specialty,Own-child,White,Female,0,0,30,United-States,<=50K
39,Private,38721,HS-grad,9,Divorced,Priv-house-serv,Unmarried,White,Female,0,0,22,United-States,<=50K
34,Private,83066,HS-grad,9,Married-civ-spouse,Transport-moving,Husband,Black,Male,0,0,40,United-States,<=50K
35,Private,272019,11th,7,Married-civ-spouse,Craft-repair,Husband,White,Male,0,2057,40,United-States,<=50K
22,Private,208946,HS-grad,9,Never-married,Other-service,Own-child,White,Male,0,0,40,,<=50K
53,Private,166368,Some-college,10,Never-married,Craft-repair,Not-in-family,White,Male,0,0,40,United-States,<=50K
40,Private,205680,Masters,14,Married-civ-spouse,Exec-managerial,Husband,White,Male,0,0,50,United-States,<=50K
55,Private,408537,9th,5,Divorced,Craft-repair,Unmarried,White,Female,99999,0,37,United-States,>50K
28,Private,210313,10th,6,Never-married,Handlers-cleaners,Other-relative,White,Male,0,0,40,Mexico,<=50K
42,Self-emp-inc,272551,Bachelors,13,Divorced,Tech-support,Not-in-family,White,Female,0,1564,60,United-States,>50K
51,Private,335997,HS-grad,9,Married-civ-spouse,Craft-repair,Husband,White,Male,0,1902,40,United-States,>50K
35,Private,302604,Assoc-voc,11,Married-civ-spouse,Adm-clerical,Wife,White,Female,0,0,40,United-States,>50K
21,Private,163595,Some-college,10,Never-married,Other-service,Own-child,White,Male,0,0,35,United-States,<=50K
32,Self-emp-inc,196385,11th,7,Married-civ-spouse,Craft-repair,Husband,White,Male,0,0,40,United-States,<=50K
48,Private,26502,HS-grad,9,Divorced,Exec-managerial,Not-in-family,White,Male,0,0,40,United-States,<=50K
17,,141445,9th,5,Never-married,,Own-child,White,Male,0,0,5,United-States,<=50K
50,Self-emp-not-inc,29231,HS-grad,9,Married-civ-spouse,Exec-managerial,Husband,White,Male,0,0,45,United-States,>50K
45,Private,122002,Some-college,10,Divorced,Adm-clerical,Not-in-family,Black,Male,0,0,40,United-States,<=50K
48,Private,50402,Some-college,10,Divorced,Machine-op-inspct,Unmarried,White,Male,0,0,40,United-States,<=50K
40,Self-emp-not-inc,30759,Assoc-voc,11,Married-civ-spouse,Farming-fishing,Husband,White,Male,0,0,60,United-States,<=50K
46,Private,123681,Doctorate,16,Divorced,Prof-specialty,Not-in-family,White,Male,0,0,40,United-States,<=50K
37,Private,175643,HS-grad,9,Married-civ-spouse,Farming-fishing,Husband,White,Male,0,0,30,United-States,<=50K
53,Federal-gov,39643,HS-grad,9,Widowed,Exec-managerial,Not-in-family,White,Female,0,0,58,United-States,<=50K
26,Private,33610,HS-grad,9,Never-married,Transport-moving,Own-child,White,Male,0,0,40,United-States,<=50K
19,Private,52372,Some-college,10,Never-married,Other-service,Own-child,White,Male,0,0,20,United-States,<=50K
23,Private,122272,HS-grad,9,Never-married,Craft-repair,Own-child,White,Female,0,0,40,United-States,<=50K
66,Private,350498,Some-college,10,Married-civ-spouse,Transport-moving,Husband,White,Male,0,1258,20,United-States,<=50K
36,Local-gov,178222,Bachelors,13,Divorced,Prof-specialty,Not-in-family,White,Female,0,0,60,United-States,<=50K
32,Private,115989,11th,7,Married-civ-spouse,Other-service,Wife,White,Female,0,0,60,United-States,<=50K
47,Self-emp-not-inc,97883,HS-grad,9,Divorced,Other-service,Not-in-family,White,Female,0,0,48,Italy,<=50K
33,State-gov,31703,Some-college,10,Never-married,Other-service,Own-child,White,Male,0,0,40,United-States,<=50K
54,State-gov,276005,Prof-school,15,Married-civ-spouse,Prof-specialty,Husband,White,Male,0,0,40,United-States,>50K
43,Private,245487,HS-grad,9,Married-civ-spouse,Craft-repair,Husband,Other,Male,0,0,40,Mexico,<=50K
46,Private,174386,HS-grad,9,Never-married,Other-service,Unmarried,White,Female,0,0,24,United-States,<=50K
35,Private,101387,HS-grad,9,Divorced,Sales,Not-in-family,White,Female,0,0,50,United-States,<=50K
49,Private,149809,Preschool,1,Married-civ-spouse,Other-service,Husband,White,Male,0,0,40,,<=50K
31,Self-emp-not-inc,389765,7th-8th,4,Married-civ-spouse,Prof-specialty,Husband,White,Male,0,0,60,United-States,<=50K
40,Private,174395,HS-grad,9,Divorced,Other-service,Not-in-family,White,Male,0,0,60,Greece,<=50K
21,Private,270043,Some-college,10,Never-married,Tech-support,Own-child,White,Female,0,0,25,United-States,<=50K
55,Private,259532,7th-8th,4,Married-civ-spouse,Transport-moving,Husband,White,Male,0,0,50,United-States,<=50K
43,Private,209894,Some-college,10,Divorced,Other-service,Unmarried,White,Female,0,0,38,United-States,<=50K
49,Private,146268,Some-college,10,Married-civ-spouse,Craft-repair,Husband,White,Male,0,0,40,United-States,<=50K
56,Private,172071,HS-grad,9,Divorced,Other-service,Unmarried,Black,Female,0,0,40,Jamaica,<=50K
55,Private,139834,Bachelors,13,Married-civ-spouse,Prof-specialty,Husband,White,Male,0,0,40,United-States,>50K
21,Private,402136,Some-college,10,Never-married,Exec-managerial,Own-child,White,Female,0,0,20,United-States,<=50K
61,Local-gov,149981,HS-grad,9,Widowed,Adm-clerical,Not-in-family,White,Female,0,0,40,United-States,<=50K
24,,172152,Bachelors,13,Never-married,,Not-in-family,Asian-Pac-Islander,Male,0,0,25,Taiwan,<=50K
41,Private,106627,Assoc-acdm,12,Divorced,Exec-managerial,Unmarried,Black,Female,0,0,50,United-States,<=50K
41,Private,204235,Assoc-voc,11,Married-civ-spouse,Sales,Husband,White,Male,0,0,40,United-States,>50K
39,Self-emp-not-inc,327120,HS-grad,9,Married-civ-spouse,Craft-repair,Husband,White,Male,0,0,40,Portugal,<=50K
33,Private,97723,HS-grad,9,Married-civ-spouse,Craft-repair,Husband,White,Male,0,1672,40,United-States,<=50K
37,Private,80303,Some-college,10,Married-civ-spouse,Tech-support,Husband,White,Male,0,0,40,United-States,>50K
51,Private,202956,Assoc-voc,11,Married-civ-spouse,Sales,Husband,White,Male,0,0,40,United-States,<=50K
18,Private,338717,11th,7,Never-married,Handlers-cleaners,Not-in-family,Other,Male,0,0,25,United-States,<=50K
65,,143732,HS-grad,9,Widowed,,Not-in-family,Black,Female,0,0,40,United-States,<=50K
27,Private,132326,Some-college,10,Married-civ-spouse,Craft-repair,Husband,White,Male,0,0,40,United-States,<=50K
47,Private,199058,Some-college,10,Married-civ-spouse,Prof-specialty,Husband,White,Male,0,0,40,United-States,>50K
25,,12285,Some-college,10,Never-married,,Not-in-family,Amer-Indian-Eskimo,Female,0,0,20,United-States,<=50K
34,Self-emp-not-inc,226296,HS-grad,9,Married-civ-spouse,Prof-specialty,Husband,White,Male,0,0,51,United-States,<=50K
23,Private,122797,HS-grad,9,Never-married,Handlers-cleaners,Own-child,White,Male,0,0,40,United-States,<=50K
36,Private,247750,HS-grad,9,Married-civ-spouse,Transport-moving,Husband,Black,Male,0,0,45,United-States,<=50K
17,Private,216137,11th,7,Never-married,Sales,Own-child,White,Female,0,0,8,United-States,<=50K
56,Self-emp-not-inc,62539,11th,7,Widowed,Other-service,Unmarried,White,Female,0,0,65,Greece,>50K
45,State-gov,226452,HS-grad,9,Married-civ-spouse,Other-service,Husband,White,Male,0,0,40,United-States,<=50K
40,Private,111336,HS-grad,9,Divorced,Machine-op-inspct,Unmarried,Black,Female,0,0,28,United-States,<=50K
51,Private,245873,Some-college,10,Married-civ-spouse,Adm-clerical,Wife,White,Female,0,0,40,United-States,<=50K
36,Private,75073,Some-college,10,Never-married,Craft-repair,Not-in-family,Black,Male,0,0,55,United-States,<=50K
26,Private,182178,Some-college,10,Married-civ-spouse,Craft-repair,Husband,White,Male,2829,0,40,United-States,<=50K
61,Private,345697,HS-grad,9,Married-civ-spouse,Prof-specialty,Husband,White,Male,3103,0,40,United-States,>50K
40,Local-gov,303212,Bachelors,13,Married-civ-spouse,Prof-specialty,Husband,White,Male,0,0,40,United-States,>50K
31,Private,302679,12th,8,Married-civ-spouse,Prof-specialty,Husband,White,Male,0,0,55,United-States,<=50K
29,Local-gov,181434,Bachelors,13,Married-civ-spouse,Prof-specialty,Husband,White,Male,7298,0,40,United-States,>50K
45,Private,282172,Assoc-acdm,12,Never-married,Exec-managerial,Not-in-family,White,Female,0,0,40,United-States,<=50K
36,Self-emp-not-inc,206520,Bachelors,13,Never-married,Craft-repair,Own-child,White,Male,0,0,40,United-States,<=50K
36,Private,195565,Bachelors,13,Divorced,Exec-managerial,Unmarried,White,Female,0,0,40,United-States,<=50K
20,Self-emp-not-inc,186014,Some-college,10,Never-married,Adm-clerical,Own-child,White,Female,0,0,12,Germany,<=50K
31,Private,112627,HS-grad,9,Married-civ-spouse,Transport-moving,Husband,Amer-Indian-Eskimo,Male,0,0,40,United-States,<=50K
24,Private,126613,Bachelors,13,Never-married,Prof-specialty,Own-child,White,Female,0,0,8,United-States,<=50K
70,Private,315868,Bachelors,13,Divorced,Adm-clerical,Not-in-family,White,Male,0,0,40,United-States,<=50K
37,Private,234807,HS-grad,9,Divorced,Adm-clerical,Unmarried,White,Female,0,0,37,United-States,<=50K
22,Private,212803,HS-grad,9,Never-married,Other-service,Not-in-family,White,Female,0,0,40,United-States,<=50K
47,Private,101204,Some-college,10,Married-civ-spouse,Tech-support,Husband,Black,Male,4064,0,40,United-States,<=50K
18,Private,241552,11th,7,Never-married,Other-service,Own-child,White,Female,0,1719,20,United-States,<=50K
38,Private,125933,Bachelors,13,Separated,Exec-managerial,Not-in-family,White,Male,27828,0,45,United-States,>50K
61,Private,385583,Some-college,10,Divorced,Craft-repair,Not-in-family,White,Male,0,0,40,United-States,<=50K
28,Private,85812,Some-college,10,Married-civ-spouse,Sales,Wife,White,Female,0,0,40,United-States,<=50K
37,Self-emp-inc,175360,HS-grad,9,Married-civ-spouse,Craft-repair,Husband,White,Male,0,0,40,United-States,>50K
43,Private,177905,HS-grad,9,Married-civ-spouse,Handlers-cleaners,Husband,White,Male,3908,0,40,United-States,<=50K
42,Private,340234,HS-grad,9,Married-civ-spouse,Tech-support,Husband,Asian-Pac-Islander,Male,15024,0,40,United-States,>50K
32,Private,178691,Bachelors,13,Never-married,Exec-managerial,Own-child,White,Female,0,0,45,United-States,<=50K
28,Self-emp-inc,142443,Bachelors,13,Married-civ-spouse,Exec-managerial,Husband,White,Male,0,0,50,United-States,<=50K
51,Private,216475,Bachelors,13,Never-married,Sales,Not-in-family,White,Female,0,1564,43,United-States,>50K
20,Private,258509,HS-grad,9,Never-married,Machine-op-inspct,Own-child,Black,Male,0,0,40,United-States,<=50K
38,Private,165466,HS-grad,9,Married-civ-spouse,Adm-clerical,Husband,White,Male,0,0,60,United-States,>50K
41,Private,196456,Masters,14,Never-married,Prof-specialty,Not-in-family,White,Female,0,0,40,United-States,<=50K
41,Self-emp-not-inc,117012,Masters,14,Never-married,Exec-managerial,Not-in-family,White,Female,0,0,55,United-States,<=50K
64,Private,60940,HS-grad,9,Widowed,Sales,Not-in-family,White,Female,8614,0,50,France,>50K
30,Private,426017,11th,7,Never-married,Other-service,Own-child,White,Female,0,0,19,United-States,<=50K
27,Private,321577,HS-grad,9,Never-married,Machine-op-inspct,Own-child,Black,Female,0,0,40,United-States,<=50K
17,Private,275051,11th,7,Never-married,Adm-clerical,Own-child,White,Female,0,0,8,United-States,<=50K
61,Private,182163,Some-college,10,Married-civ-spouse,Prof-specialty,Husband,White,Male,0,1902,40,United-States,>50K
21,Private,189203,Assoc-voc,11,Never-married,Protective-serv,Not-in-family,White,Male,0,0,40,United-States,<=50K
24,Private,207940,HS-grad,9,Married-civ-spouse,Other-service,Wife,White,Female,0,0,30,United-States,<=50K
19,Private,167428,HS-grad,9,Never-married,Transport-moving,Own-child,White,Male,0,0,30,United-States,<=50K
49,Private,204057,Assoc-acdm,12,Divorced,Exec-managerial,Not-in-family,White,Female,0,0,40,United-States,<=50K
47,Private,195978,HS-grad,9,Married-civ-spouse,Craft-repair,Husband,White,Male,0,0,40,United-States,>50K
27,Private,37088,Bachelors,13,Married-civ-spouse,Tech-support,Husband,White,Male,0,0,30,United-States,<=50K
56,Federal-gov,141877,Bachelors,13,Married-civ-spouse,Adm-clerical,Husband,White,Male,0,0,40,United-States,>50K
50,Private,109277,9th,5,Married-civ-spouse,Machine-op-inspct,Husband,White,Male,0,0,48,United-States,<=50K
19,Private,265576,HS-grad,9,Never-married,Handlers-cleaners,Own-child,White,Male,0,0,50,United-States,<=50K
17,Private,126771,12th,8,Never-married,Prof-specialty,Own-child,White,Male,0,0,7,United-States,<=50K
35,Local-gov,199674,HS-grad,9,Never-married,Other-service,Unmarried,Black,Female,0,0,40,United-States,<=50K
47,Private,194698,HS-grad,9,Married-civ-spouse,Transport-moving,Husband,White,Male,0,0,50,United-States,<=50K
42,Private,186916,Masters,14,Married-civ-spouse,Exec-managerial,Husband,White,Male,0,2415,55,United-States,>50K
60,Private,43235,Bachelors,13,Married-civ-spouse,Prof-specialty,Husband,White,Male,0,0,50,United-States,>50K
55,Private,43064,11th,7,Married-civ-spouse,Other-service,Husband,White,Male,0,0,30,United-States,<=50K
65,,52728,Some-college,10,Married-civ-spouse,,Husband,White,Male,0,0,40,United-States,<=50K
38,Private,430035,9th,5,Married-civ-spouse,Farming-fishing,Husband,White,Male,0,0,54,Mexico,<=50K
33,Private,221762,Some-college,10,Never-married,Prof-specialty,Not-in-family,Black,Male,0,0,40,United-States,<=50K
43,Private,236936,HS-grad,9,Divorced,Exec-managerial,Unmarried,White,Female,0,0,47,United-States,>50K
39,Private,231141,HS-grad,9,Married-civ-spouse,Machine-op-inspct,Husband,White,Male,2829,0,40,United-States,<=50K
60,Private,225014,HS-grad,9,Divorced,Other-service,Not-in-family,White,Female,0,0,40,United-States,<=50K
78,Self-emp-not-inc,213136,HS-grad,9,Widowed,Exec-managerial,Not-in-family,White,Male,0,0,24,United-States,<=50K
73,Local-gov,205580,5th-6th,3,Married-civ-spouse,Prof-specialty,Husband,White,Male,0,0,6,United-States,<=50K
31,Private,87054,HS-grad,9,Married-civ-spouse,Craft-repair,Husband,White,Male,0,0,50,United-States,<=50K
34,Private,207685,Bachelors,13,Separated,Prof-specialty,Unmarried,Black,Female,0,0,39,United-States,<=50K
23,Private,214542,Bachelors,13,Never-married,Handlers-cleaners,Not-in-family,White,Male,0,0,40,United-States,<=50K
49,State-gov,269417,Doctorate,16,Never-married,Exec-managerial,Not-in-family,White,Female,0,2258,50,United-States,>50K
47,State-gov,207120,Assoc-voc,11,Married-civ-spouse,Exec-managerial,Husband,White,Male,0,0,38,United-States,>50K
37,Private,176293,Some-college,10,Married-spouse-absent,Prof-specialty,Not-in-family,White,Female,0,0,30,United-States,<=50K
29,Federal-gov,204796,10th,6,Separated,Exec-managerial,Not-in-family,White,Female,0,0,40,United-States,<=50K
26,Private,184026,Some-college,10,Never-married,Prof-specialty,Not-in-family,Other,Male,0,0,50,United-States,<=50K
41,Private,469454,Some-college,10,Married-civ-spouse,Craft-repair,Husband,White,Male,0,0,40,United-States,<=50K
39,Private,188503,Bachelors,13,Married-civ-spouse,Exec-managerial,Wife,White,Female,0,0,60,United-States,>50K
46,,228620,11th,7,Widowed,,Unmarried,Black,Female,0,0,40,United-States,<=50K
42,Private,175935,HS-grad,9,Divorced,Transport-moving,Not-in-family,White,Male,0,1980,46,United-States,<=50K
47,Private,246891,Bachelors,13,Married-civ-spouse,Sales,Husband,White,Male,15024,0,45,United-States,>50K
44,Private,116825,Prof-school,15,Married-civ-spouse,Prof-specialty,Husband,White,Male,15024,0,80,United-States,>50K
50,Self-emp-not-inc,341797,Prof-school,15,Married-civ-spouse,Prof-specialty,Husband,White,Male,0,0,50,United-States,>50K
37,Private,52870,Bachelors,13,Married-civ-spouse,Exec-managerial,Husband,White,Male,0,0,40,United-States,<=50K
50,Private,107665,Some-college,10,Married-civ-spouse,Sales,Husband,White,Male,0,0,40,United-States,>50K
33,Private,177675,Bachelors,13,Married-civ-spouse,Exec-managerial,Husband,White,Male,0,0,50,Germany,>50K
53,Private,186224,Assoc-voc,11,Never-married,Exec-managerial,Not-in-family,White,Male,0,0,35,United-States,<=50K
43,Local-gov,413760,Some-college,10,Separated,Craft-repair,Not-in-family,Black,Male,0,0,40,United-States,<=50K
19,Private,169853,HS-grad,9,Never-married,Machine-op-inspct,Own-child,White,Male,0,0,24,United-States,<=50K
58,Private,320102,Doctorate,16,Married-civ-spouse,Prof-specialty,Husband,White,Male,0,0,50,United-States,>50K
43,Private,175943,HS-grad,9,Married-civ-spouse,Sales,Other-relative,White,Female,0,0,20,United-States,<=50K
72,State-gov,120733,7th-8th,4,Widowed,Other-service,Unmarried,Black,Female,0,0,40,United-States,<=50K
47,Private,199058,HS-grad,9,Married-civ-spouse,Craft-repair,Husband,White,Male,0,0,40,United-States,>50K
39,Private,164712,Some-college,10,Never-married,Transport-moving,Unmarried,White,Male,0,0,40,United-States,<=50K
23,Private,60668,Some-college,10,Never-married,Sales,Own-child,White,Male,0,0,55,United-States,<=50K
27,,123147,Some-college,10,Never-married,,Unmarried,White,Female,0,0,25,United-States,<=50K
36,Private,143385,HS-grad,9,Never-married,Craft-repair,Not-in-family,White,Male,0,0,40,United-States,<=50K
26,Private,88449,HS-grad,9,Married-civ-spouse,Craft-repair,Husband,White,Male,0,0,36,United-States,<=50K
52,Self-emp-not-inc,103794,Assoc-voc,11,Divorced,Prof-specialty,Not-in-family,White,Female,0,0,35,United-States,<=50K
26,Local-gov,216522,Bachelors,13,Never-married,Prof-specialty,Own-child,Black,Female,0,0,42,United-States,<=50K
40,Private,182268,Preschool,1,Married-spouse-absent,Adm-clerical,Own-child,White,Male,0,0,40,United-States,<=50K
41,Self-emp-not-inc,32533,Assoc-voc,11,Married-civ-spouse,Farming-fishing,Husband,White,Male,0,0,45,United-States,<=50K
29,Private,122000,Some-college,10,Never-married,Sales,Not-in-family,White,Male,0,0,60,United-States,<=50K
47,Private,306183,Some-college,10,Divorced,Other-service,Own-child,White,Female,0,0,44,United-States,<=50K
29,Private,134331,10th,6,Married-civ-spouse,Craft-repair,Husband,White,Male,0,0,40,United-States,<=50K
28,Private,277746,10th,6,Married-civ-spouse,Machine-op-inspct,Husband,White,Male,0,0,40,United-States,<=50K
46,Local-gov,126524,Bachelors,13,Married-civ-spouse,Prof-specialty,Wife,White,Female,0,1902,40,United-States,>50K
32,Private,334744,HS-grad,9,Never-married,Tech-support,Not-in-family,White,Male,0,0,45,United-States,<=50K
28,Private,75695,Some-college,10,Separated,Other-service,Not-in-family,White,Female,0,0,60,United-States,<=50K
41,Self-emp-inc,32016,HS-grad,9,Married-civ-spouse,Sales,Husband,White,Male,0,0,62,United-States,<=50K
64,State-gov,216160,Doctorate,16,Married-civ-spouse,Prof-specialty,Husband,White,Male,0,0,50,Columbia,>50K
36,State-gov,177064,Some-college,10,Never-married,Exec-managerial,Unmarried,White,Female,0,0,40,United-States,<=50K
26,Private,176008,HS-grad,9,Divorced,Adm-clerical,Own-child,White,Female,0,0,40,United-States,<=50K
29,Private,141350,HS-grad,9,Never-married,Protective-serv,Not-in-family,White,Male,0,0,50,United-States,<=50K
33,Private,307693,HS-grad,9,Never-married,Adm-clerical,Not-in-family,Black,Female,0,0,30,United-States,<=50K
51,Private,143741,Some-college,10,Married-civ-spouse,Other-service,Wife,White,Female,0,0,40,United-States,>50K
32,State-gov,199227,Bachelors,13,Married-civ-spouse,Adm-clerical,Husband,White,Male,0,0,55,United-States,<=50K
30,Private,161815,Some-college,10,Divorced,Other-service,Unmarried,White,Female,0,0,35,United-States,<=50K
33,,139051,11th,7,Separated,,Unmarried,Black,Female,0,0,53,United-States,<=50K
34,Private,125279,HS-grad,9,Married-civ-spouse,Transport-moving,Husband,White,Male,0,0,40,United-States,<=50K
51,Federal-gov,293196,Some-college,10,Married-civ-spouse,Prof-specialty,Husband,White,Male,0,0,40,United-States,>50K
20,State-gov,158206,Assoc-acdm,12,Never-married,Prof-specialty,Not-in-family,White,Male,0,0,30,United-States,<=50K
42,,184018,Some-college,10,Divorced,,Unmarried,White,Male,0,0,40,United-States,<=50K
20,Private,216825,HS-grad,9,Never-married,Sales,Own-child,White,Female,0,0,25,Mexico,<=50K
40,Private,285787,Assoc-acdm,12,Married-civ-spouse,Tech-support,Husband,White,Male,0,0,40,United-States,>50K
33,Private,252257,Prof-school,15,Never-married,Prof-specialty,Not-in-family,White,Female,0,0,40,United-States,<=50K
31,Private,162572,Bachelors,13,Married-civ-spouse,Sales,Husband,White,Male,15024,0,60,United-States,>50K
31,Private,57781,HS-grad,9,Divorced,Adm-clerical,Unmarried,White,Female,0,0,50,United-States,<=50K
34,Private,312667,Masters,14,Married-civ-spouse,Prof-specialty,Husband,White,Male,0,0,45,United-States,<=50K
30,Private,180656,Some-college,10,Married-spouse-absent,Craft-repair,Not-in-family,White,Male,0,0,40,,<=50K
48,Private,70668,HS-grad,9,Married-civ-spouse,Machine-op-inspct,Wife,White,Female,0,0,50,United-States,<=50K
56,Self-emp-not-inc,52822,Bachelors,13,Divorced,Farming-fishing,Not-in-family,White,Male,0,0,30,United-States,<=50K
72,,188009,7th-8th,4,Divorced,,Not-in-family,White,Male,0,0,30,United-States,<=50K
42,,240027,HS-grad,9,Divorced,,Not-in-family,Black,Female,0,0,40,United-States,<=50K
35,Private,174597,Bachelors,13,Married-civ-spouse,Craft-repair,Husband,White,Male,0,0,40,United-States,<=50K
56,Private,294209,HS-grad,9,Divorced,Prof-specialty,Not-in-family,White,Female,0,0,48,United-States,<=50K
48,Private,366089,Doctorate,16,Married-civ-spouse,Prof-specialty,Husband,White,Male,0,0,45,United-States,>50K
46,Self-emp-inc,191978,Masters,14,Married-civ-spouse,Exec-managerial,Husband,White,Male,0,2392,50,United-States,>50K
46,Private,111410,11th,7,Married-civ-spouse,Craft-repair,Husband,White,Male,0,0,40,United-States,<=50K
54,Private,52724,HS-grad,9,Divorced,Adm-clerical,Unmarried,White,Female,0,0,40,United-States,<=50K
25,Self-emp-not-inc,259299,Some-college,10,Married-civ-spouse,Craft-repair,Husband,White,Male,3103,0,50,United-States,>50K
49,Private,265295,HS-grad,9,Never-married,Craft-repair,Not-in-family,White,Male,0,0,40,United-States,<=50K
35,State-gov,177974,HS-grad,9,Married-civ-spouse,Protective-serv,Husband,White,Male,0,0,40,United-States,>50K
21,Private,100462,Assoc-voc,11,Never-married,Exec-managerial,Own-child,White,Female,2174,0,60,United-States,<=50K
32,State-gov,117927,Some-college,10,Never-married,Adm-clerical,Not-in-family,Black,Female,0,0,40,United-States,<=50K
62,,144026,HS-grad,9,Married-civ-spouse,,Wife,White,Female,0,0,40,United-States,<=50K
60,Federal-gov,286253,HS-grad,9,Married-spouse-absent,Handlers-cleaners,Not-in-family,White,Male,0,0,40,United-States,<=50K
56,Private,101128,Assoc-acdm,12,Married-spouse-absent,Other-service,Not-in-family,White,Male,0,0,25,Iran,<=50K
48,Self-emp-inc,76482,Some-college,10,Married-civ-spouse,Farming-fishing,Husband,White,Male,0,0,50,United-States,<=50K
81,Self-emp-not-inc,218521,7th-8th,4,Married-civ-spouse,Farming-fishing,Husband,White,Male,0,0,21,United-States,<=50K
19,Private,248600,10th,6,Never-married,Other-service,Other-relative,White,Female,34095,0,24,United-States,<=50K
34,Private,260560,HS-grad,9,Married-civ-spouse,Machine-op-inspct,Husband,White,Male,0,0,40,United-States,<=50K
31,Private,137681,Some-college,10,Married-civ-spouse,Other-service,Husband,White,Male,0,0,40,United-States,<=50K
46,State-gov,165852,Some-college,10,Married-civ-spouse,Exec-managerial,Husband,White,Male,0,0,40,United-States,>50K
39,Private,387430,HS-grad,9,Never-married,Other-service,Not-in-family,White,Male,0,0,18,United-States,<=50K
24,Private,19513,HS-grad,9,Never-married,Sales,Own-child,Amer-Indian-Eskimo,Female,0,0,40,United-States,<=50K
33,Private,188246,Bachelors,13,Married-civ-spouse,Exec-managerial,Husband,White,Male,0,0,65,United-States,>50K
26,Private,205428,Some-college,10,Married-civ-spouse,Sales,Husband,White,Male,0,0,45,United-States,<=50K
74,Private,172787,HS-grad,9,Widowed,Adm-clerical,Not-in-family,White,Male,0,2282,35,United-States,>50K
37,Private,238959,HS-grad,9,Married-civ-spouse,Adm-clerical,Wife,White,Female,0,0,40,United-States,<=50K
38,Private,81965,Assoc-voc,11,Never-married,Tech-support,Not-in-family,White,Female,0,0,40,United-States,<=50K
37,Local-gov,165883,HS-grad,9,Married-civ-spouse,Handlers-cleaners,Husband,Black,Male,0,0,40,United-States,<=50K
56,Private,56331,HS-grad,9,Never-married,Machine-op-inspct,Not-in-family,White,Male,0,0,32,United-States,<=50K
23,Private,419554,HS-grad,9,Married-civ-spouse,Exec-managerial,Husband,White,Male,0,0,54,United-States,<=50K
45,Private,353083,Some-college,10,Separated,Other-service,Unmarried,White,Female,0,0,40,United-States,<=50K
24,Private,218957,Some-college,10,Never-married,Protective-serv,Own-child,White,Male,0,0,24,,<=50K
17,,172145,10th,6,Never-married,,Own-child,Black,Female,0,0,40,United-States,<=50K
55,Self-emp-not-inc,319883,Masters,14,Married-civ-spouse,Exec-managerial,Husband,White,Male,4386,0,10,,>50K
19,,33487,Some-college,10,Never-married,,Other-relative,Amer-Indian-Eskimo,Female,0,0,40,United-States,<=50K
55,Self-emp-inc,275236,Assoc-voc,11,Married-civ-spouse,Exec-managerial,Husband,White,Male,0,0,48,United-States,>50K
28,Private,94128,HS-grad,9,Never-married,Machine-op-inspct,Not-in-family,White,Male,0,0,40,United-States,<=50K
30,Local-gov,27051,Some-college,10,Never-married,Handlers-cleaners,Own-child,White,Male,0,0,40,United-States,<=50K
19,,291509,12th,8,Never-married,,Own-child,White,Male,0,0,28,United-States,<=50K
54,Private,162238,Masters,14,Divorced,Exec-managerial,Not-in-family,White,Male,0,0,50,United-States,>50K
57,Private,257200,9th,5,Married-civ-spouse,Craft-repair,Husband,White,Male,0,0,40,United-States,>50K
31,,186369,9th,5,Divorced,,Unmarried,White,Female,0,0,40,United-States,<=50K
41,Federal-gov,36651,Masters,14,Married-civ-spouse,Exec-managerial,Husband,White,Male,0,1848,40,United-States,>50K
28,Private,105422,Some-college,10,Never-married,Transport-moving,Not-in-family,White,Male,0,0,50,United-States,<=50K
47,Private,169324,Bachelors,13,Married-civ-spouse,Exec-managerial,Wife,Black,Female,0,0,35,United-States,>50K
68,Private,99849,HS-grad,9,Widowed,Machine-op-inspct,Not-in-family,White,Female,0,0,28,United-States,<=50K
45,Private,200471,Some-college,10,Married-civ-spouse,Sales,Husband,White,Male,0,2415,40,United-States,>50K
34,Private,103651,Some-college,10,Married-civ-spouse,Exec-managerial,Husband,White,Male,0,0,40,United-States,>50K
26,Private,177951,HS-grad,9,Married-civ-spouse,Handlers-cleaners,Husband,White,Male,0,0,48,United-States,<=50K
42,Private,69019,Some-college,10,Married-civ-spouse,Craft-repair,Husband,Black,Male,0,0,40,United-States,>50K
34,Private,188736,HS-grad,9,Married-civ-spouse,Machine-op-inspct,Other-relative,Other,Female,0,0,20,Columbia,<=50K
39,State-gov,105803,Masters,14,Married-civ-spouse,Prof-specialty,Husband,White,Male,0,0,48,United-States,>50K
49,Self-emp-inc,201498,HS-grad,9,Married-civ-spouse,Craft-repair,Husband,White,Male,0,0,40,United-States,<=50K
31,Private,111363,Bachelors,13,Never-married,Exec-managerial,Not-in-family,White,Male,0,0,40,United-States,<=50K
65,,123484,HS-grad,9,Widowed,,Other-relative,White,Female,0,0,25,United-States,<=50K
32,Private,226975,Some-college,10,Never-married,Sales,Own-child,White,Male,0,1876,60,United-States,<=50K
33,Federal-gov,182714,Prof-school,15,Never-married,Prof-specialty,Not-in-family,White,Female,0,0,65,United-States,>50K
57,State-gov,247624,Masters,14,Married-civ-spouse,Exec-managerial,Husband,White,Male,0,0,40,United-States,>50K
27,Private,115831,Some-college,10,Married-civ-spouse,Other-service,Husband,White,Male,0,0,40,United-States,<=50K
59,Private,146391,Assoc-voc,11,Married-civ-spouse,Tech-support,Husband,White,Male,7298,0,40,United-States,>50K
63,Self-emp-inc,38472,Some-college,10,Widowed,Sales,Not-in-family,White,Female,14084,0,60,United-States,>50K
53,Self-emp-not-inc,206288,Bachelors,13,Married-civ-spouse,Craft-repair,Husband,Asian-Pac-Islander,Male,0,0,35,Vietnam,<=50K
46,Self-emp-inc,110702,Some-college,10,Divorced,Exec-managerial,Unmarried,White,Female,2036,0,60,United-States,<=50K
30,Private,94235,Bachelors,13,Married-civ-spouse,Prof-specialty,Husband,White,Male,0,1977,50,United-States,>50K
30,Private,345122,Prof-school,15,Married-civ-spouse,Prof-specialty,Husband,White,Male,0,0,50,United-States,<=50K
37,Self-emp-inc,98360,12th,8,Married-civ-spouse,Craft-repair,Husband,White,Male,0,0,40,United-States,<=50K
23,Private,125525,Bachelors,13,Never-married,Prof-specialty,Own-child,White,Male,0,0,42,United-States,<=50K
35,Self-emp-not-inc,120066,Some-college,10,Married-civ-spouse,Craft-repair,Husband,Amer-Indian-Eskimo,Male,0,0,60,United-States,<=50K
71,Self-emp-not-inc,238479,10th,6,Married-civ-spouse,Craft-repair,Husband,White,Male,0,0,8,United-States,<=50K
44,Private,182616,Assoc-voc,11,Married-civ-spouse,Tech-support,Husband,White,Male,0,0,40,United-States,>50K
56,Private,225927,9th,5,Married-civ-spouse,Craft-repair,Husband,White,Male,2580,0,40,United-States,<=50K
31,Private,437825,1st-4th,2,Married-civ-spouse,Farming-fishing,Husband,White,Male,0,0,40,Mexico,<=50K
46,Private,192360,Bachelors,13,Married-civ-spouse,Exec-managerial,Husband,White,Male,0,0,35,United-States,>50K
40,Private,225660,Bachelors,13,Married-civ-spouse,Exec-managerial,Wife,White,Female,0,0,45,United-States,>50K
45,Private,155478,Some-college,10,Divorced,Tech-support,Unmarried,White,Female,0,0,40,United-States,<=50K
50,Private,193720,Bachelors,13,Married-civ-spouse,Sales,Husband,White,Male,7688,0,40,United-States,>50K
70,Self-emp-not-inc,172370,Prof-school,15,Married-civ-spouse,Prof-specialty,Husband,White,Male,0,0,25,United-States,<=50K
51,Private,35576,HS-grad,9,Divorced,Craft-repair,Not-in-family,White,Male,0,0,38,United-States,<=50K
51,Private,221672,Masters,14,Married-civ-spouse,Sales,Husband,White,Male,15024,0,50,United-States,>50K
21,Private,237051,Some-college,10,Never-married,Other-service,Own-child,White,Female,0,0,25,United-States,<=50K
66,Local-gov,157942,HS-grad,9,Widowed,Transport-moving,Not-in-family,Black,Female,0,0,40,United-States,<=50K
34,Private,98101,7th-8th,4,Married-civ-spouse,Transport-moving,Husband,White,Male,0,0,40,United-States,<=50K
26,State-gov,28366,Bachelors,13,Never-married,Prof-specialty,Not-in-family,White,Male,0,0,40,United-States,<=50K
47,Private,168232,HS-grad,9,Married-civ-spouse,Transport-moving,Husband,White,Male,0,1887,45,United-States,>50K
30,Private,257874,Bachelors,13,Never-married,Sales,Not-in-family,White,Female,0,0,30,United-States,<=50K
44,Local-gov,159449,Some-college,10,Married-civ-spouse,Protective-serv,Husband,White,Male,0,0,80,United-States,>50K
25,Private,52536,Assoc-acdm,12,Divorced,Tech-support,Own-child,White,Female,0,1594,25,United-States,<=50K
27,Private,84433,Some-college,10,Never-married,Exec-managerial,Not-in-family,White,Female,0,0,50,United-States,<=50K
39,Private,176900,HS-grad,9,Married-civ-spouse,Transport-moving,Husband,White,Male,0,0,60,United-States,>50K
33,State-gov,121245,Bachelors,13,Married-civ-spouse,Prof-specialty,Husband,White,Male,0,0,60,United-States,>50K
34,Private,103408,Some-college,10,Divorced,Prof-specialty,Not-in-family,Black,Male,0,0,40,Germany,>50K
23,Private,259109,Assoc-acdm,12,Married-civ-spouse,Other-service,Wife,White,Female,0,0,40,Puerto-Rico,<=50K
32,Private,244147,HS-grad,9,Never-married,Craft-repair,Unmarried,White,Male,0,0,10,United-States,<=50K
20,Private,250165,HS-grad,9,Married-civ-spouse,Sales,Husband,White,Male,0,0,40,United-States,<=50K
51,Self-emp-not-inc,85877,HS-grad,9,Divorced,Exec-managerial,Not-in-family,White,Female,99999,0,60,United-States,>50K
52,Private,83984,Some-college,10,Married-civ-spouse,Sales,Own-child,White,Female,0,0,40,United-States,<=50K
52,Private,90189,7th-8th,4,Divorced,Priv-house-serv,Own-child,Black,Female,0,0,16,United-States,<=50K
56,Federal-gov,196307,Doctorate,16,Married-civ-spouse,Prof-specialty,Husband,White,Male,0,0,40,United-States,>50K
63,Private,237379,10th,6,Married-civ-spouse,Transport-moving,Husband,White,Male,0,0,40,United-States,<=50K
39,Self-emp-not-inc,178948,HS-grad,9,Married-civ-spouse,Farming-fishing,Wife,White,Female,0,0,50,United-States,<=50K
56,Private,231781,HS-grad,9,Married-civ-spouse,Sales,Husband,White,Male,0,0,40,United-States,>50K
25,Private,109532,12th,8,Never-married,Craft-repair,Own-child,White,Male,0,0,40,United-States,<=50K
23,Private,49683,Some-college,10,Never-married,Handlers-cleaners,Own-child,White,Male,0,0,25,United-States,<=50K
53,Private,239990,HS-grad,9,Married-civ-spouse,Craft-repair,Husband,White,Male,0,0,40,United-States,>50K
65,,136431,HS-grad,9,Married-civ-spouse,,Husband,White,Male,9386,0,40,United-States,>50K
25,Private,371987,HS-grad,9,Divorced,Adm-clerical,Not-in-family,White,Female,0,0,40,United-States,<=50K
24,Private,183594,HS-grad,9,Never-married,Adm-clerical,Other-relative,White,Male,0,0,40,United-States,<=50K
24,Private,59792,Masters,14,Never-married,Tech-support,Not-in-family,Asian-Pac-Islander,Male,0,0,40,United-States,<=50K
18,Private,187240,11th,7,Never-married,Handlers-cleaners,Own-child,White,Male,0,0,18,United-States,<=50K
28,Self-emp-inc,115705,Some-college,10,Never-married,Exec-managerial,Not-in-family,White,Male,0,0,50,United-States,<=50K
46,Private,294907,5th-6th,3,Married-civ-spouse,Machine-op-inspct,Husband,White,Male,0,0,40,Mexico,<=50K
55,Private,67450,Doctorate,16,Never-married,Prof-specialty,Not-in-family,White,Male,0,0,40,England,<=50K
26,Self-emp-not-inc,102476,HS-grad,9,Never-married,Craft-repair,Own-child,White,Male,0,0,50,United-States,<=50K
37,Self-emp-inc,317580,HS-grad,9,Married-civ-spouse,Craft-repair,Husband,White,Male,0,0,40,United-States,<=50K
76,,28221,HS-grad,9,Married-civ-spouse,,Husband,White,Male,0,0,40,Canada,>50K
46,Private,160647,Bachelors,13,Widowed,Tech-support,Unmarried,White,Female,0,0,38,United-States,<=50K
41,Self-emp-not-inc,150533,Prof-school,15,Married-civ-spouse,Prof-specialty,Husband,White,Male,0,0,50,United-States,>50K
23,,296613,Some-college,10,Never-married,,Own-child,White,Female,0,0,32,United-States,<=50K
28,Private,37821,Assoc-voc,11,Never-married,Sales,Unmarried,White,Female,0,0,55,,<=50K
42,Private,143046,HS-grad,9,Never-married,Other-service,Own-child,White,Female,0,0,40,United-States,<=50K
45,Private,39464,HS-grad,9,Divorced,Adm-clerical,Unmarried,White,Female,0,0,40,United-States,<=50K
43,Local-gov,233865,HS-grad,9,Married-civ-spouse,Exec-managerial,Husband,White,Male,0,0,40,United-States,>50K
24,Private,199336,HS-grad,9,Never-married,Craft-repair,Unmarried,White,Male,0,0,45,United-States,<=50K
47,Private,252079,Bachelors,13,Married-civ-spouse,Machine-op-inspct,Husband,White,Male,7688,0,44,United-States,>50K
19,Private,28145,HS-grad,9,Never-married,Other-service,Own-child,White,Female,0,0,52,United-States,<=50K
26,Private,231638,HS-grad,9,Never-married,Exec-managerial,Own-child,White,Female,0,0,40,United-States,<=50K
34,,166545,Some-college,10,Married-civ-spouse,,Wife,White,Female,7688,0,6,United-States,>50K
53,Private,103950,Masters,14,Divorced,Prof-specialty,Not-in-family,White,Female,0,0,40,United-States,<=50K
21,Private,227307,HS-grad,9,Married-civ-spouse,Adm-clerical,Wife,White,Female,0,0,43,United-States,>50K
33,Private,31573,HS-grad,9,Married-civ-spouse,Machine-op-inspct,Husband,White,Male,0,0,40,United-States,<=50K
39,Private,341741,Preschool,1,Never-married,Other-service,Not-in-family,White,Female,0,0,12,United-States,<=50K
52,Local-gov,143533,7th-8th,4,Never-married,Other-service,Other-relative,Black,Female,0,0,40,United-States,<=50K
27,Private,212895,Some-college,10,Never-married,Craft-repair,Not-in-family,White,Male,0,0,40,United-States,<=50K
62,Local-gov,136787,HS-grad,9,Divorced,Transport-moving,Other-relative,White,Male,0,0,40,United-States,<=50K
25,Private,181814,HS-grad,9,Never-married,Craft-repair,Other-relative,White,Female,0,0,40,United-States,<=50K
46,Local-gov,303918,HS-grad,9,Married-civ-spouse,Protective-serv,Husband,White,Male,7688,0,96,United-States,>50K
48,State-gov,212954,Masters,14,Married-civ-spouse,Prof-specialty,Husband,White,Male,15024,0,40,United-States,>50K
65,Self-emp-not-inc,78875,Some-college,10,Married-civ-spouse,Exec-managerial,Husband,White,Male,2290,0,40,United-States,<=50K
60,Private,96099,Some-college,10,Married-civ-spouse,Sales,Husband,White,Male,0,0,40,United-States,>50K
34,Private,399386,Assoc-voc,11,Married-civ-spouse,Craft-repair,Husband,White,Male,0,0,53,United-States,<=50K
30,Self-emp-not-inc,45427,Assoc-voc,11,Divorced,Craft-repair,Not-in-family,White,Male,0,0,49,United-States,<=50K
43,Private,209894,HS-grad,9,Married-civ-spouse,Adm-clerical,Wife,White,Female,0,0,40,United-States,>50K
24,Private,249351,HS-grad,9,Married-civ-spouse,Machine-op-inspct,Wife,White,Female,0,0,40,United-States,<=50K
46,Private,328669,Assoc-voc,11,Married-civ-spouse,Craft-repair,Husband,White,Male,0,0,42,United-States,<=50K
42,State-gov,55764,Assoc-acdm,12,Divorced,Prof-specialty,Not-in-family,Black,Male,0,0,40,United-States,<=50K
36,State-gov,340091,Doctorate,16,Married-civ-spouse,Prof-specialty,Wife,White,Female,0,0,36,United-States,>50K
22,Private,205940,Bachelors,13,Never-married,Adm-clerical,Own-child,White,Female,1055,0,30,United-States,<=50K
45,Self-emp-inc,212954,Some-college,10,Married-civ-spouse,Farming-fishing,Husband,White,Male,0,0,50,United-States,<=50K
39,Private,184659,HS-grad,9,Married-civ-spouse,Machine-op-inspct,Husband,White,Male,0,0,40,United-States,<=50K
36,Private,172129,9th,5,Married-civ-spouse,Handlers-cleaners,Husband,White,Male,0,0,40,United-States,<=50K
36,Private,189703,HS-grad,9,Married-civ-spouse,Handlers-cleaners,Husband,White,Male,0,0,60,United-States,>50K
37,Private,66304,9th,5,Married-civ-spouse,Protective-serv,Husband,White,Male,0,0,16,United-States,<=50K
22,Private,112847,HS-grad,9,Never-married,Adm-clerical,Own-child,Asian-Pac-Islander,Male,0,0,40,United-States,<=50K
60,,162397,Some-college,10,Married-civ-spouse,,Husband,White,Male,0,0,2,United-States,<=50K
33,Private,125249,HS-grad,9,Separated,Protective-serv,Own-child,White,Female,0,0,40,United-States,<=50K
22,Private,48988,Some-college,10,Never-married,Transport-moving,Not-in-family,White,Male,0,0,40,United-States,<=50K
37,State-gov,122493,HS-grad,9,Married-civ-spouse,Protective-serv,Husband,White,Male,0,0,55,United-States,>50K
28,Private,164575,Some-college,10,Married-civ-spouse,Adm-clerical,Husband,White,Male,0,0,40,United-States,<=50K
39,Private,111499,Bachelors,13,Never-married,Exec-managerial,Not-in-family,White,Female,0,0,40,United-States,<=50K
40,Private,87771,HS-grad,9,Married-civ-spouse,Craft-repair,Wife,White,Female,0,1628,45,United-States,<=50K
43,Self-emp-not-inc,247752,Masters,14,Married-civ-spouse,Sales,Husband,White,Male,0,0,60,United-States,<=50K
26,Private,34161,Some-college,10,Never-married,Other-service,Unmarried,White,Female,0,0,40,United-States,<=50K
35,Private,217274,Some-college,10,Married-civ-spouse,Machine-op-inspct,Husband,White,Male,0,0,50,United-States,<=50K
48,Private,245948,HS-grad,9,Never-married,Machine-op-inspct,Not-in-family,Black,Female,2174,0,40,United-States,<=50K
58,State-gov,259929,Doctorate,16,Never-married,Exec-managerial,Not-in-family,White,Female,0,0,43,United-States,>50K
35,Private,343403,Doctorate,16,Married-civ-spouse,Tech-support,Wife,White,Female,0,0,20,,<=50K
17,Private,207791,10th,6,Never-married,Handlers-cleaners,Own-child,White,Male,0,0,20,United-States,<=50K
31,Private,113364,HS-grad,9,Married-civ-spouse,Craft-repair,Husband,White,Male,0,0,40,United-States,>50K
46,Private,315423,Some-college,10,Married-civ-spouse,Sales,Husband,White,Male,0,2042,50,United-States,<=50K
21,Private,274398,Assoc-voc,11,Never-married,Adm-clerical,Own-child,Black,Female,0,0,40,United-States,<=50K
37,State-gov,26898,Assoc-acdm,12,Never-married,Adm-clerical,Not-in-family,White,Female,0,0,40,United-States,<=50K
43,State-gov,165309,HS-grad,9,Married-civ-spouse,Protective-serv,Husband,White,Male,0,0,40,United-States,<=50K
54,Self-emp-inc,357596,Bachelors,13,Married-civ-spouse,Exec-managerial,Husband,White,Male,7298,0,55,United-States,>50K
50,Local-gov,163576,Masters,14,Never-married,Prof-specialty,Not-in-family,White,Female,0,0,50,United-States,>50K
34,Self-emp-not-inc,213226,Bachelors,13,Married-civ-spouse,Exec-managerial,Husband,White,Male,0,1485,35,,<=50K
32,Private,19447,HS-grad,9,Married-civ-spouse,Sales,Wife,White,Female,0,0,40,United-States,<=50K
31,Private,375221,11th,7,Never-married,Transport-moving,Not-in-family,Black,Male,0,0,35,United-States,<=50K
26,Private,148298,HS-grad,9,Never-married,Exec-managerial,Not-in-family,White,Female,0,0,50,United-States,<=50K
30,Private,149368,HS-grad,9,Divorced,Sales,Unmarried,White,Male,1151,0,30,United-States,<=50K
28,Private,116372,Bachelors,13,Never-married,Exec-managerial,Not-in-family,White,Female,0,0,60,United-States,<=50K
41,Private,264663,Some-college,10,Separated,Prof-specialty,Own-child,White,Female,0,3900,40,United-States,<=50K
51,Local-gov,74784,Some-college,10,Widowed,Adm-clerical,Not-in-family,White,Female,0,0,40,United-States,<=50K
24,Private,307133,Some-college,10,Married-civ-spouse,Transport-moving,Husband,White,Male,0,0,40,,<=50K
27,Private,73587,HS-grad,9,Never-married,Handlers-cleaners,Not-in-family,Black,Male,0,0,35,United-States,<=50K
24,Private,199005,HS-grad,9,Never-married,Other-service,Own-child,White,Male,0,0,25,United-States,<=50K
33,Private,96635,Some-college,10,Never-married,Sales,Not-in-family,Asian-Pac-Islander,Male,0,0,26,South,<=50K
48,Local-gov,127921,Bachelors,13,Married-civ-spouse,Prof-specialty,Husband,White,Male,0,0,40,United-States,<=50K
44,Local-gov,196797,Bachelors,13,Married-civ-spouse,Prof-specialty,Wife,Black,Female,0,0,36,United-States,>50K
37,,50862,HS-grad,9,Married-civ-spouse,,Husband,White,Male,0,0,55,United-States,<=50K
29,Private,114870,Some-college,10,Divorced,Craft-repair,Own-child,White,Male,0,0,40,United-States,<=50K
17,,34019,10th,6,Never-married,,Own-child,White,Male,0,0,20,United-States,<=50K
45,Private,144579,Bachelors,13,Married-civ-spouse,Prof-specialty,Husband,White,Male,0,0,40,United-States,>50K
34,Private,121321,HS-grad,9,Married-civ-spouse,Transport-moving,Husband,White,Male,0,0,50,United-States,>50K
44,Private,152629,Bachelors,13,Married-civ-spouse,Adm-clerical,Husband,White,Male,3103,0,40,United-States,>50K
20,Private,341294,Some-college,10,Never-married,Protective-serv,Own-child,White,Male,0,0,40,United-States,<=50K
28,Private,113839,Some-college,10,Married-civ-spouse,Sales,Husband,White,Male,0,0,40,United-States,<=50K
47,Private,73394,Some-college,10,Married-civ-spouse,Exec-managerial,Wife,White,Female,0,0,50,United-States,<=50K
38,Federal-gov,216924,Assoc-voc,11,Married-civ-spouse,Craft-repair,Husband,White,Male,0,0,40,United-States,<=50K
38,Private,313914,Bachelors,13,Separated,Farming-fishing,Unmarried,White,Female,0,0,45,United-States,<=50K
42,Federal-gov,177937,Bachelors,13,Never-married,Prof-specialty,Not-in-family,White,Male,0,0,40,,<=50K
22,Private,495288,HS-grad,9,Never-married,Adm-clerical,Own-child,White,Female,0,0,38,United-States,<=50K
59,Private,38573,Some-college,10,Married-civ-spouse,Exec-managerial,Husband,White,Male,0,0,40,United-States,>50K
22,Private,198366,HS-grad,9,Married-civ-spouse,Sales,Husband,Black,Male,0,0,20,United-States,<=50K
24,Private,211968,Bachelors,13,Never-married,Tech-support,Not-in-family,White,Female,0,0,40,United-States,<=50K
55,Private,217802,Some-college,10,Married-civ-spouse,Adm-clerical,Husband,Black,Male,0,0,25,United-States,<=50K
19,Private,206399,HS-grad,9,Never-married,Machine-op-inspct,Own-child,Black,Female,0,0,40,United-States,<=50K
20,Private,374116,11th,7,Never-married,Sales,Own-child,White,Female,0,0,40,United-States,<=50K
65,Self-emp-inc,184965,Doctorate,16,Married-civ-spouse,Exec-managerial,Husband,White,Male,99999,0,40,United-States,>50K
33,Private,336061,HS-grad,9,Married-civ-spouse,Exec-managerial,Husband,White,Male,0,0,50,United-States,<=50K
45,Private,117310,HS-grad,9,Married-civ-spouse,Exec-managerial,Wife,White,Female,0,0,50,United-States,>50K
51,Self-emp-inc,110327,11th,7,Married-civ-spouse,Craft-repair,Husband,White,Male,0,0,60,United-States,>50K
65,Private,198766,Masters,14,Married-civ-spouse,Sales,Husband,White,Male,20051,0,40,United-States,>50K
32,Self-emp-inc,110331,HS-grad,9,Married-civ-spouse,Sales,Husband,White,Male,0,0,65,United-States,>50K
28,Private,102533,Some-college,10,Separated,Handlers-cleaners,Not-in-family,Black,Male,0,0,40,United-States,<=50K
41,Private,718736,Some-college,10,Widowed,Other-service,Unmarried,White,Female,0,0,40,United-States,<=50K
37,Federal-gov,239409,HS-grad,9,Divorced,Exec-managerial,Not-in-family,White,Male,0,0,40,United-States,>50K
37,Private,134088,Assoc-acdm,12,Never-married,Adm-clerical,Not-in-family,White,Female,0,0,40,United-States,<=50K
31,Private,109428,Assoc-acdm,12,Married-civ-spouse,Adm-clerical,Wife,White,Female,0,1740,40,United-States,<=50K
39,Private,484475,11th,7,Never-married,Craft-repair,Not-in-family,Black,Male,0,0,40,United-States,<=50K
51,Private,94081,HS-grad,9,Never-married,Craft-repair,Not-in-family,White,Male,0,0,40,United-States,>50K
43,Private,206139,Bachelors,13,Married-civ-spouse,Prof-specialty,Husband,White,Male,0,0,50,United-States,>50K
50,Local-gov,66544,Masters,14,Divorced,Prof-specialty,Unmarried,White,Female,0,0,65,United-States,<=50K
30,State-gov,48214,Masters,14,Married-civ-spouse,Prof-specialty,Wife,White,Female,0,0,50,United-States,>50K
42,Self-emp-not-inc,116197,HS-grad,9,Married-civ-spouse,Craft-repair,Husband,White,Male,0,0,40,United-States,<=50K
67,Private,268781,Bachelors,13,Married-civ-spouse,Adm-clerical,Husband,White,Male,0,1510,8,United-States,<=50K
44,Private,310255,Some-college,10,Married-civ-spouse,Craft-repair,Husband,White,Male,0,0,60,United-States,>50K
36,Private,311255,HS-grad,9,Married-civ-spouse,Machine-op-inspct,Husband,Black,Male,0,0,40,Haiti,<=50K
49,Private,235683,Some-college,10,Married-civ-spouse,Sales,Wife,White,Female,0,0,40,United-States,>50K
49,Private,28171,Masters,14,Married-civ-spouse,Protective-serv,Husband,White,Male,15024,0,78,United-States,>50K
51,Local-gov,123325,Prof-school,15,Widowed,Prof-specialty,Not-in-family,White,Female,0,0,40,United-States,<=50K
31,Private,43819,Bachelors,13,Married-civ-spouse,Exec-managerial,Wife,White,Female,0,0,40,United-States,>50K
27,Private,538193,11th,7,Never-married,Prof-specialty,Not-in-family,Asian-Pac-Islander,Female,0,0,50,United-States,<=50K
30,Local-gov,183000,Masters,14,Married-civ-spouse,Prof-specialty,Husband,White,Male,0,0,45,United-States,<=50K
21,Private,156687,Some-college,10,Never-married,Sales,Own-child,Asian-Pac-Islander,Male,0,0,30,India,<=50K
49,Private,143459,9th,5,Separated,Handlers-cleaners,Own-child,White,Male,0,0,38,United-States,<=50K
47,Federal-gov,402975,Some-college,10,Married-civ-spouse,Exec-managerial,Husband,Black,Male,0,0,40,United-States,<=50K
41,Private,112507,10th,6,Married-civ-spouse,Transport-moving,Husband,White,Male,0,0,60,United-States,<=50K
19,,143867,Some-college,10,Never-married,,Own-child,White,Male,0,0,40,United-States,<=50K
25,Private,289980,HS-grad,9,Never-married,Handlers-cleaners,Not-in-family,White,Male,0,0,35,United-States,<=50K
22,,77873,9th,5,Never-married,,Not-in-family,White,Male,0,0,30,United-States,<=50K
40,Private,259757,Some-college,10,Married-civ-spouse,Sales,Husband,White,Male,0,0,50,United-States,<=50K
26,Self-emp-not-inc,318644,Prof-school,15,Never-married,Prof-specialty,Own-child,White,Male,0,0,20,United-States,<=50K
27,Private,386040,Assoc-voc,11,Married-civ-spouse,Craft-repair,Husband,White,Male,0,0,40,Mexico,<=50K
23,Private,314894,HS-grad,9,Never-married,Exec-managerial,Own-child,White,Female,0,0,45,United-States,<=50K
52,Private,384959,Some-college,10,Married-civ-spouse,Transport-moving,Husband,White,Male,0,0,36,United-States,>50K
17,Private,117798,10th,6,Never-married,Other-service,Own-child,White,Male,0,0,20,United-States,<=50K
41,Private,266530,HS-grad,9,Married-civ-spouse,Other-service,Husband,Amer-Indian-Eskimo,Male,0,0,45,United-States,<=50K
49,Private,315984,HS-grad,9,Married-civ-spouse,Machine-op-inspct,Husband,White,Male,0,0,40,United-States,<=50K
36,Private,201769,11th,7,Never-married,Protective-serv,Not-in-family,Black,Male,13550,0,40,United-States,>50K
43,Private,173321,HS-grad,9,Divorced,Adm-clerical,Not-in-family,White,Female,0,0,40,United-States,<=50K
45,Local-gov,311080,Some-college,10,Married-civ-spouse,Adm-clerical,Husband,White,Male,0,0,40,United-States,>50K
20,Private,171398,10th,6,Never-married,Sales,Not-in-family,Other,Male,0,0,40,United-States,<=50K
18,Self-emp-inc,147612,HS-grad,9,Never-married,Farming-fishing,Own-child,White,Female,0,0,8,United-States,<=50K
52,Local-gov,230095,Some-college,10,Married-civ-spouse,Prof-specialty,Wife,White,Female,0,0,40,United-States,<=50K
38,Local-gov,227154,Bachelors,13,Married-civ-spouse,Craft-repair,Husband,Asian-Pac-Islander,Male,0,0,40,Philippines,<=50K
32,Private,137184,Some-college,10,Married-civ-spouse,Craft-repair,Husband,White,Male,0,0,40,United-States,<=50K
27,Private,229803,HS-grad,9,Never-married,Craft-repair,Own-child,Black,Male,0,0,40,United-States,<=50K
24,Private,172594,Bachelors,13,Never-married,Adm-clerical,Own-child,White,Female,0,0,40,United-States,<=50K
25,Private,131976,Bachelors,13,Never-married,Exec-managerial,Own-child,White,Male,0,0,55,United-States,<=50K
26,Private,306225,Bachelors,13,Never-married,Exec-managerial,Not-in-family,Asian-Pac-Islander,Female,0,0,40,Poland,<=50K
30,Local-gov,289442,HS-grad,9,Never-married,Protective-serv,Not-in-family,White,Male,0,0,40,United-States,<=50K
42,Private,130126,Some-college,10,Married-civ-spouse,Exec-managerial,Husband,White,Male,0,0,40,United-States,<=50K
52,Private,208302,HS-grad,9,Married-civ-spouse,Sales,Husband,White,Male,0,0,36,United-States,<=50K
44,Private,467799,HS-grad,9,Married-civ-spouse,Craft-repair,Husband,White,Male,0,0,40,United-States,<=50K
26,Private,43408,Bachelors,13,Married-civ-spouse,Prof-specialty,Husband,White,Male,0,0,40,United-States,<=50K
44,Private,77313,HS-grad,9,Divorced,Adm-clerical,Unmarried,White,Female,0,0,40,United-States,<=50K
26,Private,173593,Masters,14,Married-civ-spouse,Machine-op-inspct,Husband,White,Male,0,0,20,Canada,<=50K
56,Self-emp-not-inc,356067,Masters,14,Never-married,Sales,Not-in-family,White,Male,0,0,16,United-States,<=50K
54,Local-gov,137691,HS-grad,9,Married-civ-spouse,Craft-repair,Husband,White,Male,0,0,40,United-States,>50K
31,Self-emp-inc,112564,Some-college,10,Never-married,Sales,Other-relative,White,Male,0,0,40,,<=50K
52,Private,202930,Bachelors,13,Divorced,Exec-managerial,Not-in-family,White,Male,0,0,40,United-States,>50K
35,Local-gov,230754,Masters,14,Never-married,Prof-specialty,Own-child,Black,Female,0,0,40,United-States,<=50K
41,Private,195897,Some-college,10,Married-civ-spouse,Sales,Husband,White,Male,0,0,50,United-States,<=50K
23,Private,235894,11th,7,Married-civ-spouse,Exec-managerial,Husband,White,Male,0,0,55,United-States,<=50K
32,Local-gov,56658,HS-grad,9,Never-married,Transport-moving,Not-in-family,Amer-Indian-Eskimo,Male,0,0,40,United-States,<=50K
62,Federal-gov,34916,Some-college,10,Married-civ-spouse,Prof-specialty,Husband,White,Male,0,0,40,United-States,>50K
38,Self-emp-not-inc,177907,HS-grad,9,Married-civ-spouse,Sales,Husband,White,Male,0,0,40,United-States,<=50K
39,Private,49020,Bachelors,13,Married-civ-spouse,Sales,Husband,White,Male,3103,0,48,United-States,>50K
33,Private,53042,12th,8,Never-married,Craft-repair,Own-child,Black,Male,0,0,40,United-States,<=50K
38,Self-emp-inc,478829,Prof-school,15,Married-civ-spouse,Prof-specialty,Husband,White,Male,99999,0,50,United-States,>50K
52,Federal-gov,53905,HS-grad,9,Divorced,Adm-clerical,Not-in-family,White,Female,0,0,40,United-States,<=50K
35,Private,110668,HS-grad,9,Married-civ-spouse,Machine-op-inspct,Wife,Black,Female,0,0,35,United-States,<=50K
43,Private,174524,HS-grad,9,Married-civ-spouse,Machine-op-inspct,Husband,White,Male,0,0,40,United-States,>50K
28,Private,42881,10th,6,Divorced,Machine-op-inspct,Own-child,White,Female,0,0,40,United-States,<=50K
32,Local-gov,100135,HS-grad,9,Divorced,Adm-clerical,Unmarried,White,Female,0,0,40,United-States,<=50K
21,,278130,Some-college,10,Never-married,,Own-child,White,Male,0,0,40,United-States,<=50K
31,Private,175778,Assoc-acdm,12,Never-married,Adm-clerical,Not-in-family,White,Female,0,0,40,United-States,<=50K
45,Private,186272,9th,5,Married-civ-spouse,Adm-clerical,Husband,Black,Male,5178,0,40,United-States,>50K
40,Private,25005,Bachelors,13,Married-civ-spouse,Prof-specialty,Husband,White,Male,15024,0,99,United-States,>50K
36,Private,51838,Some-college,10,Divorced,Adm-clerical,Unmarried,White,Female,0,0,40,United-States,<=50K
41,Private,116493,Some-college,10,Divorced,Sales,Not-in-family,White,Male,0,0,52,United-States,<=50K
55,Self-emp-inc,160813,HS-grad,9,Separated,Sales,Not-in-family,White,Female,0,0,60,United-States,<=50K
53,Private,92968,Assoc-acdm,12,Separated,Exec-managerial,Unmarried,White,Female,0,0,40,United-States,<=50K
41,Private,265671,HS-grad,9,Divorced,Adm-clerical,Unmarried,White,Female,0,0,40,United-States,<=50K
48,Local-gov,148121,Bachelors,13,Married-spouse-absent,Adm-clerical,Unmarried,Asian-Pac-Islander,Female,0,0,40,Philippines,<=50K
43,,96321,HS-grad,9,Married-civ-spouse,,Husband,White,Male,0,0,40,United-States,>50K
18,Private,675421,9th,5,Never-married,Handlers-cleaners,Own-child,White,Male,594,0,40,United-States,<=50K
32,Private,185480,Assoc-voc,11,Divorced,Other-service,Unmarried,White,Female,0,0,40,United-States,<=50K
37,Self-emp-not-inc,177974,HS-grad,9,Married-civ-spouse,Farming-fishing,Husband,White,Male,3942,0,99,United-States,<=50K
37,Private,71592,HS-grad,9,Never-married,Other-service,Other-relative,Asian-Pac-Islander,Female,0,0,17,United-States,<=50K
36,Private,224531,Bachelors,13,Married-civ-spouse,Sales,Husband,White,Male,0,0,50,United-States,>50K
21,Private,213341,11th,7,Married-spouse-absent,Handlers-cleaners,Own-child,White,Male,0,1762,40,Dominican-Republic,<=50K
37,Self-emp-not-inc,298444,Masters,14,Married-civ-spouse,Prof-specialty,Husband,White,Male,0,0,40,United-States,<=50K
64,,143716,Masters,14,Married-civ-spouse,,Husband,White,Male,0,0,2,United-States,<=50K
40,Private,171234,Assoc-voc,11,Never-married,Prof-specialty,Unmarried,White,Female,0,0,24,United-States,<=50K
41,Local-gov,66118,Some-college,10,Married-civ-spouse,Transport-moving,Wife,White,Female,0,0,25,United-States,<=50K
27,Private,321577,HS-grad,9,Never-married,Adm-clerical,Own-child,Black,Female,0,0,40,United-States,<=50K
31,Private,20511,Bachelors,13,Never-married,Other-service,Not-in-family,White,Female,0,0,25,United-States,<=50K
21,,509629,Some-college,10,Never-married,,Own-child,White,Female,0,0,35,United-States,<=50K
32,State-gov,200469,Some-college,10,Never-married,Protective-serv,Unmarried,Black,Female,3887,0,40,United-States,<=50K
52,Private,117295,1st-4th,2,Married-civ-spouse,Exec-managerial,Husband,White,Male,0,0,50,United-States,>50K
49,Private,139268,Some-college,10,Never-married,Craft-repair,Own-child,White,Male,0,0,40,United-States,<=50K
45,Private,267967,Bachelors,13,Married-civ-spouse,Prof-specialty,Husband,White,Male,0,0,45,United-States,>50K
41,Private,221947,Some-college,10,Married-civ-spouse,Craft-repair,Husband,White,Male,0,0,56,United-States,>50K
42,Private,270721,Bachelors,13,Never-married,Prof-specialty,Not-in-family,White,Male,0,0,32,United-States,<=50K
63,,29859,HS-grad,9,Married-civ-spouse,,Husband,White,Male,0,1485,40,United-States,>50K
18,Private,430930,11th,7,Never-married,Priv-house-serv,Own-child,White,Female,0,0,6,United-States,<=50K
66,Self-emp-inc,185369,10th,6,Married-civ-spouse,Sales,Husband,White,Male,0,0,30,United-States,<=50K
22,Private,202153,Some-college,10,Never-married,Other-service,Own-child,White,Female,0,0,40,United-States,<=50K
34,Private,193132,HS-grad,9,Divorced,Machine-op-inspct,Not-in-family,White,Female,0,0,50,United-States,<=50K
34,Private,340665,Some-college,10,Married-civ-spouse,Machine-op-inspct,Husband,Black,Male,0,2057,35,United-States,<=50K
24,Private,60783,Some-college,10,Married-civ-spouse,Transport-moving,Husband,White,Male,0,0,70,United-States,>50K
41,Private,184378,HS-grad,9,Separated,Craft-repair,Not-in-family,White,Male,0,0,40,United-States,<=50K
42,Private,238384,HS-grad,9,Divorced,Tech-support,Unmarried,White,Female,0,0,36,United-States,<=50K
38,Private,59660,Bachelors,13,Married-civ-spouse,Sales,Husband,White,Male,7298,0,40,United-States,>50K
45,Private,230979,Some-college,10,Married-spouse-absent,Adm-clerical,Not-in-family,White,Female,0,0,40,United-States,<=50K
29,Local-gov,115305,Assoc-voc,11,Married-civ-spouse,Protective-serv,Husband,White,Male,7688,0,40,United-States,>50K
42,Self-emp-not-inc,185129,Prof-school,15,Married-civ-spouse,Prof-specialty,Husband,White,Male,0,1887,40,United-States,>50K
20,Private,227554,Some-college,10,Married-spouse-absent,Sales,Own-child,Black,Female,0,0,18,United-States,<=50K
27,Private,84977,HS-grad,9,Married-civ-spouse,Craft-repair,Husband,White,Male,0,0,40,United-States,<=50K
35,Private,228881,HS-grad,9,Never-married,Craft-repair,Other-relative,Other,Male,0,0,40,Puerto-Rico,<=50K
30,Private,350979,HS-grad,9,Married-civ-spouse,Craft-repair,Husband,Asian-Pac-Islander,Male,0,0,40,Laos,<=50K
35,Private,101073,Some-college,10,Married-civ-spouse,Transport-moving,Husband,White,Male,0,0,45,United-States,>50K
45,Private,151267,Bachelors,13,Never-married,Adm-clerical,Not-in-family,Black,Female,0,0,40,United-States,>50K
44,Private,203761,Bachelors,13,Never-married,Prof-specialty,Own-child,White,Male,10520,0,40,United-States,>50K
46,,110243,Masters,14,Married-civ-spouse,,Husband,White,Male,0,1977,20,United-States,>50K
42,Private,77373,Some-college,10,Married-civ-spouse,Handlers-cleaners,Husband,White,Male,0,0,38,United-States,<=50K
34,Private,84119,HS-grad,9,Never-married,Craft-repair,Own-child,White,Male,0,0,40,United-States,<=50K
30,Federal-gov,49398,Bachelors,13,Married-civ-spouse,Prof-specialty,Husband,White,Male,0,0,40,United-States,>50K
27,State-gov,192355,Bachelors,13,Never-married,Prof-specialty,Not-in-family,White,Male,0,0,50,United-States,<=50K
42,Private,89226,Assoc-voc,11,Married-civ-spouse,Transport-moving,Husband,White,Male,0,0,45,United-States,>50K
46,Self-emp-not-inc,225065,Bachelors,13,Separated,Other-service,Unmarried,White,Female,0,0,45,Nicaragua,<=50K
36,Private,207853,HS-grad,9,Divorced,Craft-repair,Own-child,White,Male,0,0,40,United-States,<=50K
38,Private,31069,Assoc-voc,11,Married-civ-spouse,Craft-repair,Husband,White,Male,4386,0,40,United-States,>50K
54,Local-gov,182543,Some-college,10,Widowed,Adm-clerical,Unmarried,White,Female,0,0,40,Mexico,<=50K
26,Private,166051,Bachelors,13,Never-married,Adm-clerical,Own-child,White,Female,0,0,40,United-States,<=50K
53,Self-emp-not-inc,138022,11th,7,Divorced,Craft-repair,Not-in-family,White,Male,0,0,60,United-States,<=50K
41,Private,187795,Some-college,10,Married-civ-spouse,Craft-repair,Husband,White,Male,0,1977,60,United-States,>50K
46,Private,102318,Some-college,10,Married-civ-spouse,Transport-moving,Husband,White,Male,0,1887,40,United-States,>50K
40,Private,37618,Some-college,10,Married-civ-spouse,Craft-repair,Husband,White,Male,0,0,40,,<=50K
51,Private,174754,HS-grad,9,Never-married,Other-service,Not-in-family,Black,Female,0,0,38,United-States,<=50K
65,Private,209831,Assoc-voc,11,Married-civ-spouse,Adm-clerical,Wife,White,Female,0,0,40,United-States,<=50K
19,Private,100009,Some-college,10,Never-married,Sales,Own-child,White,Female,0,0,15,United-States,<=50K
31,Private,27856,HS-grad,9,Never-married,Other-service,Unmarried,White,Female,0,0,8,United-States,<=50K
19,Private,458558,HS-grad,9,Married-civ-spouse,Craft-repair,Wife,White,Female,0,0,40,United-States,<=50K
53,Private,261207,HS-grad,9,Married-civ-spouse,Other-service,Husband,White,Male,0,0,40,Peru,<=50K
31,Private,100734,Doctorate,16,Never-married,Prof-specialty,Not-in-family,White,Female,0,0,28,United-States,<=50K
41,Private,213351,HS-grad,9,Married-civ-spouse,Exec-managerial,Husband,White,Male,0,0,40,United-States,<=50K
51,Private,84278,Bachelors,13,Married-civ-spouse,Prof-specialty,Husband,White,Male,0,0,55,United-States,>50K
55,Private,255364,Some-college,10,Married-civ-spouse,Exec-managerial,Husband,White,Male,0,0,60,United-States,>50K
17,Private,128617,10th,6,Never-married,Handlers-cleaners,Own-child,White,Male,0,0,26,United-States,<=50K
36,Self-emp-not-inc,609935,Bachelors,13,Married-civ-spouse,Transport-moving,Husband,Black,Male,0,0,48,,<=50K
40,Private,217120,10th,6,Divorced,Craft-repair,Not-in-family,White,Male,0,0,50,United-States,<=50K
45,Private,175925,HS-grad,9,Married-civ-spouse,Craft-repair,Husband,White,Male,0,0,40,United-States,<=50K
50,Self-emp-inc,82578,Bachelors,13,Married-civ-spouse,Exec-managerial,Husband,White,Male,0,0,40,United-States,>50K
38,Private,167440,HS-grad,9,Married-civ-spouse,Machine-op-inspct,Husband,White,Male,0,0,40,United-States,<=50K
34,Private,148291,HS-grad,9,Married-civ-spouse,Tech-support,Wife,White,Female,0,0,32,United-States,<=50K
44,Private,54271,HS-grad,9,Married-civ-spouse,Exec-managerial,Husband,White,Male,0,0,40,United-States,<=50K
50,Self-emp-inc,304955,Bachelors,13,Married-civ-spouse,Sales,Husband,White,Male,0,0,60,United-States,>50K
17,Private,111593,11th,7,Never-married,Sales,Own-child,White,Female,0,0,8,United-States,<=50K
58,Private,109015,Some-college,10,Divorced,Adm-clerical,Unmarried,White,Female,0,0,40,United-States,<=50K
48,Private,266764,Some-college,10,Married-civ-spouse,Craft-repair,Husband,White,Male,0,0,45,United-States,>50K
17,Self-emp-inc,61838,10th,6,Never-married,Craft-repair,Own-child,White,Male,0,0,40,United-States,<=50K
22,,229997,Some-college,10,Married-spouse-absent,,Unmarried,Black,Female,0,0,40,United-States,<=50K
28,Private,171067,HS-grad,9,Never-married,Handlers-cleaners,Own-child,White,Female,0,0,40,United-States,<=50K
66,,175891,9th,5,Married-civ-spouse,,Husband,White,Male,0,0,40,United-States,<=50K
43,Local-gov,247514,Masters,14,Divorced,Prof-specialty,Unmarried,White,Male,0,0,40,United-States,<=50K
33,Private,142383,Assoc-acdm,12,Never-married,Sales,Not-in-family,Other,Male,0,0,36,United-States,<=50K
39,Private,200598,Bachelors,13,Married-civ-spouse,Exec-managerial,Husband,White,Male,0,0,55,United-States,<=50K
28,Private,66473,HS-grad,9,Divorced,Machine-op-inspct,Own-child,White,Male,0,0,40,United-States,<=50K
52,Private,157413,1st-4th,2,Divorced,Farming-fishing,Not-in-family,Black,Male,0,0,40,United-States,<=50K
44,Private,122381,Some-college,10,Married-civ-spouse,Other-service,Husband,White,Male,0,0,40,United-States,<=50K
26,Private,58098,Some-college,10,Never-married,Adm-clerical,Not-in-family,White,Female,0,1974,40,United-States,<=50K
25,Private,182866,HS-grad,9,Never-married,Handlers-cleaners,Own-child,White,Male,0,0,40,United-States,<=50K
27,Self-emp-inc,214974,HS-grad,9,Married-civ-spouse,Craft-repair,Husband,White,Male,0,0,60,United-States,<=50K
38,Private,129573,HS-grad,9,Married-civ-spouse,Craft-repair,Husband,White,Male,0,0,41,United-States,<=50K
31,Self-emp-not-inc,55912,9th,5,Never-married,Craft-repair,Unmarried,White,Male,0,0,47,United-States,<=50K
46,Local-gov,232220,Masters,14,Divorced,Exec-managerial,Not-in-family,White,Male,0,0,50,United-States,>50K
32,Private,156464,HS-grad,9,Married-civ-spouse,Craft-repair,Husband,White,Male,0,0,40,United-States,<=50K
54,Local-gov,449172,Bachelors,13,Divorced,Exec-managerial,Not-in-family,Black,Male,0,0,40,United-States,<=50K
52,Private,145409,HS-grad,9,Married-civ-spouse,Craft-repair,Husband,White,Male,0,0,40,United-States,<=50K
22,,140001,HS-grad,9,Never-married,,Own-child,White,Male,0,0,40,United-States,<=50K
44,Federal-gov,113597,Some-college,10,Married-civ-spouse,Exec-managerial,Husband,White,Male,0,0,55,United-States,>50K
42,Self-emp-not-inc,30759,HS-grad,9,Married-civ-spouse,Craft-repair,Husband,White,Male,0,0,35,United-States,<=50K
31,Self-emp-not-inc,247088,HS-grad,9,Separated,Craft-repair,Own-child,Black,Male,0,0,50,United-States,<=50K
28,Private,141957,Bachelors,13,Married-civ-spouse,Prof-specialty,Husband,White,Male,0,0,50,United-States,<=50K
23,Private,57898,Some-college,10,Never-married,Farming-fishing,Not-in-family,White,Male,0,0,30,United-States,<=50K
82,Self-emp-not-inc,121944,7th-8th,4,Married-civ-spouse,Exec-managerial,Husband,White,Male,0,0,40,United-States,<=50K
38,Private,193026,HS-grad,9,Never-married,Other-service,Unmarried,White,Male,0,1408,40,,<=50K
59,Federal-gov,200700,Assoc-acdm,12,Married-civ-spouse,Farming-fishing,Husband,Black,Male,0,0,40,United-States,<=50K
21,,231286,Some-college,10,Never-married,,Own-child,Black,Male,0,0,25,Jamaica,<=50K
47,Self-emp-not-inc,182474,HS-grad,9,Married-civ-spouse,Exec-managerial,Wife,White,Female,0,0,36,United-States,<=50K
46,Local-gov,200727,Masters,14,Married-civ-spouse,Prof-specialty,Husband,White,Male,0,0,50,United-States,>50K
45,Private,183786,HS-grad,9,Divorced,Other-service,Unmarried,White,Female,0,0,35,United-States,<=50K
32,Private,177695,Bachelors,13,Married-civ-spouse,Craft-repair,Husband,Asian-Pac-Islander,Male,0,0,45,India,<=50K
49,Private,128132,HS-grad,9,Married-civ-spouse,Sales,Husband,White,Male,0,0,60,United-States,>50K
48,Local-gov,238959,Masters,14,Divorced,Exec-managerial,Unmarried,Black,Female,9562,0,40,United-States,>50K
38,Self-emp-not-inc,255503,11th,7,Divorced,Exec-managerial,Not-in-family,White,Male,0,0,55,United-States,<=50K
17,Private,198124,11th,7,Never-married,Sales,Own-child,White,Male,0,0,20,United-States,<=50K
25,Private,394503,Some-college,10,Married-civ-spouse,Sales,Husband,White,Male,0,0,40,United-States,<=50K
28,,200819,7th-8th,4,Divorced,,Own-child,White,Male,0,0,84,United-States,<=50K
34,Private,23778,Bachelors,13,Divorced,Craft-repair,Unmarried,White,Male,0,0,40,United-States,<=50K
42,Private,159911,HS-grad,9,Divorced,Other-service,Unmarried,White,Female,0,0,40,United-States,<=50K
31,Private,209101,Prof-school,15,Married-civ-spouse,Prof-specialty,Husband,White,Male,0,0,25,United-States,>50K
46,Private,282538,Assoc-voc,11,Separated,Machine-op-inspct,Not-in-family,Black,Female,0,0,40,United-States,<=50K
43,Private,355728,HS-grad,9,Divorced,Machine-op-inspct,Own-child,White,Male,0,0,40,United-States,<=50K
20,Private,281356,HS-grad,9,Married-civ-spouse,Handlers-cleaners,Husband,Other,Male,0,0,40,United-States,<=50K
27,Private,132412,10th,6,Never-married,Machine-op-inspct,Not-in-family,White,Male,0,0,40,,<=50K
41,State-gov,363591,Assoc-voc,11,Married-civ-spouse,Exec-managerial,Husband,White,Male,0,0,40,United-States,<=50K
37,Private,132879,HS-grad,9,Married-civ-spouse,Exec-managerial,Husband,White,Male,0,0,40,United-States,>50K
62,Self-emp-not-inc,171315,Bachelors,13,Married-civ-spouse,Prof-specialty,Husband,White,Male,0,0,60,United-States,>50K
21,Private,366929,HS-grad,9,Married-civ-spouse,Sales,Wife,White,Female,0,0,38,United-States,<=50K
55,State-gov,175127,Bachelors,13,Married-civ-spouse,Adm-clerical,Husband,White,Male,7688,0,38,United-States,>50K
48,Local-gov,273402,7th-8th,4,Married-civ-spouse,Transport-moving,Husband,White,Male,0,1902,40,United-States,<=50K
38,Private,159179,HS-grad,9,Married-civ-spouse,Craft-repair,Husband,White,Male,0,0,40,United-States,<=50K
17,Self-emp-inc,143034,10th,6,Never-married,Other-service,Own-child,White,Male,0,0,4,United-States,<=50K
28,Private,263015,10th,6,Married-civ-spouse,Craft-repair,Husband,White,Male,0,0,40,United-States,<=50K
17,Private,193769,9th,5,Never-married,Other-service,Unmarried,White,Male,0,0,20,United-States,<=50K
24,Private,211527,Bachelors,13,Never-married,Adm-clerical,Not-in-family,White,Male,0,0,30,United-States,<=50K
21,,403860,Some-college,10,Never-married,,Own-child,White,Male,0,0,40,United-States,<=50K
67,Private,123393,11th,7,Married-civ-spouse,Transport-moving,Husband,White,Male,0,0,40,United-States,<=50K
27,Private,127796,5th-6th,3,Never-married,Farming-fishing,Not-in-family,White,Male,0,0,35,Mexico,<=50K
48,Private,118831,HS-grad,9,Divorced,Handlers-cleaners,Unmarried,Asian-Pac-Islander,Female,0,0,40,South,<=50K
28,Private,183627,Some-college,10,Married-civ-spouse,Sales,Husband,White,Male,0,0,50,United-States,<=50K
32,Private,180303,Some-college,10,Married-civ-spouse,Exec-managerial,Husband,Asian-Pac-Islander,Male,0,0,70,South,<=50K
23,Private,224115,Bachelors,13,Never-married,Prof-specialty,Not-in-family,White,Female,0,0,30,United-States,<=50K
35,Private,267866,HS-grad,9,Married-civ-spouse,Sales,Husband,Asian-Pac-Islander,Male,0,1887,50,Iran,>50K
41,Private,172307,9th,5,Married-civ-spouse,Craft-repair,Husband,White,Male,0,0,40,United-States,<=50K
23,Private,278390,Some-college,10,Married-civ-spouse,Sales,Husband,White,Male,0,0,68,United-States,<=50K
41,Private,76625,HS-grad,9,Married-civ-spouse,Craft-repair,Husband,White,Male,0,0,40,United-States,<=50K
54,Private,142169,HS-grad,9,Never-married,Handlers-cleaners,Own-child,White,Male,0,0,40,United-States,<=50K
45,Private,103331,Some-college,10,Married-civ-spouse,Other-service,Husband,White,Male,15024,0,44,United-States,>50K
43,Private,111829,Assoc-voc,11,Never-married,Prof-specialty,Not-in-family,White,Female,0,0,40,United-States,<=50K
28,Private,51461,Bachelors,13,Married-civ-spouse,Adm-clerical,Husband,White,Male,0,1887,40,United-States,>50K
49,Private,247892,Some-college,10,Married-civ-spouse,Craft-repair,Husband,Black,Male,0,0,30,United-States,<=50K
48,Private,232149,Bachelors,13,Divorced,Tech-support,Own-child,White,Female,0,0,40,United-States,<=50K
65,Private,274637,9th,5,Married-civ-spouse,Protective-serv,Husband,White,Male,0,0,16,United-States,<=50K
58,Private,281792,Bachelors,13,Married-civ-spouse,Prof-specialty,Husband,White,Male,0,0,40,United-States,>50K
55,Private,194436,9th,5,Married-civ-spouse,Machine-op-inspct,Wife,White,Female,0,0,40,United-States,<=50K
36,Self-emp-inc,337778,Some-college,10,Married-civ-spouse,Exec-managerial,Husband,White,Male,0,0,60,Yugoslavia,>50K
29,Private,144784,HS-grad,9,Never-married,Other-service,Not-in-family,Black,Female,0,0,40,United-States,<=50K
