MedInc,HouseAge,AveRooms,AveBedrms,Population,AveOccup,Latitude,Longitude,MedHouseVal
4.1518,22.0,5.663072776280323,1.0754716981132075,1551.0,4.180592991913747,32.58,-117.05,1.369
5.7796,32.0,6.107226107226107,0.9277389277389276,1296.0,3.020979020979021,33.92,-117.97,2.413
4.3487,29.0,5.930711610486892,1.0262172284644195,1554.0,2.9101123595505616,38.65,-121.84,2.007
2.4511,37.0,4.992957746478873,1.3169014084507042,390.0,2.7464788732394365,33.2,-115.6,0.725
5.0049,25.0,4.319261213720317,1.0395778364116095,649.0,1.712401055408971,37.79,-122.43,4.6
2.5682,52.0,4.5,1.1226415094339623,218.0,2.056603773584906,37.85,-122.29,1.2
6.0661,16.0,5.992537313432836,0.8955223880597015,1117.0,4.167910447761194,37.58,-122.07,2.47
5.9275,37.0,5.829411764705882,0.973529411764706,794.0,2.335294117647059,34.17,-118.43,3.369
6.3373,12.0,6.59330985915493,1.0625,3329.0,2.930457746478873,37.68,-121.89,3.397
3.9167,44.0,5.443609022556391,1.0,373.0,2.8045112781954886,33.87,-118.33,2.656
3.3333,42.0,4.68976897689769,1.0891089108910892,659.0,2.174917491749175,37.35,-121.95,2.379
2.6012,21.0,6.0398550724637685,1.0978260869565215,861.0,3.119565217391304,36.98,-120.21,0.922
1.2034,52.0,5.582582582582583,1.1861861861861862,968.0,2.906906906906907,34.13,-117.3,0.795
2.483,20.0,6.2781954887218046,1.2105263157894737,290.0,2.180451127819549,37.81,-122.29,1.375
4.4821,33.0,6.22463768115942,1.0434782608695652,421.0,3.050724637681159,34.15,-117.94,2.201
4.7917,36.0,5.970223325062035,1.0818858560794045,1189.0,2.9503722084367245,37.57,-122.3,2.761
7.7854,15.0,7.854721549636804,1.019370460048426,1259.0,3.048426150121065,33.7,-118.03,3.953
1.9063,52.0,3.2007797270955165,1.1111111111111112,1432.0,2.7914230019493176,37.8,-122.4,3.0
2.5417,49.0,4.956521739130435,1.0507246376811594,924.0,2.231884057971014,37.86,-122.27,1.827
3.3565,52.0,4.510948905109489,1.032846715328467,1531.0,1.862530413625304,37.76,-122.43,3.864
2.5859,17.0,4.814634146341463,1.0308943089430895,1911.0,3.107317073170732,32.57,-117.07,1.314
1.8355,29.0,4.487364620938628,1.1263537906137184,836.0,3.0180505415162453,36.68,-119.76,0.742
5.6345,18.0,5.624610591900312,0.956386292834891,2381.0,3.708722741433022,37.33,-121.79,2.31
4.7386,21.0,5.7405405405405405,0.9675675675675676,631.0,3.4108108108108106,37.16,-121.72,3.941
2.9,20.0,4.083333333333333,1.0851063829787233,1607.0,2.849290780141844,33.86,-117.99,1.761
2.369,29.0,4.030534351145038,1.1251908396946564,1795.0,2.740458015267176,34.12,-118.18,1.734
3.2649,17.0,3.835221421215242,1.0535530381050464,2536.0,2.611740473738414,33.91,-118.34,2.021
2.6333,41.0,3.724226804123712,1.056701030927835,1052.0,2.711340206185567,34.29,-119.3,1.708
3.3466,52.0,5.733542319749216,0.9435736677115988,694.0,2.175548589341693,37.96,-121.31,0.926
1.9464,36.0,4.975510204081632,1.053061224489796,639.0,2.608163265306122,37.12,-120.27,0.57
6.2917,39.0,5.312803889789303,1.0243111831442464,1321.0,2.141004862236629,34.02,-118.44,4.657
6.0663,30.0,6.862539349422876,1.0398740818467995,3124.0,3.2780692549842603,33.97,-118.0,3.726
4.5795,43.0,5.866666666666666,1.025,651.0,2.7125,34.01,-118.44,4.0
4.0495,12.0,5.214780600461894,1.0531177829099307,1147.0,2.648960739030023,33.14,-117.13,1.539
2.2202,13.0,5.494140625,1.130859375,1385.0,2.705078125,36.71,-119.25,1.0
1.9911,50.0,5.343675417661098,1.0859188544152745,990.0,2.362768496420048,37.84,-122.26,1.587
4.2324,9.0,6.118727050183598,1.069767441860465,2687.0,3.2888616891064872,38.34,-121.95,1.421
3.8036,14.0,5.851293103448276,1.0775862068965518,1540.0,3.3189655172413794,33.83,-117.11,1.396
3.8427,36.0,4.3644793152639085,1.0791726105563482,2719.0,1.9393723252496435,34.12,-118.15,3.197
2.7171,38.0,8.295454545454545,1.7670454545454546,569.0,3.2329545454545454,38.7,-123.24,1.313
3.0724,45.0,3.0350877192982457,0.7368421052631579,230.0,4.035087719298246,33.98,-118.24,1.107
3.5258,13.0,6.099709583736689,1.0454985479186834,3840.0,3.717328170377541,37.02,-120.06,0.849
2.6726,32.0,5.005102040816326,1.0178571428571428,1005.0,2.563775510204082,36.77,-119.75,0.704
3.9091,19.0,3.557377049180328,0.9442622950819672,1009.0,3.308196721311476,37.4,-122.1,2.76
3.5972,39.0,2.66990291262136,0.8446601941747572,554.0,5.378640776699029,33.75,-117.86,1.58
1.69,18.0,4.423529411764706,1.1458823529411766,994.0,2.3388235294117647,34.14,-116.32,0.542
1.9385,28.0,3.6,1.0392523364485982,1717.0,3.209345794392523,36.67,-121.65,1.232
3.2171,16.0,4.871980676328502,1.0217391304347827,1177.0,2.842995169082126,39.44,-123.79,1.162
4.3203,37.0,5.140625,0.9625,1077.0,3.365625,33.97,-118.06,1.592
5.4324,17.0,5.97583081570997,0.9652567975830816,2222.0,3.356495468277945,37.69,-121.8,2.155
6.4891,35.0,5.423357664233577,0.9343065693430656,385.0,2.81021897810219,33.87,-118.33,2.781
2.8994,34.0,5.295208655332303,0.9629057187017002,1938.0,2.9953632148377127,36.8,-119.78,0.66
5.2508,12.0,7.138248847926267,1.043778801843318,1433.0,3.30184331797235,35.5,-120.71,2.929
4.5357,13.0,5.850485436893204,0.9436893203883496,1361.0,2.6427184466019416,40.52,-122.66,1.712
1.4904,26.0,1.5981308411214954,1.0529595015576323,1204.0,3.750778816199377,34.06,-118.27,2.75
4.35,21.0,5.93687707641196,0.9667774086378738,988.0,3.2823920265780733,38.47,-121.43,0.962
1.9659,6.0,4.795454545454546,1.1590909090909092,125.0,2.840909090909091,33.72,-117.7,5.00001
3.7132,15.0,5.1907790143084265,1.09697933227345,1629.0,2.589825119236884,38.43,-122.73,1.676
4.0061,30.0,5.3241525423728815,1.0084745762711864,1611.0,3.413135593220339,33.85,-117.97,1.829
5.3765,15.0,6.502976190476191,1.1488095238095235,827.0,2.461309523809524,34.74,-120.46,2.231
4.0982,11.0,5.7898550724637685,1.0434782608695652,1757.0,3.182971014492753,33.8,-117.32,1.733
2.875,20.0,4.767676767676767,1.0378787878787878,826.0,2.085858585858586,38.25,-122.62,1.891
1.6318,19.0,4.403536977491961,1.1366559485530547,2004.0,3.2218649517684885,32.75,-117.09,1.177
4.4028,33.0,5.924083769633508,1.12565445026178,900.0,2.356020942408377,34.02,-118.37,2.468
2.7829,24.0,4.204678362573099,1.0263157894736843,1294.0,3.783625730994152,37.93,-121.29,0.618
1.9425,36.0,4.002816901408451,1.0338028169014084,1418.0,3.9943661971830986,32.69,-117.11,0.934
2.1265,32.0,4.436314363143631,1.1111111111111112,2050.0,2.7777777777777777,37.98,-121.26,0.557
7.8195,16.0,8.60234899328859,1.058724832214765,2142.0,3.593959731543624,33.7,-117.98,3.905
4.9844,29.0,6.002247191011236,0.9820224719101124,1484.0,3.3348314606741574,34.11,-117.83,2.03
2.4306,36.0,5.140845070422535,1.091549295774648,476.0,3.352112676056338,34.0,-117.37,0.889
9.8321,17.0,7.770609318996415,1.039426523297491,654.0,2.3440860215053765,33.49,-117.73,5.00001
3.8125,15.0,5.460365853658536,1.054878048780488,1219.0,3.716463414634146,34.02,-117.61,1.703
2.4333,25.0,4.168292682926829,1.078048780487805,1177.0,2.870731707317073,33.9,-118.18,1.55
1.7813,29.0,4.648578811369509,0.9198966408268734,1278.0,3.302325581395349,36.43,-119.69,0.579
3.8456,27.0,5.627170582226762,1.0817160367722165,2591.0,2.6465781409601634,34.43,-119.66,5.00001
2.0943,28.0,5.51980198019802,1.020902090209021,6912.0,3.801980198019802,39.12,-121.39,1.083
3.5125,20.0,3.6740947075208914,1.1894150417827298,1352.0,1.883008356545961,37.59,-122.36,3.506
2.625,50.0,4.74223602484472,1.049689440993789,728.0,2.260869565217391,32.74,-117.13,2.032
4.2305,32.0,5.891774891774892,1.235930735930736,2541.0,5.5,33.91,-118.01,2.214
4.9271,14.0,5.977346278317152,1.051779935275081,1030.0,3.333333333333333,37.82,-121.23,1.553
4.3846,46.0,5.13855421686747,1.0160642570281124,1562.0,3.136546184738956,37.71,-122.45,2.706
2.4917,27.0,38.84090909090909,9.272727272727272,97.0,2.2045454545454546,38.94,-119.93,2.0
2.0,17.0,7.289156626506024,1.9156626506024097,416.0,5.0120481927710845,37.31,-120.35,0.875
3.2112,20.0,6.517307692307693,1.353846153846154,1309.0,2.517307692307692,35.6,-121.1,2.045
4.8,21.0,4.60377358490566,1.0566037735849056,1215.0,2.547169811320755,33.8,-118.06,1.969
4.4663,34.0,5.725663716814159,1.0501474926253689,1021.0,3.0117994100294987,33.81,-117.96,1.839
1.0208,25.0,3.5,0.9230769230769232,71.0,1.3653846153846154,38.38,-121.94,0.786
2.564,32.0,4.18655462184874,1.035294117647059,2660.0,4.470588235294118,34.06,-117.99,1.458
3.0938,7.0,4.966580976863753,1.077120822622108,1014.0,2.6066838046272496,36.79,-119.87,0.767
3.375,46.0,4.6875,1.042763157894737,1140.0,3.75,33.97,-118.3,0.985
5.0096,34.0,5.936026936026936,1.02020202020202,894.0,3.01010101010101,33.91,-117.91,2.217
5.0672,14.0,7.075664621676892,1.01840490797546,3196.0,3.2678936605316973,38.27,-122.06,1.713
2.5288,16.0,5.315638450502152,1.06025824964132,2463.0,3.533715925394548,36.98,-120.05,0.618
5.4562,28.0,6.547445255474453,0.9737226277372264,2048.0,2.98978102189781,33.78,-117.82,2.747
1.1742,25.0,3.4881266490765173,1.0211081794195251,794.0,2.094986807387863,40.86,-124.09,0.75
5.2699,8.0,7.386811023622047,1.0718503937007875,3325.0,3.2726377952755907,37.98,-121.84,2.042
4.2222,18.0,6.436314363143631,1.1626016260162602,1048.0,2.8401084010840107,34.64,-120.08,3.75
5.2049,37.0,5.090196078431372,0.9490196078431372,750.0,2.9411764705882355,34.12,-118.22,2.408
2.6094,20.0,6.802631578947368,1.355263157894737,647.0,2.837719298245614,38.03,-120.39,1.391
6.112,29.0,6.692477876106195,1.0553097345132745,1035.0,2.2898230088495577,37.86,-122.03,3.906
3.7292,14.0,5.423931623931624,1.0239316239316238,1451.0,2.4803418803418804,32.81,-117.02,1.822
4.175,14.0,5.604698672114402,1.0459652706843718,2823.0,2.8835546475995915,37.14,-121.64,2.298
2.0745,35.0,4.176229508196721,1.0573770491803278,2223.0,3.0368852459016398,34.02,-118.47,3.325
5.5677,4.0,5.92191435768262,1.120906801007557,834.0,2.1007556675062973,33.5,-117.7,2.454
5.3345,4.0,7.209251101321586,1.0903083700440528,1497.0,3.297356828193833,38.16,-122.14,1.761
5.7039,19.0,5.674285714285714,0.9942857142857144,572.0,3.2685714285714287,33.85,-118.1,2.776
3.8958,4.0,6.631768953068592,1.036101083032491,934.0,3.371841155234657,33.23,-117.35,1.898
2.4728,18.0,5.3494055482166445,1.1030383091149274,4476.0,2.956406869220608,36.74,-119.71,0.883
1.9837,37.0,4.786516853932584,1.0140449438202248,902.0,2.533707865168539,38.53,-121.48,0.623
1.7896,23.0,2.2468694096601074,1.0760286225402504,3720.0,3.32737030411449,34.06,-118.3,3.222
5.296,35.0,6.806083650190114,1.0228136882129275,924.0,3.5133079847908744,33.84,-118.1,2.262
1.8362,36.0,4.7250608272506085,1.0072992700729928,1051.0,2.557177615571776,35.36,-119.04,0.669
4.5,11.0,6.191111111111111,1.0666666666666669,1250.0,2.7777777777777777,33.36,-117.24,2.226
5.5951,44.0,6.618374558303887,1.010600706713781,635.0,2.243816254416961,34.04,-118.39,4.613
4.6518,17.0,5.811594202898551,0.9855072463768116,251.0,3.63768115942029,33.02,-116.86,1.702
6.2871,26.0,7.009174311926605,1.073394495412844,607.0,2.7844036697247705,33.45,-117.64,3.255
3.0495,16.0,5.413872832369942,1.0739884393063583,3073.0,3.552601156069364,32.59,-117.05,0.983
4.555,39.0,4.900621118012422,0.984472049689441,872.0,2.7080745341614905,34.25,-117.55,1.531
2.9881,28.0,4.346055979643766,1.0,816.0,2.0763358778625958,32.78,-117.09,1.653
3.4103,26.0,6.252669039145908,1.0818505338078293,905.0,3.2206405693950177,34.11,-117.21,0.909
5.6629,33.0,5.556053811659193,1.0246636771300448,1567.0,3.513452914798206,34.23,-118.42,1.867
3.5486,4.0,6.208333333333333,1.305,1478.0,2.4633333333333334,36.37,-119.65,1.48
4.0882,16.0,5.851351351351352,1.0694980694980696,1301.0,2.511583011583012,33.41,-117.19,2.961
2.9405,39.0,4.348530901722391,1.1114488348530902,1758.0,1.7811550151975684,37.54,-122.3,3.405
4.9231,8.0,4.748936170212766,1.1361702127659574,435.0,1.851063829787234,34.1,-118.18,2.309
6.1592,46.0,6.889361702127659,1.1574468085106382,1293.0,2.751063829787234,37.75,-122.47,3.817
2.7417,16.0,4.782805429864253,1.0497737556561086,316.0,1.4298642533936652,33.22,-117.32,0.917
4.8056,36.0,4.755834829443447,0.9730700179533214,1111.0,1.9946140035906643,37.98,-122.56,3.457
4.6442,36.0,6.153526970954357,1.0933609958506223,1231.0,2.5539419087136928,34.11,-118.09,3.168
4.1538,36.0,5.764150943396227,1.018867924528302,1199.0,2.827830188679245,33.84,-118.16,2.188
4.0197,17.0,5.819338422391858,0.9923664122137404,1330.0,3.3842239185750635,36.59,-119.62,0.88
3.526,17.0,5.733606557377049,1.0956284153005464,1656.0,2.262295081967213,35.32,-120.84,1.839
1.8173,31.0,3.0076335877862594,0.8931297709923665,573.0,4.374045801526718,34.08,-118.22,1.542
4.5417,25.0,5.065868263473054,0.9860279441117764,1185.0,2.3652694610778444,37.65,-122.1,1.944
1.6607,20.0,4.625,0.9847560975609756,1287.0,3.923780487804878,38.64,-121.46,0.67
1.7866,25.0,1.6785714285714286,1.066326530612245,2796.0,3.566326530612245,34.05,-118.27,3.25
5.5335,21.0,6.113924050632911,1.0886075949367089,417.0,2.6392405063291138,33.88,-118.37,3.426
4.5417,22.0,5.561101549053356,0.9449225473321858,1739.0,2.993115318416524,34.66,-120.44,1.424
4.2656,13.0,5.793851717902351,0.9828209764918626,3294.0,2.9783001808318263,39.12,-121.64,1.107
2.0,15.0,6.479423868312757,1.4670781893004117,1281.0,2.635802469135802,34.85,-116.51,0.647
1.4722,4.0,3.769647696476965,1.3712737127371273,727.0,1.970189701897019,34.06,-117.74,1.375
3.445,8.0,4.784123910939012,1.1355275895450143,3012.0,2.915779283639884,34.27,-119.2,2.034
3.025,22.0,4.006802721088436,0.9829931972789115,865.0,2.942176870748299,33.85,-117.91,1.8
3.4875,31.0,5.199186991869919,0.9898373983739838,1938.0,3.9390243902439024,32.69,-117.08,1.17
4.6445,17.0,6.045618247298919,0.9807923169267708,2084.0,2.501800720288115,34.15,-117.23,1.372
2.7051,26.0,5.602179836512262,1.125340599455041,933.0,2.542234332425068,38.37,-121.92,1.938
5.1021,27.0,5.779582366589327,0.9930394431554525,1171.0,2.7169373549883997,37.97,-122.0,2.028
4.175,27.0,4.574844074844075,1.0738045738045738,1725.0,1.793139293139293,34.05,-118.47,5.00001
2.2717,18.0,5.520259319286872,1.0907617504051863,1567.0,2.539708265802269,39.83,-120.46,0.759
3.125,47.0,4.914473684210527,1.075657894736842,689.0,2.2664473684210527,32.74,-117.14,1.727
3.975,52.0,3.731006160164271,1.0985626283367556,800.0,1.6427104722792607,37.79,-122.44,5.00001
7.9885,5.0,12.626865671641792,3.716417910447761,117.0,1.7462686567164178,33.74,-116.44,4.033
2.9449,17.0,5.624801271860095,1.1542130365659775,1603.0,2.548489666136725,37.21,-119.45,0.956
1.8967,52.0,5.0,1.0491803278688523,406.0,3.3278688524590163,36.74,-119.82,0.438
3.2721,11.0,4.522935779816514,1.0428134556574924,1476.0,4.513761467889908,37.39,-120.71,0.738
6.1388,30.0,5.93026941362916,1.0031695721077654,1721.0,2.727416798732172,37.33,-121.98,3.024
4.5187,16.0,4.605263157894737,1.0745614035087718,722.0,3.1666666666666665,37.38,-121.87,1.635
3.3368,16.0,4.946428571428571,1.0615079365079363,1370.0,2.7182539682539684,37.68,-120.97,1.212
1.5281,29.0,5.095890410958904,1.095890410958904,1137.0,3.115068493150685,39.29,-121.68,0.616
4.0417,32.0,5.351515151515152,0.9757575757575756,876.0,2.6545454545454548,33.81,-117.85,2.345
3.625,52.0,4.290094339622642,1.0943396226415094,1068.0,2.518867924528302,33.84,-118.31,2.707
4.0972,38.0,5.595982142857143,0.9955357142857144,888.0,1.9821428571428568,38.57,-121.43,1.637
5.7876,33.0,6.117647058823529,0.9963235294117648,759.0,2.7904411764705883,37.27,-122.0,4.158
0.9838,36.0,5.017751479289941,1.1005917159763314,737.0,4.3609467455621305,34.09,-117.27,0.793
4.6628,16.0,5.413721413721413,0.943866943866944,1696.0,3.525987525987526,38.01,-121.9,1.36
3.075,52.0,5.322649572649572,1.0128205128205128,1098.0,2.3461538461538463,37.85,-122.26,2.135
3.4087,45.0,4.67948717948718,1.0128205128205128,672.0,2.871794871794872,34.15,-118.07,2.092
4.2259,3.0,6.495501285347044,1.143637532133676,8361.0,2.6866966580976865,38.77,-121.33,1.693
3.4861,17.0,17.3,6.5,51.0,2.55,37.94,-119.57,1.375
5.0311,14.0,5.872817955112219,1.0124688279301746,1883.0,4.695760598503741,32.58,-117.04,1.521
2.935,52.0,4.474820143884892,1.1270983213429258,1211.0,2.904076738609113,34.09,-118.25,1.894
1.5735,18.0,3.54424040066778,1.011686143572621,1576.0,2.631051752921536,38.51,-121.46,1.1
6.1724,35.0,7.006359300476947,1.0389507154213036,3450.0,2.742448330683625,38.01,-122.59,4.143
1.9355,37.0,3.743119266055046,1.1211009174311926,1698.0,3.1155963302752294,34.11,-118.2,1.663
2.8385,42.0,4.514344262295082,0.956967213114754,1470.0,3.012295081967213,34.03,-118.13,1.922
4.7109,35.0,5.92,1.0057142857142858,1001.0,2.86,37.62,-122.03,1.987
2.7589,26.0,3.755434782608696,1.0516304347826086,1977.0,5.372282608695652,33.75,-118.0,1.375
3.5556,35.0,4.8475,1.03,1036.0,2.59,33.88,-118.31,2.38
6.7571,42.0,6.665178571428571,1.0580357142857142,665.0,2.96875,34.21,-118.2,4.439
2.25,24.0,4.498168498168498,1.1721611721611722,537.0,1.967032967032967,33.84,-118.19,1.92
2.1563,36.0,6.042194092827004,1.1350210970464134,836.0,3.5274261603375527,36.69,-119.69,0.883
3.6148,46.0,4.252252252252252,1.0193050193050193,1783.0,2.2947232947232945,37.78,-122.49,3.522
3.4198,27.0,3.44804318488529,1.0789473684210529,2764.0,1.8650472334682864,37.41,-122.11,3.519
3.1319,27.0,5.477157360406092,1.1269035532994924,625.0,3.172588832487309,39.97,-122.14,0.627
2.1429,52.0,5.502923976608187,1.0760233918128654,414.0,2.421052631578948,37.98,-121.28,0.699
3.6027,17.0,6.162251655629139,1.109271523178808,1561.0,2.584437086092715,32.87,-116.93,2.119
3.875,37.0,4.79253112033195,0.933609958506224,814.0,3.3775933609958506,34.07,-118.17,1.485
5.7664,16.0,6.002976190476191,1.0982142857142858,931.0,2.770833333333333,38.38,-122.89,2.675
2.0675,25.0,3.1467991169977925,1.0684326710816776,3744.0,4.132450331125828,33.79,-118.2,1.167
2.2437,9.0,4.114213197969543,1.0862944162436547,678.0,1.7208121827411167,36.73,-119.73,0.542
4.7422,32.0,5.865306122448979,1.0489795918367346,752.0,3.0693877551020408,38.39,-122.82,2.409
5.2269,52.0,6.269607843137255,1.0441176470588236,444.0,2.176470588235294,34.07,-117.75,1.61
5.0142,15.0,5.981954887218045,1.0406015037593983,2418.0,3.6360902255639096,33.99,-117.95,2.699
5.9191,36.0,6.812807881773399,1.019704433497537,531.0,2.6157635467980294,38.01,-121.33,1.519
2.3125,7.0,5.348684210526316,1.069078947368421,677.0,2.226973684210526,36.85,-121.42,1.708
2.3077,40.0,3.103151862464183,0.9140401146131804,1843.0,5.28080229226361,34.2,-119.17,1.069
3.2917,10.0,34.57142857142857,7.022321428571429,483.0,2.15625,37.63,-118.99,2.318
3.0,31.0,4.584033613445378,1.0756302521008403,892.0,3.7478991596638656,34.31,-118.48,1.724
6.9742,38.0,6.496183206106871,1.0178117048346056,1042.0,2.651399491094148,33.8,-118.36,5.00001
2.6777,35.0,4.036565977742448,1.0508744038155804,1308.0,2.079491255961844,32.76,-117.14,1.464
3.4836,27.0,3.5549412577747064,1.0234968901174843,2518.0,1.7401520387007603,37.58,-122.33,2.879
4.25,18.0,5.601973684210527,1.0386513157894737,3704.0,3.046052631578948,33.87,-118.25,1.692
2.8889,30.0,3.639581657280772,1.0555108608205954,1910.0,1.5366049879324215,34.08,-118.38,3.353
1.684,41.0,4.226628895184136,0.9915014164305948,804.0,2.2776203966005664,39.14,-121.59,0.713
2.5326,20.0,6.292490118577075,1.2924901185770752,647.0,2.5573122529644268,39.05,-122.86,1.368
15.0001,32.0,8.84504132231405,1.0351239669421488,1318.0,2.7231404958677685,37.44,-122.22,5.00001
3.5072,29.0,5.154135338345864,0.9172932330827068,2477.0,4.656015037593985,34.1,-117.74,1.219
4.1739,40.0,4.51063829787234,1.0893617021276596,667.0,2.838297872340425,37.79,-122.2,1.696
1.6445,18.0,3.973314606741573,1.0280898876404494,1751.0,2.4592696629213484,37.53,-120.86,1.569
6.7257,37.0,6.912650602409639,1.0,933.0,2.810240963855421,37.45,-122.13,5.00001
8.0082,16.0,7.790528233151184,1.029143897996357,1642.0,2.9908925318761383,33.57,-117.66,2.866
3.1979,17.0,5.461038961038961,0.948051948051948,473.0,3.071428571428572,32.96,-115.59,1.135
5.1645,26.0,5.48,0.9818181818181818,931.0,3.3854545454545453,33.88,-118.08,2.449
4.4831,36.0,5.2560975609756095,0.9817073170731708,838.0,2.554878048780488,33.8,-118.09,2.539
5.3774,22.0,7.019230769230769,1.0134615384615384,1637.0,3.148076923076923,37.38,-121.79,3.256
2.5313,46.0,4.816115702479339,1.0495867768595042,1210.0,2.5,37.62,-121.03,0.777
2.8603,17.0,6.427561837455831,1.3745583038869258,736.0,2.6007067137809186,39.15,-120.87,1.289
2.551,37.0,4.840466926070039,1.1245136186770428,1854.0,3.607003891050584,37.93,-121.29,0.591
1.8156,40.0,2.500408830744072,0.9934587080948488,3953.0,3.23221586263287,34.09,-118.3,2.188
2.125,37.0,4.596,1.12,1016.0,4.064,33.88,-118.22,1.019
2.8348,8.0,3.7813370473537606,1.0445682451253482,2580.0,3.5933147632311977,36.91,-121.77,1.62
3.2417,28.0,4.698717948717949,1.1842948717948718,1198.0,1.919871794871795,37.67,-122.07,2.108
5.0855,15.0,6.039007092198582,1.1347517730496457,587.0,2.0815602836879434,32.86,-117.23,2.098
2.2725,39.0,3.421052631578948,1.024561403508772,723.0,2.536842105263158,34.05,-118.34,1.406
5.7762,45.0,5.572695035460993,0.9804964539007092,1153.0,2.044326241134752,34.07,-118.39,5.00001
3.1513,14.0,5.526096033402923,1.0939457202505218,989.0,2.0647181628392484,34.14,-117.2,1.6
2.76,26.0,5.520871143375681,1.08529945553539,1720.0,3.121597096188748,34.01,-117.45,0.952
5.0704,15.0,5.629955947136564,0.9955947136563876,8997.0,3.6031237484981977,34.02,-117.9,2.262
5.2887,25.0,6.344488188976378,1.031496062992126,1763.0,3.470472440944882,34.42,-118.47,1.83
2.4079,7.0,4.035853468433359,1.0413094310210445,2557.0,1.9929851909586904,40.6,-122.37,1.114
4.6776,34.0,5.754137115839243,1.011820330969267,926.0,2.189125295508274,38.05,-122.16,2.083
2.3382,11.0,5.568548387096774,1.2096774193548387,644.0,2.596774193548387,33.96,-116.48,0.894
1.6675,6.0,5.5115089514066495,1.391304347826087,1039.0,2.657289002557545,34.05,-117.3,0.958
3.1964,13.0,4.751334044823906,1.0128068303094984,2740.0,2.9242262540021344,37.82,-121.22,1.415
3.0375,21.0,4.972270363951473,1.0329289428076256,1471.0,2.5493934142114383,32.82,-117.17,1.976
2.3566,22.0,5.4966329966329965,1.1077441077441077,1647.0,2.772727272727273,39.53,-122.2,0.71
8.0158,13.0,6.298550724637681,1.0115942028985507,891.0,2.582608695652174,37.33,-122.07,4.2
4.4191,52.0,5.799065420560748,0.9813084112149532,526.0,2.457943925233645,34.05,-118.38,3.341
5.7373,12.0,5.6594827586206895,0.9956896551724138,731.0,3.1508620689655173,38.63,-120.84,2.083
3.3869,40.0,3.622950819672131,1.0163934426229508,1930.0,4.519906323185012,33.99,-118.19,1.573
3.375,25.0,4.194174757281553,0.9781553398058253,934.0,2.266990291262136,37.96,-122.32,1.337
6.4894,16.0,7.381656804733728,0.9792899408284024,1118.0,3.3076923076923075,38.37,-122.02,1.98
4.8125,34.0,6.296829971181556,1.0720461095100864,986.0,2.84149855907781,34.19,-118.56,2.667
2.5043,49.0,4.547272727272727,1.0272727272727271,1171.0,2.129090909090909,37.98,-121.29,0.767
2.3417,40.0,3.238500851788757,1.1567291311754684,865.0,1.473594548551959,33.98,-118.51,4.25
2.9437,27.0,4.920471281296024,1.0721649484536082,1762.0,2.5949926362297497,34.1,-117.89,1.804
4.4567,36.0,5.115384615384615,1.0,1080.0,2.967032967032967,36.95,-122.04,2.638
2.6801,12.0,4.378486055776892,1.0099601593625498,1971.0,3.926294820717132,36.24,-121.02,1.0
2.075,40.0,4.02,1.0483333333333331,2119.0,3.5316666666666667,34.01,-118.13,1.511
2.2411,20.0,3.835570469798658,1.1610738255033557,578.0,1.9395973154362416,37.96,-122.04,1.518
7.5847,5.0,6.7725752508361206,0.9765886287625418,1986.0,3.321070234113712,33.71,-117.77,3.757
2.3375,30.0,3.371681415929204,1.008849557522124,840.0,3.7168141592920354,34.29,-118.45,1.542
3.8833,36.0,4.865248226950355,1.0,1132.0,2.67612293144208,34.19,-118.48,2.104
2.9191,19.0,4.457386363636363,0.9971590909090908,1035.0,2.940340909090909,33.19,-117.24,1.594
2.3605,39.0,4.005012531328321,1.1478696741854637,1691.0,4.238095238095238,33.79,-118.21,1.418
1.871,31.0,5.36283185840708,1.1792035398230087,1360.0,3.008849557522124,37.77,-122.17,0.907
2.5966,32.0,3.6710526315789473,0.9917763157894736,2361.0,3.883223684210526,33.96,-118.22,1.709
4.8194,18.0,6.423340961098398,1.0183066361556063,1315.0,3.009153318077803,37.99,-121.81,1.704
5.3428,23.0,6.373737373737374,1.0678210678210678,1865.0,2.691197691197692,33.7,-117.96,2.793
5.2001,16.0,6.118892508143323,1.0586319218241045,1291.0,2.1026058631921822,33.75,-118.04,2.356
4.7193,4.0,5.664495114006515,1.035016286644951,3455.0,2.813517915309446,34.12,-117.56,1.787
3.6823,18.0,4.003267973856209,1.0359477124183007,694.0,2.2679738562091503,34.41,-119.71,2.55
3.8201,22.0,5.01119104716227,1.0223820943245403,5587.0,4.466027178257394,34.02,-117.91,1.362
2.85,38.0,5.0893470790378,1.0893470790378006,1080.0,3.711340206185567,32.68,-117.06,1.258
2.1953,15.0,5.164835164835165,1.205128205128205,599.0,2.1941391941391943,38.92,-122.59,0.75
3.8625,12.0,5.2063615205585725,1.0659425911559348,3388.0,2.6283941039565555,37.63,-122.06,2.089
9.2858,6.0,8.095533498759306,1.0248138957816375,3146.0,3.903225806451613,32.9,-117.04,4.361
1.9472,40.0,5.026490066225166,1.099337748344371,1391.0,3.0706401766004414,33.93,-116.98,0.732
3.015,50.0,3.280334728033473,1.0481171548117154,764.0,1.598326359832636,33.99,-118.47,4.143
3.0132,44.0,4.90566037735849,1.0943396226415094,392.0,3.69811320754717,33.93,-118.36,2.025
7.978,5.0,7.995495495495495,1.054054054054054,726.0,3.27027027027027,34.04,-117.24,2.239
3.7941,37.0,4.771543086172345,1.1523046092184368,1235.0,2.4749498997996,34.16,-118.33,2.478
2.809,34.0,4.846153846153846,0.9842209072978304,1538.0,3.0335305719921104,34.12,-117.22,0.825
7.7846,26.0,7.663646659116647,1.0226500566251415,2574.0,2.915062287655719,34.17,-118.64,4.09
2.7556,26.0,4.701208981001727,1.116580310880829,3700.0,3.1951640759930915,34.23,-119.16,2.132
2.75,39.0,4.109489051094891,1.0072992700729928,682.0,4.978102189781022,34.04,-118.17,1.5
6.471,52.0,6.729372937293729,0.9867986798679867,772.0,2.547854785478548,37.58,-122.38,5.00001
2.1023,12.0,4.119906868451688,1.0116414435389989,1987.0,2.3131548311990686,33.94,-117.45,1.037
2.1375,39.0,4.883495145631068,1.0360610263522885,2256.0,3.128987517337032,34.13,-117.26,0.875
2.1071,47.0,3.289473684210526,0.8588516746411483,1512.0,3.617224880382775,34.13,-118.27,2.089
1.7393,29.0,3.7823834196891193,1.2461139896373057,3580.0,4.637305699481865,33.78,-118.17,1.402
4.0882,12.0,5.36036036036036,1.0705705705705706,3321.0,4.986486486486487,32.85,-116.98,1.345
2.1417,12.0,4.390029325513196,1.0557184750733135,943.0,2.7653958944281527,38.02,-121.9,1.222
3.6474,26.0,3.923076923076923,0.998211091234347,1186.0,2.1216457960644006,34.15,-118.11,1.841
2.0511,21.0,3.258928571428572,1.1741071428571428,965.0,4.308035714285714,34.07,-118.44,3.5
4.8036,11.0,6.165432098765432,1.054320987654321,1101.0,2.7185185185185183,36.83,-119.85,1.416
2.1062,26.0,3.6942148760330578,1.0764462809917354,2582.0,5.3347107438016526,34.26,-118.42,1.364
6.6178,44.0,6.83955223880597,1.2350746268656716,515.0,1.921641791044776,33.51,-117.78,5.00001
3.1842,42.0,4.6923076923076925,1.05668016194332,465.0,1.8825910931174088,37.54,-122.31,3.528
3.2109,34.0,4.02676399026764,1.094890510948905,870.0,2.116788321167883,32.84,-117.27,3.76
2.6538,31.0,3.357142857142857,1.0357142857142858,997.0,3.237012987012987,34.41,-119.71,2.318
3.7969,40.0,4.714285714285714,0.9081632653061223,1266.0,2.583673469387755,37.74,-122.5,2.978
6.8322,52.0,7.320121951219512,1.054878048780488,812.0,2.475609756097561,37.73,-122.46,3.941
2.6083,36.0,6.6856060606060606,1.5113636363636365,451.0,1.7083333333333333,33.83,-116.56,3.219
3.6597,10.0,5.412935323383085,1.0099502487562189,533.0,2.6517412935323383,32.81,-115.58,0.875
2.5875,52.0,3.2874493927125505,1.0202429149797572,629.0,2.546558704453441,37.8,-122.41,5.00001
2.1273,24.0,4.035509736540664,1.1351660939289805,1775.0,2.0332187857961053,32.76,-117.14,1.423
6.1642,13.0,6.541353383458647,0.9924812030075189,1432.0,2.691729323308271,38.78,-121.18,2.778
3.9107,27.0,5.572815533980583,1.0,321.0,3.116504854368932,34.04,-117.68,1.865
4.5122,36.0,6.379679144385027,1.0588235294117647,1176.0,3.144385026737968,33.93,-117.43,1.133
3.0437,33.0,4.705996131528046,1.0154738878143132,1466.0,2.8355899419729207,33.92,-117.44,1.108
2.8466,34.0,6.369565217391305,1.062111801242236,958.0,2.975155279503105,39.6,-122.05,0.953
5.0605,24.0,5.660714285714286,0.9375,700.0,3.125,33.82,-117.89,2.162
3.375,45.0,5.377777777777778,1.0888888888888888,519.0,3.844444444444445,37.71,-122.18,1.575
3.0222,17.0,4.576470588235294,1.2823529411764707,1392.0,2.047058823529412,37.68,-121.78,1.725
2.7535,24.0,3.2184412733260155,1.048298572996707,5516.0,6.054884742041712,33.74,-117.9,1.11
3.3667,45.0,4.992592592592593,0.9814814814814816,639.0,2.3666666666666667,39.15,-123.22,1.152
3.96,45.0,4.944099378881988,1.0093167701863357,920.0,2.857142857142857,37.76,-122.54,2.722
3.9091,38.0,5.902173913043479,1.1875,830.0,2.255434782608696,34.02,-118.43,5.00001
3.8333,24.0,5.733333333333333,1.4,79.0,2.6333333333333333,37.67,-119.81,0.938
3.0,14.0,3.45422943221321,1.0359212050984936,1941.0,2.249130938586327,34.15,-118.26,1.786
2.3333,32.0,5.816976127320955,1.1405835543766578,1074.0,2.848806366047745,34.65,-120.47,1.302
3.1742,20.0,4.228710462287105,1.2384428223844282,1403.0,3.413625304136253,33.71,-117.88,2.45
2.125,6.0,5.904761904761905,1.119047619047619,119.0,2.833333333333333,34.02,-117.64,4.167
0.8106,16.0,3.43,1.085,614.0,3.07,34.64,-120.46,0.833
5.777,23.0,6.552301255230126,0.9811715481171548,1646.0,3.4435146443514646,33.85,-118.04,3.159
9.5551,29.0,5.626865671641791,0.8656716417910447,151.0,2.253731343283582,37.96,-122.64,5.00001
7.1193,2.0,9.09375,1.09375,199.0,3.109375,33.81,-117.76,5.00001
1.7188,23.0,4.8686868686868685,1.2424242424242424,485.0,2.4494949494949494,38.92,-120.01,0.961
6.5253,26.0,7.297966401414677,1.0194518125552607,3460.0,3.0592396109637487,34.14,-117.83,3.499
5.3526,15.0,6.214765100671141,1.0604026845637584,906.0,3.040268456375839,34.07,-117.15,1.298
5.7476,19.0,8.04535637149028,1.1727861771058314,1412.0,3.0496760259179267,37.73,-120.97,2.486
13.2935,27.0,7.607142857142857,1.012672811059908,2336.0,2.6912442396313363,34.11,-118.49,5.00001
3.3542,52.0,5.725888324873097,1.0507614213197969,450.0,2.284263959390863,38.3,-122.3,1.546
3.8295,28.0,5.75,1.1320754716981132,559.0,2.6367924528301887,38.65,-121.44,1.222
2.4643,27.0,3.8486646884273,1.053412462908012,776.0,2.3026706231454006,32.8,-117.23,2.444
3.0219,29.0,5.890939597315437,1.0604026845637584,2591.0,4.347315436241611,34.23,-119.06,2.217
6.1896,19.0,5.922981366459627,1.0024844720496895,2199.0,2.7316770186335404,37.5,-122.53,3.311
4.8448,31.0,5.25497287522604,1.0452079566003616,1806.0,3.2658227848101267,33.84,-118.08,1.946
4.0686,18.0,3.433333333333333,0.9383333333333334,1144.0,1.9066666666666667,37.43,-122.14,3.786
4.8966,45.0,6.176646706586826,1.0419161676646709,1722.0,2.5778443113772456,37.48,-122.24,3.621
3.3026,9.0,5.370542635658914,1.1612403100775197,1687.0,2.6155038759689924,32.75,-117.07,1.191
2.8175,22.0,4.330964467005076,1.0253807106598984,2766.0,2.8081218274111674,32.81,-116.94,1.352
3.2266,30.0,4.322429906542056,1.0233644859813085,2847.0,4.434579439252336,34.1,-117.96,1.418
4.2132,2.0,6.200305810397554,1.1238532110091743,1730.0,2.6452599388379205,36.83,-119.88,0.965
4.7443,15.0,5.6251851851851855,1.0251851851851852,2216.0,3.282962962962963,34.19,-119.21,2.295
2.2328,34.0,3.226973684210526,1.0296052631578947,508.0,1.6710526315789471,32.75,-117.28,2.667
0.9573,19.0,2.951219512195122,1.0,658.0,16.048780487804876,37.64,-121.0,1.625
1.5553,42.0,1.806122448979592,1.063543599257885,6846.0,3.175324675324675,34.06,-118.29,0.7
2.2708,34.0,3.53,1.102,2203.0,4.406,34.07,-118.2,1.596
3.25,16.0,4.935483870967742,1.060931899641577,830.0,2.974910394265233,39.37,-123.75,1.514
4.125,9.0,6.655581947743468,1.1187648456057009,1155.0,2.7434679334916865,33.52,-116.96,3.921
3.2589,42.0,4.215116279069767,1.063953488372093,493.0,2.866279069767442,33.88,-118.34,2.333
3.3801,20.0,4.186991869918699,1.086720867208672,2109.0,2.8577235772357725,34.1,-118.11,1.925
2.1182,40.0,3.7936507936507935,1.034920634920635,1135.0,3.6031746031746033,36.7,-119.56,0.589
3.3661,45.0,4.897905759162303,0.9712041884816754,1315.0,3.4424083769633507,33.94,-118.19,1.608
2.9844,31.0,5.301020408163265,1.0476190476190477,1606.0,2.7312925170068025,38.73,-120.78,1.279
3.5703,43.0,4.721875,0.9125,721.0,2.253125,37.97,-121.33,0.874
4.1679,41.0,6.617486338797814,1.371584699453552,915.0,2.5,37.05,-122.05,2.013
4.2554,20.0,3.778085991678225,1.0624133148404993,2202.0,1.5270457697642164,34.06,-118.46,5.00001
1.8403,47.0,4.723463687150838,1.1229050279329609,913.0,2.5502793296089385,35.42,-119.04,0.547
4.0439,27.0,4.9875,1.115,1417.0,1.77125,34.14,-118.42,5.00001
4.2727,47.0,4.612648221343873,0.9881422924901184,953.0,3.766798418972332,37.72,-122.4,2.419
2.8274,12.0,4.7682926829268295,1.0121951219512195,292.0,1.7804878048780488,36.85,-119.78,0.795
2.3155,14.0,4.29014598540146,1.131386861313869,1215.0,2.2171532846715327,39.76,-121.84,1.023
5.2548,35.0,6.018115942028985,0.9855072463768116,949.0,3.438405797101449,33.85,-117.99,1.926
4.2333,20.0,6.1981566820276495,1.0599078341013826,731.0,3.3686635944700463,36.81,-121.5,3.633
4.069,28.0,5.247349823321555,0.9717314487632508,820.0,2.8975265017667846,32.69,-117.07,1.533
5.2939,35.0,6.08314606741573,1.002247191011236,1224.0,2.750561797752809,34.24,-118.49,2.442
3.3833,20.0,4.55524861878453,1.12707182320442,1729.0,4.776243093922652,37.29,-121.83,1.152
2.2788,47.0,3.7745664739884393,1.130057803468208,1499.0,4.332369942196531,34.04,-118.21,1.396
2.2094,20.0,2.1652490886998783,1.088699878493317,1749.0,2.1251518833535843,34.06,-118.3,0.75
4.2357,11.0,4.863945578231292,0.9931972789115646,921.0,3.13265306122449,33.14,-117.08,1.609
2.7875,35.0,4.48371335504886,1.1433224755700326,1592.0,2.592833876221498,33.95,-118.15,2.09
3.7413,24.0,5.555555555555555,1.034608378870674,1743.0,3.1748633879781423,38.03,-121.31,1.053
3.1326,17.0,3.833457804331591,1.0268857356235996,3386.0,2.5287528005974607,37.54,-121.98,2.208
7.0217,25.0,8.023136246786633,0.9794344473007712,1278.0,3.2853470437017998,33.89,-117.8,3.579
7.5,8.0,6.564885496183206,0.9465648854961832,1111.0,2.826972010178117,36.85,-119.88,2.562
6.3178,19.0,6.426829268292683,1.0414634146341464,1497.0,3.651219512195122,37.23,-121.81,2.48
3.5154,19.0,3.305290546400694,1.0641803989592369,1930.0,1.673894189071986,37.35,-122.03,3.114
2.7216,32.0,5.366594360086768,1.0824295010845988,1224.0,2.6550976138828637,33.12,-117.07,1.463
3.0179,52.0,4.765217391304348,1.0739130434782609,423.0,1.8391304347826087,34.1,-118.36,5.00001
2.1964,30.0,2.343915343915344,0.8994708994708994,903.0,4.777777777777778,33.93,-118.22,1.25
4.9375,15.0,5.888213851761847,1.0024301336573511,2797.0,3.3985419198055893,32.94,-117.13,1.804
3.6016,21.0,5.387755102040816,1.0770975056689345,1175.0,2.664399092970521,37.74,-121.13,1.346
6.8322,25.0,6.578212290502793,1.0642458100558658,823.0,2.298882681564246,32.92,-117.29,5.00001
4.1477,38.0,5.530373831775701,1.1214953271028036,891.0,2.08177570093458,32.83,-117.31,5.00001
4.5057,10.0,3.650943396226415,1.1933962264150944,1535.0,3.6202830188679247,33.82,-117.92,1.524
7.167,20.0,7.72865275142315,1.073055028462998,3562.0,3.379506641366224,34.26,-118.59,3.571
6.4333,16.0,6.198952879581152,1.0034904013961603,2120.0,3.699825479930192,34.02,-117.87,2.715
3.125,12.0,5.786377708978328,1.1021671826625388,1007.0,3.117647058823529,33.66,-117.22,1.172
2.1042,19.0,5.884758364312268,1.4572490706319703,704.0,2.617100371747212,35.1,-120.66,2.683
4.3512,24.0,4.976100628930817,1.021383647798742,3196.0,4.020125786163522,33.76,-117.95,1.914
2.1681,30.0,5.244318181818182,1.1107954545454546,1255.0,3.565340909090909,36.3,-119.78,0.666
3.25,46.0,4.972413793103448,1.0804597701149423,925.0,2.126436781609196,37.73,-122.17,1.775
3.9667,27.0,5.793002915451895,1.0903790087463556,961.0,2.801749271137026,36.95,-122.04,2.658
3.1917,35.0,3.908759124087591,1.0583941605839415,1412.0,5.153284671532846,33.89,-118.08,1.149
3.152,21.0,4.4875,1.015,2246.0,5.615,33.71,-117.86,1.528
5.3794,34.0,6.817991631799163,1.0418410041841004,1250.0,2.6150627615062763,37.97,-122.01,2.062
2.4922,19.0,5.238721804511278,1.086466165413534,1208.0,2.2706766917293235,37.95,-120.42,0.987
5.7295,35.0,5.645045045045045,0.9747747747747748,1449.0,2.610810810810811,37.28,-122.0,3.461
2.1434,42.0,6.631818181818182,1.309090909090909,1182.0,2.6863636363636365,41.78,-121.16,0.44
2.95,13.0,4.515151515151516,1.1774891774891776,1356.0,2.935064935064935,33.87,-118.0,1.656
4.5694,27.0,4.706214689265536,1.0310734463276836,995.0,2.810734463276836,33.95,-118.1,2.043
2.7619,21.0,4.043795620437956,0.9817518248175182,524.0,1.912408759124088,38.3,-122.3,1.546
1.9441,18.0,4.157051282051282,1.080128205128205,610.0,1.955128205128205,38.51,-122.45,1.844
3.2599,47.0,4.750825082508251,1.0412541254125414,2229.0,3.6782178217821775,37.35,-121.89,1.831
2.3384,27.0,3.2289156626506026,1.0100401606425702,2031.0,4.078313253012048,36.77,-121.76,1.21
5.1384,24.0,6.048249763481552,1.0794701986754969,2743.0,2.595080416272469,33.73,-118.02,3.369
2.8125,29.0,6.078571428571428,1.075,914.0,3.2642857142857142,36.46,-119.69,0.792
2.1581,33.0,4.2727272727272725,0.9431818181818182,267.0,3.034090909090909,33.93,-116.98,0.683
2.5139,52.0,3.6038781163434894,1.077562326869806,1189.0,3.293628808864266,34.12,-118.21,1.9
4.75,46.0,6.079601990049751,0.9875621890547264,952.0,2.3681592039800994,37.54,-122.31,3.882
2.4196,52.0,3.936619718309859,0.9823943661971832,514.0,1.8098591549295773,37.78,-122.44,3.462
6.0878,26.0,5.647058823529412,0.9019607843137256,1105.0,3.095238095238096,37.47,-121.92,2.469
4.0972,32.0,4.716981132075472,0.8867924528301887,663.0,3.1273584905660377,38.01,-121.89,0.992
3.7167,46.0,4.699822380106572,1.078152753108348,1418.0,2.5186500888099466,37.78,-122.5,3.328
4.6042,31.0,5.539823008849558,0.995575221238938,714.0,3.15929203539823,33.84,-117.98,2.207
2.0242,36.0,4.967105263157895,1.0328947368421053,625.0,4.1118421052631575,34.06,-117.33,0.65
5.3368,28.0,7.241558441558442,0.961038961038961,1140.0,2.961038961038961,34.11,-117.65,2.335
1.6784,16.0,4.904397705544933,1.1204588910133844,3126.0,2.988527724665392,34.43,-117.31,0.719
1.6534,44.0,4.487804878048781,1.0278745644599303,723.0,2.519163763066202,36.96,-120.06,0.614
1.9923,41.0,3.279373368146214,1.0626631853785902,855.0,2.2323759791122715,34.15,-118.14,5.00001
7.1262,27.0,7.012727272727273,1.029090909090909,3199.0,2.908181818181818,34.22,-118.31,4.462
1.7377,33.0,3.9759450171821302,1.0721649484536082,1714.0,2.9450171821305844,34.03,-118.33,1.839
7.0309,29.0,5.436781609195402,1.1839080459770115,359.0,4.126436781609195,37.41,-122.15,4.75
2.3333,31.0,3.901960784313725,0.9705882352941176,1602.0,5.235294117647059,33.72,-117.86,1.577
5.3623,15.0,7.55956678700361,1.1407942238267148,937.0,3.3826714801444044,33.73,-116.89,2.013
5.3238,8.0,7.831597738768224,1.211544183278786,9360.0,2.784885450758703,33.68,-117.27,2.289
3.1728,17.0,6.524271844660194,1.3171521035598706,1749.0,2.8300970873786406,38.01,-121.79,1.468
4.3333,42.0,4.607565011820331,0.9976359338061466,1184.0,2.7990543735224587,33.91,-118.36,2.256
1.6902,41.0,4.3142292490118574,1.1047430830039526,1202.0,2.375494071146245,39.14,-121.62,0.615
3.3679,52.0,4.613412228796844,1.0808678500986193,1090.0,2.1499013806706118,37.77,-122.45,3.5
2.2024,29.0,5.271341463414634,1.0823170731707317,848.0,2.5853658536585367,41.53,-122.56,0.609
3.875,23.0,50.83783783783784,10.27027027027027,64.0,1.7297297297297298,37.12,-119.34,1.25
7.6229,35.0,7.2251461988304095,1.02046783625731,881.0,2.576023391812865,37.39,-122.1,5.00001
1.8958,39.0,5.014409221902017,1.0115273775216138,1098.0,3.164265129682997,36.74,-119.75,0.513
2.9258,26.0,4.302005012531328,1.093984962406015,1492.0,1.8696741854636592,32.8,-117.24,2.348
7.2137,17.0,8.240663900414937,1.033195020746888,761.0,3.1576763485477177,34.26,-118.79,4.019
3.2941,9.0,6.213207547169811,1.1037735849056605,1678.0,3.166037735849057,34.49,-117.34,0.983
3.8906,15.0,4.832386363636363,0.9829545454545454,723.0,2.053977272727273,38.67,-121.27,1.287
4.15,14.0,6.517578125,1.115234375,1385.0,2.705078125,33.23,-117.08,2.722
6.6455,16.0,7.1695652173913045,0.991304347826087,769.0,3.343478260869565,37.31,-121.77,3.026
3.9028,52.0,12.90188679245283,2.932075471698113,710.0,2.679245283018868,34.08,-116.88,1.286
1.3594,36.0,5.026315789473684,1.1414473684210529,1334.0,4.3881578947368425,36.95,-120.04,0.483
2.4297,51.0,3.284313725490196,1.026143790849673,1227.0,4.009803921568627,34.05,-118.3,1.625
1.837,27.0,4.152487961476726,1.1701444622792938,1500.0,2.407704654895666,37.96,-122.04,1.75
2.5978,52.0,2.649122807017544,0.9824561403508772,392.0,3.43859649122807,34.42,-119.69,2.583
5.5427,4.0,6.570291777188329,0.9522546419098143,1234.0,3.273209549071618,38.04,-121.36,1.621
3.875,52.0,4.577319587628866,1.0618556701030928,376.0,1.9381443298969072,34.0,-118.46,3.72
3.5938,46.0,4.731543624161074,1.1208053691275168,655.0,4.395973154362416,34.04,-118.17,1.411
2.2727,40.0,4.995412844036697,1.036697247706422,520.0,2.385321100917431,35.42,-119.02,0.672
1.8191,36.0,4.227665706051873,1.063400576368876,1247.0,3.5936599423631126,33.93,-118.27,0.927
4.9318,6.0,5.7944078947368425,1.0921052631578947,1705.0,2.804276315789474,37.7,-122.44,2.581
3.4609,29.0,4.507886435331231,0.9242902208201892,1091.0,3.441640378548896,32.69,-117.07,1.18
2.4054,38.0,6.100719424460432,1.0827338129496402,985.0,3.5431654676258995,37.11,-120.31,1.125
5.3316,37.0,4.548929663608563,1.0779816513761469,1291.0,1.974006116207951,34.06,-118.39,5.00001
3.5833,45.0,5.424418604651163,0.997093023255814,919.0,2.671511627906977,33.86,-118.13,2.002
2.9663,39.0,4.813708260105448,1.0070298769771528,1223.0,2.149384885764499,38.45,-122.71,1.854
3.0962,38.0,4.4475,1.0325,1061.0,2.6525,37.68,-122.1,1.809
3.1949,25.0,4.433962264150943,1.0251572327044025,1107.0,2.320754716981132,34.08,-117.89,2.074
6.6265,30.0,6.022292993630574,1.1592356687898089,635.0,2.022292993630573,33.6,-117.86,5.00001
2.8214,14.0,10.529255319148936,2.257978723404255,1064.0,2.8297872340425534,34.29,-116.76,1.114
2.4937,31.0,5.278026905829597,0.9910313901345292,744.0,3.336322869955157,36.65,-120.25,0.66
5.7057,27.0,6.019108280254777,0.964968152866242,889.0,2.8312101910828025,37.53,-122.01,2.876
2.6033,22.0,4.055194805194805,1.0876623376623376,699.0,2.26948051948052,38.34,-122.71,1.216
4.9904,5.0,7.843010752688172,1.2247311827956988,3123.0,3.358064516129032,34.6,-118.16,1.541
3.343,22.0,4.285714285714286,1.216117216117216,1382.0,2.531135531135531,33.89,-117.87,1.846
2.8906,11.0,7.918918918918919,1.6891891891891893,317.0,4.283783783783784,34.61,-120.09,0.844
2.2937,25.0,5.186264308012487,1.0707596253902183,2414.0,2.5119667013527573,36.31,-119.79,0.723
3.4286,34.0,5.886831275720165,1.0493827160493827,1375.0,2.8292181069958846,35.34,-119.02,0.714
5.2405,36.0,6.335,0.955,640.0,3.2,34.09,-117.87,2.2
7.736,21.0,7.0,1.0469208211143697,913.0,2.677419354838709,37.11,-121.95,3.977
5.0764,24.0,5.455069124423964,1.1002304147465438,2600.0,2.995391705069125,33.82,-117.94,2.286
4.3807,23.0,4.922137404580153,0.9954198473282444,2183.0,3.332824427480916,37.41,-121.88,2.269
4.075,7.0,6.398757763975155,1.0770186335403726,2553.0,3.1714285714285717,37.79,-121.24,1.95
3.9118,46.0,4.868525896414343,0.9402390438247012,819.0,3.262948207171315,37.96,-122.33,1.294
3.7292,52.0,4.566724436741768,1.0173310225303294,1302.0,2.256499133448873,37.78,-122.47,4.167
3.875,11.0,9.37546468401487,2.0,616.0,2.2899628252788102,33.04,-116.61,1.981
3.8571,52.0,5.044943820224719,1.0192616372391654,1350.0,2.1669341894061,37.77,-122.47,3.667
2.5743,9.0,6.587012987012987,1.2961038961038962,832.0,2.161038961038961,34.59,-120.14,3.098
1.8839,25.0,5.232294617563739,1.0509915014164306,1460.0,4.135977337110481,36.31,-119.61,0.463
3.5488,42.0,4.821576763485477,1.095435684647303,1044.0,4.331950207468879,33.79,-118.26,2.056
2.5111,49.0,4.886792452830188,0.9643605870020964,1290.0,2.7044025157232703,36.75,-119.75,0.554
2.425,17.0,5.48575712143928,1.1019490254872564,1970.0,2.953523238380809,39.4,-121.46,0.962
2.6087,18.0,5.606741573033708,1.0646067415730338,1327.0,3.72752808988764,36.96,-119.95,0.96
2.478,16.0,3.838763575605681,1.1203007518796992,2849.0,2.380116959064328,33.17,-117.35,1.856
2.1888,30.0,3.297029702970297,1.0367751060820367,2172.0,3.072135785007072,34.21,-118.45,1.956
5.1237,52.0,5.7828418230563,0.970509383378016,1001.0,2.683646112600536,33.88,-117.93,2.4
2.9183,46.0,5.296969696969697,1.096969696969697,808.0,2.4484848484848483,39.41,-123.36,0.769
6.1953,14.0,6.684418145956608,0.9339250493096648,2768.0,2.7297830374753453,38.31,-122.33,2.589
3.2963,52.0,5.223958333333333,1.0729166666666667,825.0,2.1484375,38.57,-121.45,2.361
1.9265,44.0,6.880851063829788,1.5872340425531914,1112.0,2.3659574468085105,38.5,-122.97,1.327
5.2729,13.0,6.559055118110236,1.0236220472440944,405.0,3.188976377952756,36.9,-121.68,3.229
3.625,22.0,5.161616161616162,0.9797979797979798,517.0,2.611111111111111,37.92,-120.4,0.994
3.3523,25.0,4.997245179063361,1.1129476584022038,1187.0,3.269972451790633,34.07,-117.94,1.708
2.1149,43.0,5.364077669902913,1.1699029126213591,982.0,4.766990291262136,37.32,-121.89,1.849
3.8788,20.0,5.140068886337543,1.060849598163031,2656.0,3.049368541905855,37.13,-121.66,2.269
3.2484,16.0,4.339915373765868,1.0338504936530324,1447.0,2.040902679830748,38.0,-122.04,0.911
2.2875,17.0,4.081916537867079,0.9690880989180836,1167.0,1.80370942812983,33.11,-117.11,1.324
5.0871,36.0,5.081967213114754,1.0027322404371584,794.0,2.169398907103825,37.39,-122.1,3.545
3.2216,39.0,4.48132183908046,1.089080459770115,1807.0,2.596264367816092,37.62,-122.41,2.427
3.1406,33.0,5.448584202682564,1.014903129657228,1698.0,2.530551415797317,37.97,-121.35,0.939
5.9039,21.0,6.445414847161572,1.0436681222707425,2616.0,2.8558951965065504,37.03,-122.01,3.553
2.6336,43.0,3.104404567699837,1.0358890701468189,1919.0,3.130505709624796,34.09,-118.25,1.743
3.0321,21.0,4.731082654249127,1.0139697322467986,1847.0,2.150174621653085,38.92,-121.1,1.355
2.5667,12.0,4.764840182648402,0.9680365296803652,1603.0,3.6598173515981736,40.88,-124.06,1.395
1.76,29.0,3.664335664335664,1.062937062937063,1697.0,3.955710955710956,37.3,-120.5,0.632
1.875,30.0,5.668949771689498,1.3082191780821917,1172.0,2.675799086757991,34.17,-117.3,0.897
2.2188,20.0,5.739795918367347,1.1785714285714286,521.0,2.6581632653061225,39.14,-122.88,1.063
2.065,26.0,10.583333333333334,2.055555555555556,498.0,2.305555555555556,39.52,-120.51,0.961
1.8589,20.0,5.225,1.05,921.0,2.558333333333333,38.68,-121.29,1.44
2.8192,29.0,5.350378787878788,1.0265151515151516,3985.0,3.773674242424242,33.68,-117.7,1.625
12.3767,27.0,7.737037037037037,1.1222222222222222,654.0,2.422222222222222,34.12,-118.42,5.00001
3.3081,14.0,5.365195027861123,1.0741534504929275,6389.0,2.738534076296614,32.83,-116.95,1.687
3.1711,35.0,6.147388059701493,1.044776119402985,1454.0,2.712686567164179,38.59,-121.31,1.019
4.4583,44.0,5.813513513513514,1.1108108108108108,849.0,2.2945945945945945,37.55,-122.32,3.971
1.9688,43.0,4.740663900414938,0.9937759336099584,1169.0,2.425311203319502,40.79,-124.17,0.705
4.375,33.0,6.039647577092511,1.039647577092511,715.0,3.149779735682819,33.93,-117.44,1.299
9.7912,44.0,7.036290322580645,0.9556451612903226,693.0,2.794354838709677,34.13,-118.1,5.00001
2.4952,14.0,5.708609271523179,1.043046357615894,939.0,3.109271523178808,39.47,-121.54,0.539
5.2078,30.0,6.3323170731707314,1.0426829268292683,816.0,2.4878048780487805,37.0,-122.03,4.405
4.2083,9.0,5.026352288488211,1.1262135922330097,1856.0,2.574202496532594,37.27,-121.84,1.984
4.7068,6.0,5.81031976744186,1.059593023255814,4771.0,3.467296511627907,32.62,-116.98,1.843
2.1667,36.0,6.573099415204679,1.0760233918128654,504.0,2.9473684210526314,39.18,-121.43,0.938
3.4183,29.0,7.146031746031746,1.4730158730158731,855.0,2.7142857142857144,34.39,-117.13,1.041
4.3625,13.0,6.970731707317073,1.0195121951219512,702.0,3.424390243902439,36.93,-119.87,1.118
2.8167,10.0,6.080078125,1.150390625,1508.0,2.9453125,37.19,-119.68,0.961
2.2992,52.0,4.966587112171838,1.1408114558472553,1051.0,2.5083532219570404,40.41,-120.66,0.702
2.0469,15.0,4.826666666666667,1.176,1157.0,3.0853333333333333,39.08,-121.53,0.551
3.3125,22.0,4.069986541049798,1.0148048452220726,2357.0,3.172274562584118,33.75,-117.99,1.918
3.5052,52.0,3.85824493731919,1.0453230472516877,2129.0,2.0530376084860174,37.76,-122.42,3.912
2.6193,28.0,4.238636363636363,1.0522727272727272,1182.0,2.6863636363636365,34.27,-118.46,1.723
3.9286,25.0,4.711640211640212,0.9232804232804231,918.0,2.4285714285714284,33.84,-117.88,2.627
4.6375,15.0,4.350393700787402,1.059055118110236,1669.0,1.6427165354330708,34.15,-118.44,3.591
1.767,15.0,4.436893203883495,0.9902912621359224,1266.0,4.097087378640777,36.59,-119.43,0.633
2.3724,27.0,3.2284644194756558,1.048689138576779,1243.0,4.655430711610487,34.28,-118.43,1.542
8.3617,52.0,5.516129032258065,0.9314516129032258,737.0,2.971774193548387,34.06,-118.33,4.338
3.4013,35.0,5.303030303030303,0.987012987012987,720.0,3.116883116883117,34.23,-118.43,1.765
6.1536,37.0,6.838905775075988,1.094224924012158,989.0,3.0060790273556237,34.12,-118.02,3.66
1.3042,45.0,3.953379953379953,0.9883449883449884,1502.0,3.501165501165501,33.98,-118.27,0.992
2.7885,34.0,4.384068278805121,0.9985775248933144,1795.0,2.5533428165007117,38.26,-122.04,1.059
3.5573,21.0,4.104494382022472,1.0741573033707863,1510.0,1.696629213483146,34.07,-118.38,5.00001
6.7099,50.0,7.503521126760563,1.0352112676056338,753.0,2.651408450704225,34.11,-118.11,3.522
3.0773,15.0,3.9102902374670174,0.9102902374670184,669.0,1.7651715039577835,34.43,-119.82,1.125
3.227,18.0,3.83249581239531,1.016750418760469,2305.0,3.8609715242881073,34.38,-118.53,1.361
0.9166,42.0,5.035714285714286,1.2357142857142858,739.0,5.2785714285714285,33.95,-118.23,0.99
3.6964,47.0,4.117249154453213,1.0901916572717023,1438.0,1.62119503945885,34.06,-118.4,5.00001
3.3333,49.0,5.436440677966102,1.0084745762711864,576.0,2.440677966101695,37.9,-122.29,2.768
3.7031,36.0,6.27683615819209,1.03954802259887,444.0,2.5084745762711864,33.81,-118.1,2.453
3.1972,20.0,3.5460122699386503,1.1196319018404908,583.0,1.7883435582822085,37.75,-122.28,1.0
2.8203,8.0,3.3258426966292136,0.9303370786516854,856.0,1.9235955056179772,37.41,-122.09,2.841
9.6885,20.0,8.16842105263158,1.0921052631578947,1061.0,2.792105263157895,34.4,-119.79,5.00001
2.569,9.0,4.325549450549451,1.0384615384615383,4451.0,3.0570054945054945,32.57,-117.08,0.883
1.852,40.0,3.9678638941398874,1.1323251417769375,2311.0,4.368620037807183,34.0,-118.27,1.015
2.7647,20.0,4.109677419354838,1.0150537634408603,1407.0,3.0258064516129037,33.96,-118.09,1.63
1.4625,43.0,5.144,1.16,2400.0,3.84,38.53,-121.47,0.544
4.0313,18.0,15.813953488372093,3.116279069767442,350.0,2.713178294573644,39.04,-120.16,1.26
5.0477,16.0,4.230460921843688,0.9719438877755512,1285.0,2.5751503006012024,37.3,-121.93,2.925
3.0982,18.0,4.7700258397932815,1.082687338501292,1581.0,4.0852713178294575,33.21,-117.24,1.113
4.4821,35.0,5.987931034482759,0.9706896551724138,2091.0,3.605172413793104,33.84,-118.02,2.141
0.9506,40.0,3.9,1.21875,423.0,2.64375,37.82,-122.26,1.875
1.705,33.0,2.511475409836065,1.137704918032787,918.0,3.0098360655737704,34.1,-118.31,3.5
1.6521,36.0,4.068476977567887,1.1216056670602126,2460.0,2.9043683589138136,38.52,-121.44,0.697
4.0208,15.0,10.4,2.45,51.0,2.55,32.93,-115.88,0.325
3.0,37.0,5.129363449691992,0.969199178644764,1291.0,2.650924024640657,34.13,-117.25,0.834
2.8287,28.0,4.714285714285714,0.974025974025974,919.0,2.9837662337662336,36.58,-119.6,0.731
1.9479,26.0,4.267326732673268,0.9801980198019802,984.0,3.247524752475248,37.76,-122.19,0.858
3.7344,31.0,5.6770186335403725,1.0993788819875776,556.0,3.453416149068323,33.95,-117.44,1.153
2.2461,35.0,3.796875,1.0546875,550.0,2.1484375,34.18,-118.44,2.15
4.625,47.0,5.068965517241379,1.0632183908045978,536.0,3.0804597701149423,33.88,-118.18,1.63
1.5208,10.0,3.526605504587156,1.0587155963302752,1595.0,2.926605504587156,32.76,-117.09,1.188
3.0904,36.0,5.193661971830986,0.9507042253521126,1149.0,4.045774647887324,34.05,-117.96,1.586
2.8611,31.0,4.385767790262173,1.202247191011236,603.0,2.258426966292135,33.03,-117.33,3.143
6.9096,33.0,7.392592592592592,0.9925925925925926,686.0,2.5407407407407407,37.73,-122.13,3.418
4.21,45.0,5.089171974522293,1.0360934182590231,1569.0,3.3312101910828025,34.12,-118.18,1.679
1.9667,2.0,5.715976331360947,1.5976331360946745,233.0,1.378698224852071,34.42,-118.56,4.5
5.2108,31.0,5.846153846153846,1.083916083916084,1604.0,2.804195804195804,37.34,-122.0,3.515
1.2049,17.0,4.3375,1.20625,775.0,2.421875,32.74,-114.66,0.44
1.7328,44.0,4.053061224489796,1.1693877551020408,1044.0,2.130612244897959,38.56,-121.47,0.881
4.5094,12.0,4.42638036809816,1.0920245398773003,1913.0,1.956032719836401,33.67,-117.77,1.602
4.05,34.0,4.191489361702128,0.9361702127659576,152.0,3.234042553191489,37.33,-121.9,2.0
4.5735,39.0,5.284848484848485,1.0272727272727271,1048.0,3.175757575757576,33.89,-118.14,1.955
1.9943,27.0,5.177290836653387,1.0,1241.0,2.4721115537848606,39.37,-121.67,0.863
5.9639,22.0,6.330708661417323,1.031496062992126,1486.0,2.3401574803149607,33.89,-117.85,2.623
3.6201,21.0,4.666219839142091,1.0831099195710456,1866.0,2.5013404825737267,34.11,-117.81,1.504
3.6531,30.0,4.562,1.044,1969.0,3.938,34.08,-118.01,1.663
3.5611,12.0,6.175373134328358,1.0845771144278606,2191.0,2.7251243781094527,36.23,-119.34,0.902
4.4653,32.0,5.440643863179075,1.03420523138833,1669.0,3.358148893360161,34.08,-117.94,1.954
3.1359,38.0,4.10668380462725,1.06426735218509,2410.0,3.0976863753213366,37.73,-122.48,3.5
3.15,26.0,4.724691358024692,1.0049382716049382,3367.0,4.156790123456791,34.04,-117.73,1.297
3.3846,15.0,2.930327868852459,0.8770491803278688,1394.0,5.713114754098361,33.74,-117.91,1.625
7.1885,37.0,7.327586206896552,1.0172413793103448,598.0,3.4367816091954024,34.11,-118.04,5.00001
3.075,13.0,33.98969072164948,6.824742268041237,267.0,2.752577319587629,38.31,-120.27,1.083
2.2679,25.0,3.9716981132075473,0.9622641509433962,303.0,2.858490566037736,37.78,-120.85,0.713
1.0481,19.0,4.181818181818182,1.053291536050157,1171.0,3.670846394984326,36.72,-119.8,0.485
2.7353,17.0,5.348148148148148,1.0444444444444445,523.0,1.937037037037037,34.27,-118.47,1.924
1.4639,6.0,3.6898263027295286,1.1612903225806452,1509.0,3.744416873449131,34.0,-118.29,1.125
3.9338,36.0,4.9125,0.83125,463.0,2.89375,37.64,-122.08,1.827
2.7011,8.0,4.291989664082688,1.0400516795865633,1694.0,2.1886304909560725,38.66,-121.35,1.307
6.0577,25.0,6.12004530011325,1.0260475651189127,2338.0,2.6477916194790487,37.34,-122.03,4.518
1.4911,19.0,5.495412844036697,1.1743119266055049,1033.0,3.159021406727829,41.11,-123.63,0.592
3.3005,12.0,5.92018779342723,1.0985915492957747,1970.0,3.082942097026604,40.39,-122.37,0.985
3.6389,34.0,3.868544600938967,1.051643192488263,430.0,2.0187793427230045,34.13,-118.15,2.15
4.9444,16.0,5.533980582524272,0.8786407766990292,627.0,3.0436893203883497,34.11,-117.39,1.327
3.4773,31.0,4.611898016997167,1.028328611898017,1595.0,2.259206798866856,32.79,-117.0,1.558
3.4028,33.0,3.9106382978723406,0.8851063829787233,724.0,3.0808510638297872,33.93,-117.47,1.105
10.3224,32.0,7.83879781420765,1.0191256830601092,2099.0,2.8674863387978142,37.9,-122.14,5.00001
3.4323,41.0,3.9322033898305087,1.055084745762712,1108.0,4.694915254237288,33.94,-118.22,1.446
8.2049,28.0,6.978947368421053,0.968421052631579,463.0,2.4368421052631577,37.83,-122.19,3.352
5.0864,4.0,6.964285714285714,1.0844155844155845,1024.0,3.324675324675325,36.83,-119.67,1.137
7.1322,35.0,7.718346253229974,1.0103359173126616,1244.0,3.214470284237726,34.17,-118.56,5.00001
2.5,36.0,5.506666666666667,1.1133333333333333,432.0,2.88,37.65,-120.98,1.031
6.7042,18.0,6.197241379310345,1.0482758620689656,1784.0,2.460689655172414,37.53,-122.33,4.13
3.3155,27.0,4.419243986254296,1.2164948453608246,2321.0,2.65864833906071,33.43,-117.62,2.31
5.2957,18.0,6.483931947069944,1.0198487712665407,3205.0,3.02930056710775,38.09,-122.2,1.719
2.4828,25.0,4.085653104925053,1.0985010706638116,956.0,2.04710920770878,32.75,-117.14,1.333
9.5908,37.0,4.352941176470588,1.1176470588235294,63.0,3.7058823529411766,37.14,-121.98,3.5
3.6905,21.0,4.058917197452229,1.036624203821656,1624.0,2.5859872611464967,34.2,-118.55,1.798
1.9074,26.0,4.26417704011065,1.1147994467496545,960.0,1.3278008298755186,33.77,-118.08,0.685
2.4167,31.0,4.105263157894737,1.0202429149797572,1064.0,4.307692307692308,34.03,-118.17,1.255
1.5045,43.0,4.58968058968059,1.1203931203931203,1061.0,2.6068796068796067,37.82,-122.27,0.938
2.1472,19.0,4.927645788336933,1.154427645788337,2256.0,2.4362850971922247,38.64,-121.38,1.434
4.6042,51.0,6.66412213740458,1.025445292620865,922.0,2.346055979643766,37.73,-122.14,2.519
3.4539,43.0,4.561068702290076,0.9770992366412212,1251.0,4.774809160305344,33.92,-118.22,1.25
1.5893,17.0,4.244336569579288,1.0663430420711977,1912.0,3.093851132686084,36.07,-119.04,0.52
3.225,32.0,4.305714285714286,1.082857142857143,1082.0,3.091428571428572,33.88,-118.21,1.382
4.6,30.0,6.246732026143791,1.2091503267973855,1449.0,2.367647058823529,34.16,-118.47,3.925
10.675,28.0,7.96875,0.9854166666666668,1415.0,2.9479166666666665,37.27,-122.01,5.00001
7.7261,32.0,7.06831119544592,1.079696394686907,1304.0,2.47438330170778,34.47,-119.7,5.00001
3.6375,26.0,4.933774834437086,1.0662251655629138,247.0,1.6357615894039734,33.86,-117.92,1.339
5.738,33.0,5.984615384615385,1.1,258.0,1.984615384615385,34.14,-118.41,4.976
2.4375,39.0,4.844559585492228,1.0880829015544042,711.0,3.683937823834197,33.91,-118.26,1.019
1.1875,17.0,3.017605633802817,1.0070422535211268,1590.0,2.7992957746478875,34.06,-118.13,1.839
2.5806,47.0,4.739057239057239,1.1430976430976432,1533.0,2.580808080808081,34.05,-118.35,2.341
2.3482,17.0,3.879154078549849,1.0735146022155089,2986.0,3.0070493454179257,34.17,-118.29,2.554
6.5146,18.0,6.712195121951219,1.0975609756097562,670.0,3.268292682926829,34.22,-118.63,2.776
3.38,28.0,4.064233576642335,1.0744525547445256,1534.0,2.2394160583941605,37.58,-122.33,2.854
2.7218,38.0,3.809090909090909,0.9745454545454544,1240.0,2.2545454545454544,32.64,-117.09,1.459
10.6605,50.0,7.379464285714286,1.125,641.0,2.861607142857143,37.73,-122.47,5.00001
3.5652,16.0,6.192,1.18,605.0,2.42,39.05,-122.92,1.19
1.8438,35.0,4.623853211009174,1.1559633027522935,323.0,2.963302752293578,37.74,-122.18,0.905
2.9107,7.0,5.545454545454546,1.0984848484848484,431.0,3.265151515151515,34.06,-117.7,0.953
6.2517,25.0,7.195372750642673,0.9974293059125964,1348.0,3.4652956298200515,33.99,-117.96,3.111
3.6953,14.0,4.877419354838709,0.9096774193548388,424.0,2.735483870967742,38.66,-121.36,1.161
3.2891,27.0,5.240331491712707,1.0662983425414363,1756.0,2.425414364640884,38.05,-122.14,1.506
2.1442,52.0,3.948863636363636,1.036931818181818,921.0,2.616477272727273,37.34,-121.88,1.889
4.0444,32.0,5.9922720247295205,1.061823802163833,1642.0,2.537867078825348,38.0,-121.34,1.292
4.0,38.0,4.56140350877193,0.8859649122807017,557.0,2.442982456140351,33.96,-118.13,2.547
3.3268,23.0,4.440619621342513,1.114744693057946,4124.0,2.366035570854848,37.47,-122.22,3.228
4.3281,49.0,5.825622775800712,1.0818505338078293,729.0,2.5943060498220643,37.76,-122.49,3.231
9.1881,52.0,7.255506607929515,1.039647577092511,546.0,2.405286343612335,37.79,-122.48,5.00001
4.1776,32.0,5.928104575163399,1.0457516339869282,903.0,2.950980392156863,33.94,-117.44,1.187
1.2188,37.0,4.371345029239766,1.2543859649122806,865.0,2.5292397660818717,33.93,-116.88,0.55
3.2024,30.0,4.882252559726963,1.046075085324232,2065.0,3.5238907849829357,34.4,-118.91,1.761
3.1563,36.0,4.594059405940594,1.0759075907590758,1181.0,3.897689768976898,34.21,-118.37,1.764
3.0602,29.0,6.246212121212121,1.2954545454545454,671.0,2.5416666666666665,35.2,-119.93,0.698
6.3303,14.0,6.028358208955224,0.9985074626865672,1905.0,2.843283582089552,33.92,-117.87,3.03
3.1832,9.0,6.288461538461538,1.0833333333333333,596.0,3.8205128205128207,33.67,-117.31,1.574
3.436,37.0,5.516826923076923,1.0300480769230769,2920.0,3.5096153846153846,38.08,-122.22,0.948
8.0639,35.0,8.022598870056497,1.0903954802259888,469.0,2.6497175141242937,32.83,-117.27,5.00001
2.875,17.0,5.691082802547771,1.0509554140127388,1341.0,4.270700636942675,32.82,-117.11,1.125
3.1517,22.0,3.62991452991453,1.070940170940171,1766.0,1.5094017094017094,34.09,-118.37,3.417
4.625,19.0,5.037037037037037,1.0449735449735449,1776.0,2.3492063492063493,33.67,-117.99,2.822
3.2447,12.0,4.936859147328656,1.0286022665947112,4656.0,2.512682137075013,37.7,-121.01,1.422
2.5417,43.0,4.186385737439222,1.0259319286871962,1544.0,2.502431118314425,34.15,-118.0,1.783
2.7266,28.0,6.131914893617021,1.2567375886524823,1650.0,2.3404255319148937,35.36,-120.83,2.668
3.1087,24.0,4.735015772870662,1.0157728706624605,1495.0,2.358044164037855,33.82,-118.0,2.028
3.538,21.0,5.026578073089701,1.0598006644518272,943.0,3.132890365448505,40.97,-124.01,1.027
1.7951,18.0,3.9053356282271943,1.1738382099827882,1329.0,2.287435456110155,32.77,-117.06,1.618
4.235,16.0,5.115492957746479,1.028169014084507,1367.0,3.850704225352113,37.59,-122.08,1.563
5.4225,17.0,5.401215805471125,0.9969604863221884,1235.0,3.753799392097264,37.39,-121.86,2.581
3.145,37.0,5.3478260869565215,1.034324942791762,948.0,2.1693363844393594,33.98,-117.39,1.691
2.1458,40.0,5.562111801242236,1.1149068322981366,679.0,2.108695652173913,37.64,-120.98,1.303
3.4417,15.0,3.087264150943396,1.125,1330.0,3.1367924528301887,33.65,-117.92,1.825
3.141,43.0,5.0736,1.064,1534.0,2.4544,32.76,-117.04,1.414
2.0801,44.0,3.38989898989899,1.0383838383838384,1700.0,3.4343434343434343,37.78,-122.22,1.319
6.6112,31.0,6.758474576271187,0.9194915254237288,542.0,2.296610169491525,38.51,-121.51,2.516
1.9219,52.0,3.819787985865725,1.098939929328622,904.0,3.1943462897526502,34.12,-118.18,1.651
3.0703,37.0,5.049586776859504,1.068870523415978,1093.0,3.0110192837465566,37.72,-122.46,2.118
2.0547,13.0,4.867783985102421,1.2104283054003724,1949.0,3.629422718808194,34.58,-118.12,1.026
1.625,38.0,4.616766467065868,1.089820359281437,1220.0,3.6526946107784433,36.97,-120.06,0.528
2.3152,25.0,5.412844036697248,1.055045871559633,1424.0,3.26605504587156,36.21,-119.32,0.631
3.1641,18.0,5.477203647416413,1.0182370820668694,1110.0,3.3738601823708207,37.55,-120.8,0.963
3.2552,51.0,4.810502283105023,1.0753424657534247,1173.0,2.6780821917808217,37.77,-122.18,1.201
1.1479,29.0,4.023529411764706,1.103529411764706,990.0,2.3294117647058825,40.87,-124.08,1.011
3.6712,30.0,3.6599825632083696,1.084568439407149,2678.0,2.334786399302528,37.46,-122.15,3.086
2.8235,32.0,5.101321585903084,1.0748898678414096,598.0,2.6343612334801763,39.03,-121.37,0.655
3.2481,34.0,5.528225806451613,0.9899193548387096,1761.0,3.5504032258064515,34.08,-117.72,1.288
4.3636,33.0,5.510204081632653,1.0148423005565863,1869.0,3.467532467532468,33.81,-118.0,2.018
1.5326,52.0,3.676795580110497,0.9558011049723756,1144.0,3.160220994475138,33.97,-118.26,0.906
15.0001,37.0,8.761061946902656,1.0,697.0,3.084070796460177,34.15,-118.06,5.00001
2.4922,24.0,4.731884057971015,0.9637681159420288,889.0,3.221014492753623,36.19,-119.37,0.661
3.6398,27.0,5.952702702702703,1.0518018018018018,1455.0,3.277027027027027,38.21,-121.32,1.467
6.2034,22.0,6.532293986636971,1.0267260579064588,1283.0,2.8574610244988863,38.21,-122.63,2.911
3.4432,39.0,5.353535353535354,1.0323232323232323,1537.0,3.105050505050505,34.07,-117.63,1.067
2.0625,15.0,4.538775510204082,1.0448979591836736,411.0,1.6775510204081632,34.4,-119.51,3.143
2.6991,50.0,4.809338521400778,1.0972762645914398,1079.0,4.198443579766537,34.4,-119.05,1.813
2.9564,34.0,4.052048726467331,0.9933554817275748,2479.0,2.745293466223699,37.67,-122.1,1.505
3.0,16.0,41.333333333333336,8.476190476190476,44.0,2.095238095238096,39.3,-120.33,1.75
4.2464,16.0,6.0073664825046045,0.98158379373849,1794.0,3.303867403314917,38.7,-121.25,1.444
2.9154,9.0,3.719251336898396,1.181818181818182,1790.0,2.393048128342246,33.79,-118.3,2.033
3.875,36.0,5.204081632653061,0.926530612244898,530.0,2.163265306122449,38.6,-121.36,1.336
1.125,18.0,5.4875,1.38125,837.0,2.615625,38.64,-121.44,0.705
3.6,48.0,4.988919667590028,0.9778393351800554,1071.0,2.966759002770083,36.92,-121.75,1.945
2.8625,21.0,4.958695652173913,1.2108695652173913,1510.0,3.282608695652174,33.82,-117.99,1.896
2.3661,37.0,7.923566878980892,1.5732484076433122,484.0,3.082802547770701,39.01,-121.47,0.775
2.5938,45.0,5.555555555555555,0.984126984126984,187.0,2.9682539682539684,37.55,-120.85,2.75
1.6911,18.0,4.771653543307087,1.022965879265092,5022.0,3.295275590551181,39.72,-121.85,0.988
4.2232,33.0,6.1896955503512885,1.0866510538641687,1015.0,2.377049180327869,37.46,-122.23,3.637
2.4318,5.0,4.33609958506224,0.9730290456431536,1911.0,3.964730290456432,34.97,-120.64,0.861
4.9792,26.0,5.663316582914573,1.0,543.0,2.728643216080402,37.13,-122.07,2.4
5.7393,9.0,5.792270531400966,0.9033816425120772,629.0,3.0386473429951693,34.03,-117.31,1.516
3.2151,7.0,3.353846153846154,1.0717948717948718,766.0,1.964102564102564,32.92,-117.14,1.063
4.6667,13.0,4.937677053824363,1.028328611898017,854.0,2.4192634560906514,32.9,-117.12,1.382
3.163,13.0,4.055681818181818,1.05,2159.0,2.453409090909091,33.79,-118.3,2.242
3.1389,35.0,4.813895781637717,0.9528535980148884,1177.0,2.9205955334987594,38.25,-122.03,1.011
4.0524,13.0,4.074949358541526,1.047265361242404,2946.0,1.9891964888588791,37.31,-121.92,2.139
1.5676,43.0,4.396484375,1.05859375,1479.0,2.888671875,40.57,-122.38,0.582
5.5425,12.0,7.181585677749361,1.1138107416879794,3019.0,3.860613810741688,34.02,-117.66,2.023
3.8529,17.0,4.916967509025271,1.023465703971119,2213.0,3.9945848375451263,32.58,-117.06,1.477
2.4821,37.0,5.250712250712251,1.0427350427350428,1207.0,3.438746438746439,33.88,-118.24,1.11
1.9417,32.0,7.647058823529412,2.2406417112299466,434.0,2.320855614973262,40.28,-124.25,0.761
4.7287,46.0,5.172881355932203,0.994915254237288,1373.0,2.3271186440677964,37.31,-121.91,3.4
1.3241,25.0,1.6544401544401544,1.135135135135135,3723.0,3.593629343629344,34.06,-118.27,1.125
10.3591,33.0,7.6369426751592355,1.0095541401273886,832.0,2.64968152866242,37.35,-122.08,5.00001
2.5921,20.0,6.024221453287197,1.1453287197231834,1466.0,5.072664359861592,36.52,-119.73,0.942
4.0651,33.0,3.781212841854935,1.028537455410226,1347.0,1.6016646848989298,34.09,-118.37,5.00001
3.1781,23.0,4.926391382405745,1.0556552962298025,1493.0,2.680430879712747,38.34,-122.71,1.62
2.1382,37.0,4.5697940503432495,0.9977116704805492,1349.0,3.0869565217391304,37.66,-122.08,1.666
4.3118,20.0,5.764849471114728,0.9943043124491456,3455.0,2.8112286411716845,38.68,-121.35,1.2
4.9205,35.0,5.152,0.96,758.0,3.032,33.93,-118.0,1.739
3.5547,25.0,6.172413793103448,1.091954022988506,882.0,3.3793103448275863,37.49,-120.82,1.224
6.4211,17.0,7.035353535353536,1.0,1228.0,3.101010101010101,33.03,-117.09,2.207
3.7727,22.0,4.805602716468591,1.0263157894736843,5389.0,4.574702886247878,34.1,-117.98,1.597
7.3031,24.0,7.175384615384616,1.073846153846154,761.0,2.3415384615384616,34.06,-118.56,5.00001
1.913,35.0,2.9674620390455533,1.054229934924078,2239.0,4.856832971800434,34.02,-118.25,1.143
4.1656,37.0,6.325367647058823,1.0735294117647058,1283.0,2.358455882352941,34.16,-118.6,3.131
4.2381,22.0,5.777777777777778,1.0049019607843137,1650.0,2.696078431372549,34.27,-119.23,2.293
2.9097,16.0,4.203463203463204,1.0432900432900434,1705.0,2.4603174603174605,37.96,-122.04,1.063
8.0837,25.0,7.587242026266416,1.0337711069418387,1699.0,3.1876172607879925,37.3,-122.01,3.806
3.0989,21.0,4.013341419041844,1.0751970891449365,4396.0,2.6658580958156457,33.87,-118.14,1.714
1.8039,42.0,3.543726235741445,0.9657794676806084,900.0,3.4220532319391634,37.77,-122.19,0.923
3.0938,31.0,3.667655786350149,0.9762611275964392,1486.0,4.4094955489614245,33.98,-118.17,1.554
3.0069,25.0,3.0643776824034337,1.0271816881258942,1390.0,1.988555078683834,34.04,-118.46,3.25
2.9792,37.0,5.393728222996516,1.1428571428571428,863.0,3.0069686411149825,38.73,-122.95,1.513
2.425,52.0,5.590804597701149,1.137931034482759,928.0,2.1333333333333333,39.22,-121.07,1.211
1.35,40.0,4.171328671328672,0.9790209790209792,1210.0,4.230769230769231,33.95,-118.24,0.895
5.1674,20.0,5.154491017964072,1.0191616766467066,2059.0,2.465868263473054,37.35,-122.0,3.33
3.3162,27.0,5.238235294117647,1.2970588235294118,759.0,2.2323529411764707,33.78,-116.47,1.136
2.6842,44.0,5.169642857142857,1.0089285714285714,1094.0,4.883928571428571,37.88,-121.38,1.563
3.89,36.0,5.805471124620061,1.0699088145896656,1593.0,4.8419452887538,33.72,-117.88,1.7
8.3996,15.0,7.946778711484594,1.0476190476190477,2412.0,3.3781512605042017,37.56,-121.94,4.429
4.6591,27.0,6.4964200477326965,1.116945107398568,1164.0,2.778042959427208,34.26,-118.49,2.399
6.0666,30.0,6.446064139941691,1.0087463556851313,844.0,2.4606413994169096,37.84,-122.2,3.115
2.4821,33.0,3.595808383233533,1.0179640718562877,1482.0,4.437125748502994,33.96,-118.15,1.5
3.2344,44.0,5.045081967213115,1.0573770491803278,682.0,2.795081967213114,33.85,-117.92,1.701
1.7206,21.0,3.4833333333333334,1.1,401.0,3.341666666666667,34.07,-117.27,0.821
2.3917,10.0,6.589686098654709,1.3565022421524664,1167.0,2.616591928251121,35.27,-118.34,0.79
5.035,15.0,5.647887323943662,0.9949698189134808,2754.0,2.7706237424547284,34.19,-119.21,2.429
4.6635,35.0,5.193333333333333,0.9533333333333334,371.0,2.473333333333333,34.25,-118.27,2.301
1.5,39.0,3.242811501597444,1.1373801916932906,875.0,2.7955271565495208,37.3,-120.48,0.67
4.2857,35.0,4.859459459459459,0.9675675675675676,455.0,2.45945945945946,37.62,-122.04,1.904
5.611,36.0,5.727891156462585,1.0249433106575965,996.0,2.258503401360544,33.98,-118.4,4.566
6.6852,25.0,7.302439024390244,1.2658536585365854,903.0,2.202439024390244,33.44,-117.67,5.00001
4.4286,35.0,5.830708661417323,1.0905511811023625,747.0,2.940944881889764,37.62,-122.54,2.621
3.4872,18.0,5.408759124087592,1.000912408759124,2697.0,2.460766423357664,38.69,-120.85,1.414
4.5938,8.0,6.4957805907173,1.1772151898734178,1572.0,3.316455696202532,33.65,-116.31,1.026
1.7552,24.0,4.418502202643172,1.105726872246696,1098.0,4.837004405286344,39.35,-121.65,0.864
3.0089,36.0,7.873015873015873,1.7777777777777777,334.0,2.6507936507936507,33.09,-116.58,1.344
3.4917,35.0,5.065068493150685,0.9315068493150684,963.0,3.297945205479452,33.91,-118.25,1.095
4.9219,7.0,6.090460526315789,1.1167763157894737,1375.0,2.2615131578947367,36.95,-121.87,3.684
2.9422,32.0,4.931608133086876,1.1256931608133087,1512.0,2.7948243992606283,34.1,-118.03,2.331
2.4554,30.0,4.594520547945206,0.9808219178082191,1159.0,3.175342465753425,36.2,-119.08,0.612
4.2121,14.0,5.14095744680851,0.922872340425532,1443.0,3.8377659574468086,34.11,-117.4,1.281
1.8176,45.0,4.632302405498282,1.0721649484536082,1059.0,1.8195876288659796,38.62,-121.39,1.609
1.2864,40.0,2.5520702634880803,1.1279799247176914,1257.0,1.577164366373902,33.77,-118.2,1.313
2.9571,28.0,5.215759849906191,0.9568480300187616,1638.0,3.073170731707317,38.48,-121.45,1.031
3.2188,39.0,2.0434782608695654,0.6956521739130435,51.0,2.217391304347826,33.99,-118.21,1.125
4.8021,45.0,5.927536231884058,1.0434782608695652,340.0,2.463768115942029,37.74,-121.42,1.335
3.3125,27.0,4.149080348499516,1.036786060019361,2863.0,2.771539206195547,34.19,-118.58,2.228
3.75,16.0,4.93646408839779,0.9972375690607734,1446.0,3.994475138121547,33.17,-117.21,1.638
1.8594,12.0,3.755403868031854,1.0955631399317407,2000.0,2.2753128555176336,32.74,-117.02,1.192
1.3274,21.0,2.828689370485036,1.061919504643963,2924.0,3.017543859649123,33.78,-118.19,2.188
10.8045,44.0,5.494845360824742,0.9278350515463918,291.0,3.0,34.06,-118.42,5.00001
4.8497,19.0,5.730994152046784,0.9415204678362572,2519.0,2.9461988304093567,38.5,-121.52,1.844
2.2439,18.0,7.426829268292683,1.6920731707317074,955.0,1.4557926829268293,33.77,-116.44,0.975
5.9224,24.0,6.349397590361446,1.0068846815834769,1898.0,3.2667814113597244,34.18,-118.94,2.394
4.8051,21.0,5.857142857142857,1.053391053391053,1874.0,2.704184704184704,39.0,-121.04,1.743
3.1528,35.0,4.158940397350993,0.9735099337748344,2990.0,9.900662251655628,34.05,-118.17,1.218
3.1923,40.0,4.3088235294117645,1.0496323529411764,1305.0,2.398897058823529,33.88,-118.12,1.919
1.375,26.0,3.675810473815461,1.0399002493765586,1065.0,2.655860349127182,39.13,-123.2,0.844
2.543,15.0,4.877094972067039,1.1154562383612665,1513.0,2.817504655493482,32.81,-116.95,1.0
3.3479,30.0,4.73225516621743,1.1257861635220126,4065.0,3.652291105121294,37.64,-122.08,1.821
4.1843,12.0,6.33008356545961,1.041782729805014,2033.0,2.831476323119777,38.62,-120.91,2.076
6.2247,36.0,6.088737201365188,1.061433447098976,901.0,3.0750853242320817,33.82,-118.36,3.39
8.4693,26.0,6.993079584775087,1.0224913494809689,1611.0,2.78719723183391,37.52,-122.32,4.192
4.6071,14.0,5.674698795180723,1.0271084337349397,1884.0,2.8373493975903616,35.28,-120.7,2.399
2.0674,14.0,5.2253668763102725,1.29769392033543,2517.0,2.638364779874214,34.2,-116.38,0.65
3.287,19.0,3.668181818181818,1.043939393939394,1726.0,2.6151515151515152,33.9,-118.3,1.814
3.25,46.0,5.270949720670391,1.0027932960893855,795.0,2.2206703910614527,32.76,-117.05,1.596
2.8438,32.0,3.851985559566787,1.032490974729242,1053.0,3.8014440433213,33.95,-118.37,1.817
2.8323,40.0,5.386804657179819,1.0504527813712807,1998.0,2.584734799482536,35.17,-119.46,0.508
6.9737,31.0,7.041436464088398,0.9806629834254144,1044.0,2.883977900552486,33.77,-117.88,2.888
4.5556,17.0,8.79058327477161,1.7287420941672522,2737.0,1.92340126493324,33.71,-116.38,2.581
3.3906,20.0,4.504118616144975,1.0840197693574958,1562.0,2.57331136738056,34.15,-118.24,2.841
3.0958,25.0,4.310618066561014,1.0776545166402536,1559.0,2.470681458003169,33.74,-117.82,1.378
7.8336,25.0,8.055016181229773,1.0161812297734627,911.0,2.9482200647249197,32.79,-117.07,2.776
3.0503,25.0,4.041284403669724,1.1577981651376146,2178.0,1.998165137614679,33.77,-118.17,2.25
3.3536,17.0,4.2419962335216574,1.073446327683616,2111.0,1.987758945386064,33.15,-117.34,2.833
6.9533,44.0,7.608024691358024,1.0123456790123455,843.0,2.601851851851852,37.55,-122.34,5.00001
3.8672,50.0,5.334801762114537,1.1497797356828194,523.0,2.303964757709251,37.88,-122.29,2.167
4.3288,23.0,6.065217391304348,0.9347826086956522,1407.0,3.0586956521739133,38.55,-121.38,1.337
15.0001,52.0,8.0,0.9973333333333332,1143.0,3.048,34.04,-118.5,5.00001
4.2283,36.0,5.6109422492401215,1.088145896656535,748.0,2.2735562310030395,34.4,-119.71,3.268
1.1859,52.0,2.922023182297155,1.0516332982086407,1721.0,1.8134878819810327,37.87,-122.26,2.417
7.6166,16.0,7.210412147505423,1.0390455531453362,1470.0,3.188720173535792,37.96,-121.99,2.604
2.9647,11.0,5.180218446601942,0.9969660194174758,4224.0,2.563106796116505,38.49,-121.38,1.089
1.9671,41.0,4.287394957983193,0.9983193277310924,1342.0,2.2554621848739496,35.36,-119.03,0.768
3.6875,44.0,5.177777777777778,0.9944444444444444,717.0,3.983333333333333,33.98,-118.12,1.781
4.5938,18.0,6.153664302600473,1.1300236406619386,1158.0,2.7375886524822697,36.33,-119.32,1.505
4.3952,12.0,5.860688550840672,1.0240192153722978,4048.0,3.2409927942353884,32.88,-116.98,1.517
3.5156,52.0,4.496183206106871,1.0076335877862594,288.0,2.198473282442748,37.87,-122.28,2.0
5.0066,12.0,3.8,1.4666666666666666,69.0,4.6,34.13,-119.05,2.75
4.6719,24.0,6.924901185770751,1.0296442687747036,1490.0,2.944664031620553,35.31,-120.7,3.37
5.3991,29.0,6.380281690140845,1.039003250270856,2784.0,3.0162513542795235,37.59,-122.48,2.73
7.9813,30.0,7.216216216216216,1.0,1097.0,2.6953316953316957,37.37,-122.07,4.735
4.0096,5.0,5.061293984108967,1.0170261066969353,2028.0,2.3019296254256525,34.04,-117.69,1.826
5.4042,34.0,5.945205479452055,1.0171232876712328,823.0,2.818493150684932,33.97,-118.13,2.416
2.2898,42.0,4.563981042654029,1.0236966824644549,471.0,2.2322274881516586,36.96,-120.07,0.661
2.4459,40.0,3.839655172413793,1.0241379310344827,2244.0,3.8689655172413793,33.94,-118.21,1.438
5.9522,26.0,6.196521739130435,1.0069565217391303,1479.0,2.5721739130434784,34.5,-119.75,4.384
1.4688,44.0,3.642487046632125,0.9248704663212436,1489.0,3.857512953367876,37.94,-121.28,0.568
1.5774,31.0,5.391379310344828,1.1448275862068966,1345.0,2.3189655172413794,40.14,-120.94,0.58
6.8695,27.0,6.567357512953368,1.0077720207253886,1071.0,2.7746113989637307,34.28,-118.49,3.194
1.325,46.0,4.825641025641025,1.117948717948718,621.0,3.1846153846153844,37.75,-122.18,0.871
5.17,39.0,6.190804597701149,1.0988505747126436,1219.0,2.802298850574713,34.16,-118.52,3.354
2.1212,16.0,5.330532212885154,1.112044817927171,1501.0,2.1022408963585435,37.35,-118.18,1.083
1.742,24.0,6.92896174863388,1.469945355191257,636.0,3.4754098360655736,36.49,-118.96,1.188
3.0897,24.0,5.136245110821382,1.0788787483702738,3898.0,2.5410691003911343,32.75,-117.03,1.873
3.0134,41.0,3.9130434782608696,0.9285714285714286,1535.0,4.767080745341615,33.91,-118.18,1.281
3.9615,45.0,4.361746361746362,1.0103950103950103,1343.0,2.7920997920997923,34.02,-118.38,2.686
2.1875,19.0,4.197309417040358,1.0964125560538116,1859.0,4.168161434977579,33.21,-117.24,1.217
5.1039,52.0,5.6280373831775705,1.0130841121495326,1303.0,2.4355140186915887,37.76,-122.23,2.738
2.7,45.0,4.639769452449568,1.170028818443804,1148.0,3.30835734870317,34.41,-118.8,1.204
8.7603,10.0,6.73224043715847,0.9480874316939892,1241.0,3.390710382513661,33.72,-117.75,3.625
8.1586,36.0,6.954451345755694,1.020703933747412,1298.0,2.6873706004140785,37.86,-122.16,4.043
4.6389,38.0,6.313609467455621,1.0059171597633136,499.0,2.9526627218934918,33.94,-118.32,1.838
0.8658,52.0,3.7265625,0.9609375,943.0,3.68359375,34.12,-117.27,0.875
4.9091,6.0,4.94017094017094,0.8162393162393162,910.0,3.888888888888889,34.07,-117.38,1.224
2.1198,21.0,5.404109589041096,0.9657534246575342,406.0,2.780821917808219,40.17,-120.37,0.735
3.3472,19.0,5.802752293577981,1.0458715596330277,755.0,3.463302752293578,38.65,-121.95,0.698
2.178,17.0,5.111301369863014,1.0445205479452055,1544.0,2.643835616438356,40.59,-124.14,0.768
2.5294,37.0,4.879256965944273,1.0340557275541795,1385.0,4.287925696594427,37.46,-122.13,1.594
2.9094,39.0,4.017045454545454,1.0965909090909092,1991.0,3.7708333333333335,33.95,-118.18,1.522
2.3269,35.0,4.614754098360656,1.0846994535519126,1135.0,3.101092896174863,32.73,-117.11,0.973
3.7109,35.0,4.912332838038633,1.0104011887072808,1742.0,2.588410104011887,33.95,-117.39,1.091
4.3036,35.0,5.699059561128527,1.0626959247648904,828.0,2.595611285266458,33.88,-118.32,2.821
3.0,30.0,4.488888888888889,1.053968253968254,1307.0,4.14920634920635,33.92,-118.03,1.583
5.6402,52.0,6.214285714285714,1.015625,957.0,2.1361607142857144,38.55,-121.5,2.098
3.9261,23.0,5.44839255499154,1.0203045685279188,1299.0,2.197969543147208,38.46,-122.71,2.133
5.0196,52.0,4.7224576271186445,1.055084745762712,1079.0,2.2860169491525424,37.74,-122.43,3.243
5.0357,45.0,4.870619946091645,0.9568733153638814,883.0,2.3800539083557952,34.0,-118.42,3.298
1.5455,13.0,5.822222222222222,1.4333333333333331,215.0,2.388888888888889,38.94,-122.62,0.55
3.3836,38.0,5.693581780538302,1.184265010351967,1410.0,2.919254658385093,34.08,-117.65,1.449
2.0817,35.0,4.481481481481482,1.0722222222222222,2010.0,3.7222222222222223,33.9,-118.21,1.046
4.005,7.0,4.966767371601208,1.0211480362537764,1143.0,3.4531722054380665,36.84,-121.44,1.804
6.2957,25.0,6.627831715210356,1.0080906148867317,2128.0,3.44336569579288,37.25,-121.81,2.518
4.1667,46.0,2.7142857142857144,0.5714285714285714,66.0,4.714285714285714,33.81,-117.99,1.625
4.3,20.0,6.270676691729324,1.137844611528822,981.0,2.4586466165413534,36.98,-122.0,2.75
3.2386,21.0,4.578723404255319,1.1212765957446809,996.0,2.119148936170213,34.17,-118.45,2.773
2.9141,11.0,9.855371900826446,2.731404958677686,682.0,2.8181818181818183,33.62,-116.74,2.143
4.125,15.0,9.497607655502392,1.7272727272727273,536.0,2.5645933014354068,33.05,-116.56,1.482
3.5214,50.0,4.1225626740947074,1.0598885793871866,1179.0,1.6420612813370474,33.76,-118.14,3.981
4.515,15.0,6.379061371841155,1.063778580024067,2335.0,2.809867629362214,38.92,-121.07,1.64
5.3072,25.0,5.921409214092141,1.002710027100271,1558.0,4.222222222222222,32.58,-117.05,1.327
1.6007,17.0,3.6099290780141846,1.1891252955082745,688.0,1.6264775413711583,34.27,-119.3,1.875
3.9732,28.0,4.6524663677130045,1.0381165919282511,1216.0,2.726457399103139,33.86,-118.35,2.815
7.8031,18.0,7.1535087719298245,1.0,599.0,2.6271929824561404,38.58,-121.34,2.672
3.7807,9.0,4.997677119628339,1.0452961672473868,2240.0,2.6016260162601625,34.68,-118.16,1.109
1.7378,39.0,3.553775743707094,1.0549199084668193,2271.0,5.196796338672769,33.98,-118.25,1.219
1.375,49.0,5.030395136778116,1.1124620060790271,754.0,2.291793313069909,37.83,-122.27,1.049
4.8717,27.0,7.032454361054767,1.105476673427992,1798.0,3.647058823529412,34.26,-118.74,2.041
2.0643,14.0,4.2817567567567565,1.0763513513513514,3909.0,2.641216216216216,37.51,-120.84,1.065
4.635,33.0,6.052380952380952,1.1095238095238096,1099.0,2.6166666666666667,38.46,-122.4,2.485
3.7344,46.0,4.817767653758542,1.0546697038724373,1133.0,2.580865603644647,34.19,-118.33,2.22
2.9052,52.0,3.654520917678812,1.02834008097166,1460.0,1.9703103913630229,37.75,-122.42,4.0
3.3565,26.0,4.169491525423729,1.059725585149314,2738.0,2.2098466505246166,33.82,-118.36,3.608
1.9028,47.0,3.784926470588236,1.1360294117647058,2033.0,3.7371323529411766,34.07,-118.25,2.179
5.5209,35.0,6.532258064516129,1.096774193548387,1052.0,4.241935483870968,34.22,-118.52,2.033
3.4764,13.0,4.711904761904762,1.0297619047619049,1981.0,2.3583333333333334,33.15,-117.09,1.375
3.175,37.0,5.337110481586402,1.0368271954674222,1052.0,2.9801699716713883,34.89,-117.04,0.668
2.7986,29.0,4.409090909090909,1.1414141414141414,649.0,3.2777777777777777,34.06,-117.69,1.144
2.5875,22.0,5.537735849056604,0.9867924528301888,1927.0,3.6358490566037736,36.23,-119.14,0.704
5.5423,14.0,6.7779690189328745,1.0783132530120485,3699.0,3.183304647160069,34.15,-117.8,2.487
3.925,37.0,5.4672897196261685,1.0124610591900312,699.0,2.177570093457944,37.35,-121.96,2.513
3.725,35.0,3.4433198380566803,0.9757085020242916,1428.0,2.890688259109312,33.99,-118.42,2.846
8.9955,39.0,6.976228209191759,0.9793977812995246,1616.0,2.561014263074485,37.44,-122.19,5.00001
4.5938,39.0,6.205882352941177,0.9411764705882352,635.0,2.334558823529412,32.73,-117.25,3.674
4.8472,19.0,7.309255079006772,1.419864559819413,1195.0,2.697516930022573,34.32,-119.39,5.00001
3.1599,9.0,5.212361331220285,0.9841521394611727,1866.0,2.9572107765451663,36.33,-119.24,0.95
2.8095,30.0,4.061633281972265,1.00462249614792,3412.0,5.257318952234207,33.82,-118.08,1.183
3.369,19.0,4.205278592375366,1.1466275659824048,1088.0,3.190615835777126,33.88,-118.01,2.696
3.1364,38.0,4.377215189873418,0.9974683544303796,801.0,2.027848101265823,34.44,-119.73,3.575
4.8036,45.0,5.344748858447488,1.052511415525114,1092.0,2.493150684931507,37.75,-122.49,2.978
2.0901,27.0,4.06,1.1311111111111112,852.0,1.893333333333333,38.56,-121.37,0.525
2.1213,35.0,3.9166666666666665,0.9553571428571428,732.0,2.1785714285714284,38.58,-121.53,0.792
2.8818,50.0,5.202614379084968,1.0762527233115469,1241.0,2.703703703703704,34.1,-117.77,1.672
5.4727,34.0,6.312785388127854,1.1757990867579908,1422.0,3.246575342465753,34.21,-118.15,2.389
2.625,20.0,5.953229398663697,1.0066815144766148,1394.0,3.10467706013363,36.27,-119.57,0.974
4.875,31.0,4.104602510460251,0.9288702928870292,734.0,3.071129707112971,33.9,-118.35,2.324
2.3507,39.0,5.165636588380717,1.0061804697156984,2111.0,2.609394313967861,39.74,-122.19,0.656
2.5938,18.0,4.470588235294118,1.0565167243367934,2386.0,2.7520184544406,38.34,-121.98,1.295
1.6792,43.0,3.255357142857143,1.0714285714285714,2339.0,4.176785714285714,33.79,-118.19,1.306
2.5033,44.0,4.106194690265487,1.0199115044247788,1853.0,4.099557522123894,34.06,-118.17,1.319
2.0547,52.0,5.135021097046414,1.371308016877637,508.0,2.1434599156118144,36.95,-122.01,3.267
4.4081,39.0,4.657360406091371,0.983502538071066,1519.0,1.927664974619289,37.94,-122.54,4.352
4.3889,52.0,4.290064102564102,1.0288461538461535,1144.0,1.8333333333333333,33.76,-118.14,3.78
1.7616,52.0,5.602150537634409,1.1612903225806452,1789.0,3.206093189964158,38.55,-121.46,0.841
3.2149,22.0,3.686274509803922,1.1495098039215683,1224.0,1.5,34.08,-118.37,3.0
2.3125,38.0,4.959322033898305,0.9966101694915256,692.0,2.3457627118644067,35.34,-119.02,0.658
3.3958,38.0,5.266447368421052,1.1578947368421053,711.0,2.338815789473684,33.79,-118.31,2.5
2.918,39.0,3.891737891737892,1.0446343779677112,2054.0,1.9506172839506173,34.0,-118.46,3.456
7.9767,16.0,7.065602836879433,1.00531914893617,1327.0,2.352836879432624,33.78,-118.11,5.00001
7.2628,21.0,6.1063829787234045,0.9297872340425531,1671.0,3.5553191489361704,33.86,-118.04,3.227
5.3962,23.0,6.897047086991221,1.0327214684756585,3594.0,2.868316041500399,38.11,-122.6,3.015
4.9464,41.0,4.994269340974212,1.0,811.0,2.32378223495702,37.54,-122.29,2.824
3.7083,35.0,5.858181818181818,1.0163636363636364,1970.0,3.581818181818182,34.07,-117.69,1.31
5.1991,39.0,6.309446254071661,1.0944625407166124,742.0,2.416938110749186,37.73,-122.49,3.694
4.8816,38.0,5.782352941176471,1.088235294117647,513.0,3.0176470588235293,34.25,-118.38,2.315
2.1414,46.0,2.8577319587628867,0.9422680412371134,1845.0,3.804123711340206,34.05,-118.3,1.577
4.0717,3.0,7.248285322359396,1.262002743484225,2703.0,3.707818930041152,33.8,-117.22,1.265
3.575,44.0,5.138297872340425,1.0319148936170213,676.0,2.397163120567376,37.33,-121.93,2.922
3.4063,28.0,5.488372093023256,1.1395348837209305,812.0,3.147286821705426,38.99,-123.39,1.094
3.7125,31.0,5.336349924585218,0.9924585218702866,1715.0,2.5867269984917045,34.16,-117.26,0.98
4.7961,4.0,4.825174825174825,1.1258741258741258,755.0,2.63986013986014,33.12,-117.29,1.688
5.7309,36.0,4.938053097345133,0.8805309734513275,662.0,2.9292035398230087,37.64,-122.08,1.779
3.4408,44.0,4.867881548974943,1.0501138952164009,1126.0,2.5649202733485192,33.87,-118.18,1.729
4.3571,16.0,4.142857142857143,0.9523809523809524,32.0,1.5238095238095235,33.03,-117.05,1.446
3.3594,22.0,5.623115577889447,1.105527638190955,565.0,2.8391959798994977,37.92,-122.32,1.869
4.2054,23.0,5.30940594059406,0.938118811881188,1360.0,3.366336633663366,33.2,-117.27,1.507
3.0398,5.0,5.054385964912281,1.024561403508772,1490.0,2.6140350877192984,37.63,-121.03,1.2
6.8553,33.0,6.760695187165775,1.0561497326203209,2021.0,2.7018716577540105,33.81,-118.37,4.822
1.8446,25.0,4.8359375,1.037109375,1589.0,1.5517578125,33.74,-116.98,0.857
2.1094,29.0,4.0,1.0623052959501558,1191.0,1.855140186915888,32.76,-117.13,1.625
1.9038,34.0,2.341232227488152,1.1345971563981043,2326.0,2.204739336492891,34.06,-118.31,3.25
2.0221,51.0,3.975190839694657,1.066793893129771,874.0,1.66793893129771,38.56,-121.47,0.958
1.9923,42.0,2.9171029668411865,1.0322862129144852,3480.0,3.0366492146596857,34.05,-118.32,2.5
3.79,52.0,4.643867924528302,0.9174528301886792,877.0,2.068396226415094,32.74,-117.12,1.634
0.9722,10.0,2.6923076923076925,1.0769230769230769,125.0,3.2051282051282053,37.8,-122.27,1.375
3.7344,47.0,6.219101123595506,1.1179775280898876,437.0,2.455056179775281,33.99,-118.34,1.794
2.5769,30.0,6.317567567567568,1.195945945945946,649.0,4.385135135135135,32.69,-115.59,0.944
6.4211,19.0,7.578723404255319,0.9340425531914892,1584.0,3.370212765957447,33.6,-117.69,2.881
2.3693,11.0,4.434607645875252,1.0422535211267605,1472.0,2.9617706237424546,32.86,-116.92,1.27
1.0217,33.0,3.609375,1.078125,598.0,3.114583333333333,37.64,-121.01,0.813
3.7015,27.0,4.376044568245125,1.085422469823584,2372.0,2.202414113277623,34.19,-118.31,2.879
2.5119,37.0,3.9292929292929295,1.0353535353535352,850.0,4.292929292929293,34.08,-118.06,1.805
6.2575,15.0,7.35546875,0.9921875,893.0,3.48828125,38.39,-121.37,1.435
3.1034,29.0,4.597222222222222,1.037037037037037,2013.0,4.659722222222222,34.11,-117.95,1.408
2.3125,31.0,4.77,1.01,2467.0,4.111666666666666,35.79,-119.23,0.621
2.2813,29.0,4.476340694006309,1.1451104100946372,1696.0,5.350157728706624,34.0,-118.25,1.013
3.6845,32.0,4.326388888888889,1.0208333333333333,1516.0,3.509259259259259,34.21,-118.39,1.785
8.9021,18.0,7.283783783783784,1.0405405405405406,555.0,2.5,37.37,-122.12,5.00001
3.7011,34.0,4.637931034482759,0.913793103448276,834.0,2.875862068965517,34.1,-117.43,0.995
4.0313,35.0,3.996794871794872,1.1057692307692308,1126.0,1.8044871794871795,32.77,-117.25,3.853
2.5052,23.0,4.582697201017812,1.0559796437659033,548.0,1.3944020356234097,37.3,-121.75,1.337
2.9119,45.0,4.796019900497512,0.8606965174129353,613.0,3.0497512437810945,37.72,-122.45,2.289
3.6467,14.0,5.174168297455969,1.0273972602739727,2021.0,3.954990215264188,34.05,-117.66,1.475
2.6417,35.0,4.232558139534884,0.9069767441860463,115.0,2.6744186046511627,38.55,-121.42,0.989
4.1304,38.0,4.124413145539906,1.0892018779342725,821.0,1.9272300469483568,33.55,-117.8,4.333
6.2787,18.0,7.307128580946036,1.0133244503664225,4439.0,2.957361758827449,32.81,-116.99,2.5
2.2926,17.0,4.860896445131376,1.071097372488408,1560.0,2.41112828438949,39.2,-123.21,1.493
1.7774,23.0,3.636898920510304,1.085377821393523,3785.0,3.714425907752698,38.0,-121.3,1.0
4.239,39.0,5.096774193548387,1.0496277915632757,1205.0,2.990074441687345,34.1,-118.19,2.13
4.4766,5.0,7.013544018058691,1.0767494356659142,1549.0,3.4966139954853275,37.79,-121.22,1.694
3.6111,48.0,7.297297297297297,1.4864864864864864,234.0,3.1621621621621623,38.94,-121.76,0.675
2.3929,16.0,5.327127659574468,1.059840425531915,2028.0,2.6968085106382977,39.91,-122.12,0.772
3.5833,45.0,4.408333333333333,0.9333333333333332,448.0,3.733333333333333,33.93,-118.28,0.906
2.033,16.0,3.705211726384365,1.0732899022801303,1914.0,3.1172638436482085,35.74,-119.23,0.684
3.2708,33.0,4.4319066147859925,1.1634241245136188,734.0,2.8560311284046693,34.0,-118.42,3.25
4.3864,15.0,5.691449814126394,1.0855018587360594,1624.0,3.0185873605947955,37.67,-120.95,1.376
15.0001,13.0,7.842900302114804,0.9939577039274924,1865.0,2.8172205438066467,33.62,-117.85,5.00001
3.395,17.0,3.701399688958009,1.1959564541213064,1216.0,1.8911353032659408,37.69,-122.13,2.713
0.8054,52.0,2.903225806451613,1.1290322580645162,36.0,1.1612903225806452,35.38,-119.02,0.6
3.183,14.0,4.7844827586206895,1.1206896551724137,505.0,1.4511494252873562,38.44,-122.59,2.012
7.6447,45.0,7.432748538011696,1.1111111111111112,419.0,2.450292397660818,34.06,-118.47,5.00001
3.225,21.0,3.935483870967742,1.163594470046083,1099.0,2.532258064516129,33.66,-117.91,1.938
8.0727,25.0,6.908408408408408,1.045045045045045,2003.0,3.0075075075075075,37.31,-122.05,4.555
2.2482,19.0,4.524978089395267,1.077125328659071,2680.0,2.3488168273444345,34.14,-117.25,1.145
4.3816,35.0,6.126984126984127,1.0238095238095235,849.0,2.246031746031746,36.32,-119.32,0.886
4.8187,20.0,7.664233576642336,1.1569343065693432,910.0,3.321167883211679,36.96,-120.1,0.909
3.235,12.0,6.094650205761317,1.0905349794238683,757.0,3.11522633744856,33.64,-117.19,2.107
3.4265,52.0,4.703448275862069,1.0367816091954023,944.0,2.170114942528736,34.07,-118.36,4.569
2.1036,42.0,5.059859154929577,1.0809859154929575,1035.0,3.6443661971830985,37.64,-121.02,0.883
4.2031,8.0,5.520833333333333,1.1354166666666667,398.0,4.145833333333333,38.55,-121.13,2.125
2.965,37.0,4.721442885771543,0.9539078156312624,1231.0,2.466933867735471,32.76,-117.06,1.557
4.76,14.0,6.096666666666667,1.02,1951.0,3.2516666666666665,36.83,-121.37,2.16
4.2935,18.0,4.456544502617801,1.0335078534031414,3401.0,3.561256544502618,34.29,-118.47,1.9
4.072,52.0,5.952941176470588,0.9970588235294118,756.0,2.223529411764706,37.81,-122.22,2.701
4.3862,33.0,5.648520710059172,1.0331360946745562,1954.0,2.3124260355029587,32.81,-117.21,1.848
2.1955,34.0,4.136482939632546,0.9553805774278216,1153.0,3.026246719160105,32.62,-117.09,1.297
3.5296,7.0,5.484025559105431,1.0,1793.0,2.864217252396166,36.34,-119.27,0.837
2.8235,34.0,4.065759637188209,1.08843537414966,1722.0,3.9047619047619047,33.8,-117.86,1.531
3.7813,15.0,5.620057859209258,1.013500482160077,2868.0,2.7656702025072324,38.7,-121.28,1.432
6.2308,2.0,8.801007556675064,1.3738035264483628,5964.0,3.004534005037784,33.87,-117.64,2.579
5.753,14.0,6.071022727272728,0.9801136363636364,1151.0,3.269886363636364,34.03,-117.66,1.855
1.8325,25.0,4.279220779220779,1.07012987012987,1477.0,1.9181818181818184,37.37,-118.39,1.058
6.8806,16.0,8.27363184079602,1.0422885572139304,1272.0,3.164179104477612,37.74,-121.93,3.435
3.8936,13.0,4.12807881773399,1.1600985221674878,710.0,1.748768472906404,37.26,-121.88,2.259
5.5184,25.0,6.03030303030303,1.0173160173160174,1669.0,3.612554112554113,34.44,-119.89,2.683
3.5769,32.0,5.466472303206997,1.0524781341107872,1027.0,2.9941690962099123,38.71,-121.29,1.038
2.6136,47.0,3.2220543806646527,1.040785498489426,2104.0,3.178247734138973,34.08,-118.25,1.692
11.2093,42.0,6.876106194690266,0.9026548672566372,284.0,2.5132743362831858,34.17,-118.43,5.00001
5.5124,34.0,3.9156626506024095,0.7228915662650602,433.0,5.216867469879518,34.26,-118.44,1.743
4.8686,4.0,6.293711656441718,1.052914110429448,3887.0,2.980828220858896,33.85,-117.55,1.953
3.6516,20.0,5.757225433526012,1.0491329479768785,889.0,2.569364161849711,38.67,-121.29,1.305
2.0125,31.0,3.669421487603306,1.1487603305785123,1405.0,3.870523415977961,33.88,-118.21,1.43
3.6563,19.0,5.125,0.9791666666666666,1346.0,2.8041666666666667,38.59,-121.29,0.956
1.9088,20.0,4.422712933753943,0.9053627760252366,1104.0,3.482649842271293,32.99,-115.51,0.637
2.1607,17.0,5.746951219512195,1.0670731707317074,953.0,2.9054878048780486,41.66,-122.26,0.614
5.2485,35.0,5.737341772151899,0.990506329113924,825.0,2.6107594936708862,33.94,-118.12,3.238
3.038,12.0,5.912820512820513,1.358974358974359,446.0,2.287179487179487,33.57,-116.87,1.281
2.2961,35.0,4.119705340699816,1.0902394106813995,1794.0,3.303867403314917,34.04,-118.38,2.077
3.5278,25.0,5.144549763033176,1.0213270142180095,1053.0,2.495260663507109,38.55,-121.39,1.262
11.075,38.0,7.204678362573099,1.04093567251462,410.0,2.3976608187134505,33.61,-117.91,5.00001
4.9042,52.0,6.356223175965665,1.0042918454935623,1364.0,2.927038626609442,34.19,-118.3,3.435
3.7049,23.0,5.239644970414201,1.0532544378698223,1105.0,3.269230769230769,36.84,-121.41,1.922
11.5609,52.0,8.512968299711815,1.069164265129683,1152.0,3.319884726224784,34.12,-118.11,5.00001
2.4375,19.0,6.0368663594470044,1.1105990783410138,702.0,3.2350230414746544,36.54,-119.84,0.782
3.0938,32.0,4.7176470588235295,1.1254901960784314,571.0,2.23921568627451,38.25,-122.04,1.104
5.3081,12.0,3.686580882352941,1.3216911764705883,1673.0,1.5376838235294117,34.06,-118.25,2.875
4.8787,23.0,6.660828025477707,1.0079617834394905,1886.0,3.0031847133757963,38.15,-121.29,1.753
2.4732,26.0,4.35673624288425,1.081593927893738,1415.0,2.685009487666034,33.86,-117.91,1.658
4.6667,10.0,6.314168377823409,1.0225872689938398,1368.0,2.809034907597536,37.37,-120.6,1.301
2.375,26.0,6.0,1.0,13.0,1.625,35.87,-120.13,0.713
1.75,30.0,3.727272727272727,1.0822510822510822,1062.0,4.597402597402597,33.98,-118.24,1.154
6.5253,14.0,6.559139784946237,1.016726403823178,2415.0,2.885304659498208,38.51,-121.55,2.168
2.4635,41.0,4.312,1.128,1110.0,2.96,34.04,-118.35,1.694
1.8333,40.0,5.037037037037037,1.2592592592592593,302.0,3.728395061728395,37.95,-122.36,0.698
2.75,33.0,3.331360946745562,1.1479289940828403,265.0,1.5680473372781063,37.97,-122.52,2.313
4.0451,27.0,5.03595206391478,1.0266311584553929,1742.0,2.3195739014647137,34.4,-119.71,3.951
4.9211,52.0,3.9721115537848606,1.0796812749003983,1848.0,1.4725099601593623,37.8,-122.42,5.00001
3.1908,52.0,5.0,1.0141843971631206,879.0,3.117021276595745,37.71,-122.43,2.556
1.1607,50.0,4.038461538461538,1.1076923076923078,485.0,1.8653846153846156,39.51,-121.55,0.517
5.0947,14.0,5.076923076923077,1.0384615384615383,943.0,3.626923076923077,32.68,-117.04,1.527
2.1964,44.0,4.033333333333333,0.9666666666666668,153.0,5.1,33.79,-118.21,1.5
5.3135,36.0,6.212410501193317,0.973747016706444,966.0,2.305489260143198,38.53,-121.51,2.166
3.2091,29.0,4.218905472636816,1.066334991708126,2332.0,3.867330016583748,37.66,-122.11,1.5
2.7348,16.0,4.2625250501002006,1.0260521042084167,1532.0,3.070140280561122,32.99,-117.26,2.313
3.0833,46.0,5.130573248407643,1.0796178343949046,921.0,2.93312101910828,33.98,-118.32,1.033
4.5625,25.0,5.628205128205129,0.9647435897435898,722.0,2.3141025641025643,32.82,-117.18,1.623
1.3894,16.0,2.508298755186722,0.9896265560165975,627.0,1.3008298755186722,37.98,-122.03,1.563
5.9572,17.0,5.670384138785626,1.0086741016109046,1941.0,2.4052044609665426,37.55,-122.26,4.438
1.7798,30.0,5.428057553956834,1.1079136690647482,967.0,3.4784172661870505,37.94,-121.25,0.659
5.482,49.0,6.131696428571429,1.0535714285714286,1281.0,2.859375,37.75,-122.47,3.663
4.6327,34.0,5.552816901408451,0.9577464788732394,880.0,3.0985915492957745,33.93,-117.44,1.16
1.7344,6.0,3.3983572895277208,1.1006160164271048,1201.0,2.46611909650924,33.89,-118.16,1.458
3.5052,26.0,4.835457705677868,1.034762456546929,2471.0,2.8632676709154112,33.9,-118.11,1.96
2.7366,40.0,3.196078431372549,1.0647058823529412,1568.0,3.074509803921569,34.08,-118.28,1.691
3.0208,42.0,5.233183856502242,0.9753363228699552,892.0,2.0,38.58,-121.44,1.488
3.2452,17.0,5.841573033707865,1.149438202247191,2036.0,2.2876404494382023,38.58,-122.83,1.688
6.776,21.0,6.753371868978806,1.0240847784200386,3331.0,3.2090558766859343,34.37,-118.55,2.781
4.3611,44.0,5.166253101736973,1.1662531017369726,1154.0,2.8635235732009927,37.74,-122.5,2.681
5.0261,33.0,5.640756302521009,0.9789915966386554,1359.0,2.8550420168067228,33.8,-118.04,2.451
4.0,33.0,5.002347417840376,1.0211267605633805,2045.0,4.800469483568075,33.89,-118.08,1.457
10.0285,22.0,8.95766129032258,1.1290322580645162,1573.0,3.1713709677419355,34.41,-118.4,5.00001
4.625,52.0,4.785714285714286,1.0927051671732524,1145.0,1.7401215805471124,37.8,-122.44,5.00001
3.225,21.0,4.514869888475836,1.0762081784386617,1011.0,1.879182156133829,32.8,-117.23,2.294
2.3594,16.0,7.384615384615385,1.4326923076923077,646.0,3.105769230769231,39.32,-120.19,1.557
1.875,24.0,3.4392265193370166,1.0386740331491713,1230.0,3.3977900552486187,32.75,-117.09,0.95
3.2717,36.0,5.236180904522613,1.0050251256281406,1097.0,2.756281407035176,32.73,-117.04,1.307
5.2561,19.0,6.159645232815964,0.9556541019955654,1092.0,2.4212860310421287,36.32,-119.33,1.213
5.8415,47.0,5.76978417266187,1.0215827338129495,639.0,2.2985611510791366,37.3,-121.89,2.833
1.6823,21.0,4.261904761904762,0.9761904761904762,933.0,2.7767857142857144,39.13,-121.61,0.838
6.7613,29.0,6.277027027027027,1.06981981981982,1182.0,2.6621621621621623,33.86,-118.38,3.527
1.8611,42.0,4.751381215469613,1.0552486187845305,1069.0,2.953038674033149,38.64,-121.42,0.605
4.1366,10.0,4.38388625592417,1.132701421800948,1581.0,2.4976303317535544,33.71,-117.93,1.588
3.9489,21.0,4.753794266441822,1.092748735244519,1435.0,2.4198988195615514,34.04,-118.45,3.602
6.0791,23.0,6.119909502262443,1.015837104072398,1180.0,2.669683257918552,37.25,-121.89,3.165
2.532,39.0,3.734256926952141,1.022670025188917,2638.0,3.322418136020151,34.04,-118.32,1.727
1.8618,52.0,4.157718120805369,1.0738255033557047,934.0,3.134228187919463,34.36,-119.06,1.833
3.7301,52.0,5.147971360381861,0.9976133651551312,929.0,2.217183770883055,37.68,-121.76,2.044
4.0875,52.0,4.538181818181818,1.029090909090909,620.0,2.2545454545454544,37.89,-122.3,2.213
7.0423,22.0,14.189349112426036,2.408284023668639,349.0,2.06508875739645,33.09,-117.26,5.00001
2.6641,24.0,3.7514188422247448,1.1146424517593645,2085.0,2.366628830874007,33.88,-118.14,1.682
2.3571,23.0,6.489499192245558,1.2794830371567043,1634.0,2.639741518578352,41.7,-122.92,0.62
2.2721,40.0,4.62890625,0.86328125,676.0,2.640625,36.32,-119.72,0.526
10.1316,14.0,8.466512702078521,1.020785219399538,1400.0,3.233256351039261,33.86,-117.76,5.00001
2.2429,15.0,5.539156626506024,1.4728915662650603,887.0,2.671686746987952,39.66,-123.58,1.0
2.595,29.0,5.635627530364372,1.051282051282051,2092.0,2.823211875843455,37.05,-120.87,1.042
4.1375,28.0,6.105162523900574,1.0038240917782026,1750.0,3.3460803059273423,34.09,-117.42,1.283
3.9227,33.0,5.949593495934959,0.959349593495935,1773.0,2.8829268292682926,34.08,-117.66,1.572
5.9878,26.0,8.22742474916388,1.0468227424749164,838.0,2.802675585284281,32.76,-116.97,2.707
2.3508,37.0,5.094138543516874,1.019538188277087,2055.0,3.650088809946714,34.12,-117.32,0.705
3.4279,25.0,5.6909090909090905,0.9854545454545456,661.0,2.403636363636364,36.81,-119.77,0.847
7.3878,15.0,7.6875,1.15,962.0,3.00625,33.54,-117.71,3.183
2.1792,18.0,4.559766763848397,0.9912536443148688,1161.0,3.3848396501457727,32.79,-115.69,0.552
1.6148,16.0,4.365661861074705,1.0996068152031455,1955.0,2.562254259501966,36.32,-119.33,0.866
4.6019,36.0,5.235732009925559,1.032258064516129,1128.0,2.7990074441687347,33.85,-118.13,2.084
1.8281,29.0,3.963740458015267,1.1011450381679388,1418.0,2.706106870229008,34.13,-117.28,0.768
4.2212,52.0,4.506696428571429,0.9330357142857144,999.0,2.2299107142857144,37.74,-122.42,2.713
3.2386,43.0,3.942622950819672,1.036885245901639,658.0,2.69672131147541,34.08,-118.27,1.85
3.775,47.0,5.419117647058823,0.9264705882352942,370.0,2.7205882352941178,37.7,-122.47,2.813
5.3008,16.0,6.1062124248497,0.9919839679358716,1507.0,3.0200400801603204,32.9,-116.96,1.865
4.7885,36.0,5.935275080906149,1.022653721682848,864.0,2.796116504854369,34.21,-118.34,3.022
3.975,18.0,3.9081632653061225,0.9591836734693876,487.0,4.969387755102041,33.8,-117.99,1.625
3.141,27.0,4.45,1.445,416.0,2.08,33.87,-117.96,1.675
4.6944,52.0,5.990196078431373,1.0588235294117647,735.0,2.4019607843137254,37.97,-122.56,3.989
3.3681,18.0,5.410377358490566,0.9528301886792452,717.0,3.3820754716981134,36.3,-119.66,0.705
5.0621,25.0,7.461016949152542,1.1966101694915254,622.0,2.1084745762711865,36.59,-121.93,3.865
2.7634,19.0,4.715918367346939,1.0293877551020407,1711.0,1.3967346938775511,33.62,-117.72,0.869
3.0682,43.0,5.340101522842639,0.9974619289340102,1132.0,2.873096446700508,33.94,-118.31,1.42
1.875,39.0,3.2270531400966185,1.0193236714975846,3050.0,4.911433172302737,34.02,-118.27,1.273
2.7909,26.0,5.62993762993763,1.0862785862785862,4531.0,4.70997920997921,37.81,-122.37,2.5
2.375,17.0,4.238095238095238,0.9047619047619048,79.0,3.761904761904762,33.69,-116.18,1.55
9.0702,43.0,7.335051546391752,1.0154639175257731,1467.0,2.520618556701031,34.17,-118.18,5.00001
4.2656,52.0,4.841463414634147,1.0630081300813008,1096.0,2.227642276422764,37.35,-121.95,2.361
2.9286,22.0,2.8142857142857145,0.7714285714285715,331.0,4.728571428571429,33.69,-116.15,1.125
1.375,16.0,3.950819672131148,1.3770491803278688,152.0,2.4918032786885247,40.51,-123.21,0.488
3.9702,36.0,5.297071129707113,0.9539748953974896,606.0,2.5355648535564854,37.7,-122.14,1.941
4.6053,30.0,4.467954345917471,1.0623353819139596,1935.0,1.6988586479367866,37.76,-122.44,3.861
1.756,33.0,5.309322033898305,1.0084745762711864,753.0,3.190677966101695,38.15,-122.23,0.864
3.3375,32.0,5.245098039215686,1.026143790849673,986.0,3.2222222222222223,33.85,-117.9,1.862
4.5,52.0,6.5,1.7,24.0,2.4,36.96,-122.06,2.583
6.8643,25.0,6.291571753986332,0.9339407744874716,1166.0,2.656036446469248,34.22,-118.64,3.337
2.1442,35.0,3.4133858267716537,0.970472440944882,2053.0,4.041338582677166,34.02,-118.16,1.492
5.2909,52.0,6.051724137931035,1.0718390804597702,743.0,2.135057471264368,37.79,-122.46,5.00001
2.5417,50.0,5.964980544747082,1.1206225680933852,532.0,2.0700389105058368,38.56,-121.43,1.259
4.2788,23.0,5.767352185089974,0.9691516709511568,2609.0,3.353470437017995,33.9,-117.44,1.487
3.4318,31.0,5.199186991869919,1.0406504065040652,1164.0,2.365853658536585,32.83,-117.22,2.004
4.4784,35.0,4.866141732283465,1.005249343832021,1115.0,2.926509186351706,33.87,-117.95,1.852
4.6731,35.0,5.385113268608414,0.970873786407767,1000.0,3.236245954692557,34.22,-118.54,2.241
4.5293,19.0,6.920661157024793,1.1305785123966945,1827.0,3.019834710743801,38.34,-122.31,2.104
3.3882,17.0,6.155778894472362,1.1256281407035176,1693.0,2.835845896147404,33.22,-117.22,1.908
3.8583,11.0,5.832591273374889,1.0231522707034728,3570.0,3.178984861976848,38.25,-122.01,1.379
4.3317,43.0,4.729903536977492,0.9678456591639872,767.0,2.4662379421221865,33.79,-118.12,2.324
2.8299,43.0,4.57630979498861,1.0068337129840548,1095.0,2.4943052391799543,33.96,-118.3,1.095
3.0208,52.0,5.108108108108108,0.918918918918919,121.0,3.27027027027027,39.39,-121.39,0.6
4.375,36.0,4.896373056994818,1.0362694300518134,1232.0,3.1917098445595853,33.92,-118.15,1.842
2.5187,18.0,5.467261904761905,1.1547619047619049,727.0,2.1636904761904763,34.04,-117.33,1.167
2.4137,21.0,5.386075949367089,1.1329113924050631,1347.0,4.262658227848101,36.73,-119.83,0.621
2.1518,44.0,5.1443569553805775,1.031496062992126,1286.0,3.375328083989501,36.73,-119.77,0.53
6.9014,27.0,7.925373134328358,1.0298507462686568,1017.0,3.035820895522388,33.76,-117.8,3.668
10.1241,34.0,7.010666666666666,0.984,966.0,2.576,33.8,-118.36,5.00001
2.7566,25.0,4.803355079217148,1.0298229263746506,3196.0,2.97856477166822,38.6,-121.53,0.802
2.5938,40.0,3.8114754098360657,1.0573770491803278,1203.0,4.930327868852459,33.94,-118.22,1.154
2.2019,24.0,4.967320261437909,1.0947712418300657,882.0,2.8823529411764706,37.07,-120.84,1.0
3.209,14.0,7.239942528735632,1.9727011494252875,1298.0,1.8649425287356325,33.14,-117.38,3.133
3.6607,38.0,4.766467065868263,0.9520958083832336,679.0,4.065868263473054,33.9,-118.22,1.104
3.6484,16.0,3.456268221574344,1.0568513119533527,1738.0,2.5335276967930027,33.61,-117.7,3.226
4.3513,12.0,6.184840425531915,1.0658244680851063,4074.0,2.708776595744681,33.07,-117.14,1.996
2.706,19.0,4.877551020408164,0.9271137026239068,1298.0,3.784256559766764,36.22,-119.37,0.648
3.125,34.0,5.084821428571429,1.0625,1728.0,3.857142857142857,34.08,-117.95,1.541
3.55,17.0,4.794007490636704,0.951310861423221,707.0,2.647940074906367,37.09,-119.65,1.063
2.4196,44.0,3.874617737003058,1.0795107033639144,1018.0,3.1131498470948014,37.34,-121.88,1.944
3.2756,21.0,3.963163064833006,1.067779960707269,4369.0,2.145874263261297,34.1,-117.75,1.568
1.6318,19.0,2.909090909090909,0.9937304075235108,845.0,2.6489028213166144,33.2,-117.37,1.875
3.4632,6.0,5.488421052631579,1.1726315789473685,1266.0,2.665263157894737,37.69,-121.03,1.377
4.275,36.0,5.576923076923077,0.9615384615384616,768.0,3.282051282051282,37.66,-122.1,1.853
2.34,34.0,4.178282009724473,1.0453808752025933,1628.0,2.6385737439222043,34.1,-118.1,2.109
3.7326,35.0,5.425661914460285,1.1018329938900204,2033.0,4.1405295315682284,33.97,-118.09,1.643
2.2969,43.0,3.4050632911392404,0.9367088607594936,295.0,3.734177215189873,33.93,-118.28,0.906
1.8,32.0,3.9397590361445785,0.9518072289156626,736.0,2.9558232931726907,36.72,-120.06,0.604
5.3909,15.0,5.727626459143969,0.8871595330739299,892.0,3.470817120622568,36.31,-119.33,1.13
2.8322,41.0,3.927194860813704,0.9914346895074948,1105.0,2.366167023554604,37.68,-122.09,1.703
8.2266,28.0,9.163865546218489,1.1932773109243695,728.0,3.0588235294117645,37.36,-122.08,5.00001
3.2656,15.0,5.242792109256449,1.1062215477996966,2014.0,3.056145675265554,37.36,-120.62,0.835
5.5198,14.0,6.559751037344398,1.0311203319502074,7363.0,3.055186721991701,34.14,-117.61,2.456
4.5,16.0,4.895915678524374,1.206851119894598,1551.0,2.0434782608695654,37.35,-122.01,3.236
1.6236,17.0,5.47469220246238,1.2722298221614228,1614.0,2.207934336525308,35.61,-118.48,0.673
2.7457,37.0,5.632727272727273,1.0945454545454545,863.0,3.138181818181818,38.16,-122.41,2.547
2.7312,52.0,6.519230769230769,1.1153846153846154,540.0,2.076923076923077,35.38,-119.03,1.471
5.7768,49.0,6.275035260930888,1.002820874471086,1606.0,2.2651622002820875,32.77,-117.1,2.816
5.6015,33.0,5.913612565445026,0.93717277486911,2037.0,2.6662303664921465,34.08,-117.87,2.672
6.3427,36.0,7.623853211009174,1.1192660550458715,272.0,2.4954128440366974,38.39,-122.33,3.048
2.9688,19.0,3.363302752293578,1.055045871559633,2657.0,2.4376146788990827,34.2,-118.45,2.021
2.3438,26.0,4.616438356164384,0.9452054794520548,277.0,3.7945205479452055,36.47,-119.37,1.0
2.3545,33.0,3.6277602523659302,1.2082018927444795,604.0,1.9053627760252363,33.43,-117.61,1.875
2.6518,40.0,3.967105263157895,1.0394736842105263,826.0,1.8114035087719296,32.76,-117.15,1.798
3.2661,30.0,4.8881578947368425,1.037593984962406,2961.0,2.7828947368421053,32.79,-117.18,1.404
1.2273,41.0,3.3380681818181817,0.9659090909090908,1241.0,3.5255681818181817,33.96,-118.28,0.984
6.3822,18.0,7.36013986013986,1.055944055944056,830.0,2.902097902097902,33.65,-117.82,3.625
3.0682,39.0,4.316810344827586,1.0775862068965518,1109.0,2.390086206896552,37.8,-122.21,1.565
9.3834,21.0,8.7,1.0607142857142855,1811.0,3.2339285714285717,37.22,-121.93,5.00001
2.9904,36.0,4.3675417661097855,1.026252983293556,755.0,1.801909307875895,32.74,-117.25,2.868
2.9112,7.0,5.4604810996563575,1.0687285223367695,4052.0,3.4810996563573884,34.11,-117.45,1.217
5.9062,35.0,6.535934291581109,1.057494866529774,1313.0,2.696098562628337,37.47,-122.25,3.832
2.0294,15.0,5.573200992555831,1.13151364764268,1190.0,2.9528535980148884,36.72,-119.73,0.704
4.3897,35.0,6.141304347826087,1.0434782608695652,543.0,2.9510869565217392,37.65,-122.09,1.906
1.6378,26.0,4.981927710843373,1.176706827309237,1445.0,2.901606425702812,36.21,-119.35,0.603
3.1406,48.0,4.625,0.9375,490.0,2.784090909090909,34.19,-118.34,2.231
5.6406,33.0,6.927083333333333,1.0885416666666667,578.0,3.0104166666666665,34.06,-117.9,2.662
3.0789,23.0,3.82122905027933,1.1089385474860336,1940.0,5.418994413407821,33.8,-117.9,3.5
4.0804,33.0,5.666666666666667,0.950877192982456,710.0,2.491228070175439,37.92,-122.3,2.39
5.7519,27.0,6.298192771084337,1.0120481927710845,1037.0,3.1234939759036147,33.88,-117.89,2.434
1.9073,29.0,5.635593220338983,1.1073446327683616,1261.0,3.562146892655367,37.12,-120.16,0.792
5.5137,15.0,4.90443686006826,1.0102389078498293,1382.0,2.358361774744027,33.63,-117.73,1.618
1.3157,43.0,1.9118264520643808,1.1518544436669,3049.0,2.133659902029392,34.1,-118.33,3.333
4.485,30.0,5.276315789473684,1.013157894736842,1753.0,3.844298245614035,33.81,-117.97,1.806
5.8721,16.0,6.410187667560321,0.9892761394101875,1419.0,3.804289544235925,37.4,-121.86,2.678
4.8831,15.0,6.74512987012987,1.0340909090909092,1722.0,2.7954545454545454,38.4,-121.38,1.544
3.5288,16.0,12.368852459016392,2.14344262295082,556.0,2.278688524590164,34.25,-116.9,1.897
3.6417,28.0,4.63943161634103,1.0692717584369449,1682.0,2.9875666074600358,33.88,-117.87,2.043
7.9168,17.0,8.606299212598426,1.0971128608923884,1222.0,3.2073490813648293,37.8,-121.97,3.56
4.1518,43.0,6.105263157894737,1.0813397129186604,545.0,2.6076555023923444,34.16,-118.16,2.307
1.8287,52.0,4.516908212560386,1.0821256038647342,315.0,1.5217391304347827,38.3,-122.29,1.469
2.1715,36.0,3.996383363471971,1.1464737793851718,2341.0,4.233273056057866,33.93,-118.2,1.311
2.8839,11.0,4.591397849462366,1.0591397849462365,1474.0,3.9623655913978495,36.85,-121.41,1.459
3.8512,47.0,5.280112044817927,1.011204481792717,954.0,2.672268907563025,33.96,-118.32,1.713
2.9219,38.0,4.205882352941177,0.9950980392156864,1250.0,6.127450980392157,34.27,-118.41,1.379
6.2152,13.0,5.546052631578948,1.0328947368421053,918.0,6.039473684210527,32.79,-116.66,2.406
2.4615,16.0,5.311475409836065,1.0,135.0,2.2131147540983607,37.86,-120.23,1.375
3.7292,23.0,4.907786885245901,0.9754098360655736,2284.0,4.680327868852459,32.8,-117.15,1.463
3.4107,42.0,3.929606625258799,1.010351966873706,940.0,1.9461697722567288,33.78,-118.14,2.333
1.9963,52.0,4.507352941176471,0.9889705882352942,693.0,2.547794117647059,34.07,-117.32,0.769
3.4071,37.0,3.3830455259026686,1.1318681318681318,1082.0,1.6985871271585558,33.99,-118.47,2.675
2.3281,28.0,5.8817733990147785,1.3399014778325122,494.0,2.4334975369458127,38.93,-119.98,0.858
2.891,11.0,3.7643229166666665,1.23828125,2166.0,2.8203125,34.19,-118.44,1.781
6.7206,26.0,6.889980353634577,1.005893909626719,1712.0,3.3634577603143416,37.62,-122.45,3.446
4.9219,34.0,5.965517241379311,1.0057471264367817,578.0,3.32183908045977,33.82,-117.98,2.0
4.2219,24.0,4.539473684210527,1.1151315789473684,1472.0,4.842105263157895,33.75,-117.93,1.628
2.6998,25.0,3.7767052767052767,1.0842985842985844,2669.0,1.7175032175032174,37.9,-122.06,2.161
3.1719,43.0,5.36376404494382,0.99438202247191,1505.0,2.1137640449438204,33.95,-118.32,1.835
6.3047,23.0,6.591677503250975,1.0013003901170352,2473.0,3.2158647594278285,33.7,-118.02,2.857
2.5556,11.0,5.825112107623318,1.2556053811659194,1158.0,5.192825112107624,34.96,-120.45,1.292
1.3438,48.0,3.8484848484848486,1.170995670995671,1237.0,2.6774891774891776,37.96,-121.29,1.031
5.3129,15.0,5.547619047619048,1.0164835164835164,1559.0,2.8553113553113554,33.05,-117.24,1.692
3.0369,32.0,3.4553752535496955,1.0862068965517242,1463.0,1.4837728194726163,34.0,-118.49,5.00001
3.1458,41.0,4.481675392670157,0.9319371727748692,571.0,2.9895287958115184,37.74,-122.15,1.306
4.2386,25.0,6.010840108401084,1.02710027100271,1997.0,2.705962059620596,32.81,-116.99,2.01
4.8958,21.0,9.01219512195122,1.524390243902439,199.0,2.426829268292683,34.07,-116.98,1.175
2.25,50.0,4.20722891566265,1.1566265060240963,1149.0,2.7686746987951807,37.8,-122.23,1.235
5.2954,52.0,5.804560260586319,1.003257328990228,735.0,2.3941368078175898,34.04,-118.43,4.851
3.1136,36.0,5.713498622589532,0.9614325068870524,954.0,2.628099173553719,36.96,-120.08,0.738
1.7656,26.0,4.149367088607595,0.8911392405063291,1222.0,3.093670886075949,35.23,-118.85,0.68
2.4167,22.0,3.618361153262519,1.0364188163884671,5534.0,4.198786039453718,34.15,-119.18,1.92
2.8819,33.0,5.022779043280182,1.031890660592255,1138.0,2.592255125284738,33.19,-117.37,2.086
3.3068,52.0,4.801204819277109,1.0662650602409638,1526.0,2.298192771084337,37.77,-122.45,5.00001
5.3767,29.0,5.829032258064516,1.0419354838709678,1234.0,3.9806451612903215,34.22,-118.42,2.33
6.1493,16.0,6.365313653136531,0.982779827798278,2717.0,3.341943419434194,33.62,-117.66,2.578
1.5292,36.0,4.667519181585678,1.051150895140665,1226.0,3.135549872122762,38.54,-121.46,0.557
7.9761,52.0,7.709756097560976,1.151219512195122,842.0,2.053658536585366,37.8,-122.44,5.00001
3.1062,11.0,5.140302613480055,1.0412654745529573,2212.0,3.0426409903713894,33.23,-117.34,1.41
5.5629,36.0,5.454819277108434,0.963855421686747,1005.0,3.02710843373494,34.09,-117.89,1.883
4.1974,14.0,6.058035714285714,1.1026785714285714,695.0,3.102678571428572,38.33,-121.1,1.578
3.48,26.0,5.610619469026549,1.0123893805309734,1524.0,2.697345132743363,37.31,-120.46,0.953
7.9819,26.0,7.571428571428571,0.956043956043956,2381.0,2.907203907203907,37.28,-121.92,3.97
1.6685,28.0,3.7382075471698113,0.9716981132075472,1362.0,3.212264150943396,38.43,-122.7,1.141
2.6217,36.0,3.792091836734694,1.0293367346938775,2846.0,3.630102040816327,34.16,-118.14,1.563
4.5052,52.0,4.94228356336261,1.06900878293601,1737.0,2.179422835633626,37.77,-122.45,5.00001
4.556,23.0,6.115591397849462,1.0241935483870968,2301.0,3.092741935483871,34.27,-118.73,2.053
2.6591,33.0,5.110738255033557,1.3120805369127515,753.0,2.5268456375838926,34.11,-118.18,1.838
3.5364,36.0,4.002010050251256,1.050251256281407,2251.0,2.2623115577889448,37.42,-122.13,3.141
8.7397,19.0,7.091370558375634,1.3756345177664977,491.0,2.4923857868020303,33.71,-118.09,5.00001
7.8347,45.0,7.251833740831296,1.0146699266503667,1231.0,3.0097799511002443,34.12,-118.09,5.00001
2.4667,33.0,4.43254817987152,1.0042826552462527,1851.0,3.963597430406853,33.98,-117.36,0.807
1.4712,44.0,5.867924528301887,1.2226415094339622,931.0,3.513207547169811,34.02,-118.31,1.058
2.7268,30.0,4.1969072164948455,1.1,2144.0,2.210309278350516,33.85,-118.15,2.181
5.0864,16.0,6.6573426573426575,1.0,530.0,3.706293706293706,32.73,-116.98,1.753
2.3958,37.0,6.095238095238095,1.288515406162465,1067.0,2.988795518207283,38.67,-121.38,0.784
1.2902,43.0,3.3085106382978724,1.0106382978723405,293.0,3.117021276595745,37.64,-121.0,0.675
3.1989,31.0,4.376310272536688,1.0524109014675052,3310.0,3.469601677148847,34.15,-119.19,1.854
2.0714,31.0,3.975757575757576,1.1393939393939394,1178.0,3.56969696969697,33.99,-118.47,3.0
13.466,26.0,8.874233128834355,1.0582822085889572,983.0,3.015337423312884,33.75,-117.79,5.00001
3.5646,40.0,4.593283582089552,1.0951492537313432,1821.0,3.3973880597014925,33.87,-118.17,1.626
1.7308,52.0,4.231173380035027,1.0823117338003505,1150.0,2.0140105078809105,40.8,-124.16,0.805
2.6654,52.0,5.0091324200913245,1.1506849315068493,997.0,2.276255707762557,34.05,-118.34,2.594
6.5195,35.0,6.364516129032258,1.1209677419354838,1361.0,2.195161290322581,34.11,-118.36,5.00001
5.5023,5.0,5.167657550535077,1.0618311533888227,5272.0,2.08957590170432,33.83,-118.33,2.864
1.6667,30.0,5.265217391304348,1.2565217391304349,611.0,2.6565217391304348,34.83,-116.96,0.447
6.2356,42.0,4.636085626911315,1.0428134556574924,634.0,1.9388379204892967,33.88,-118.4,4.727
3.0924,14.0,7.762987012987013,1.4642857142857142,798.0,2.590909090909091,37.29,-119.56,1.146
1.9741,26.0,4.4135135135135135,1.027027027027027,890.0,2.4054054054054053,41.04,-124.1,0.979
5.9356,14.0,6.688195991091314,1.017817371937639,2915.0,3.246102449888641,37.11,-121.65,3.217
6.2299,39.0,5.2368421052631575,0.9473684210526316,101.0,2.6578947368421053,38.25,-122.05,1.054
5.8083,10.0,5.6940298507462686,1.2649253731343284,705.0,2.630597014925373,34.0,-118.4,3.218
3.6991,19.0,3.746450304259635,1.050709939148073,2496.0,2.531440162271805,37.34,-122.04,2.715
4.0985,45.0,5.737179487179487,1.0128205128205128,1035.0,3.3173076923076925,34.19,-118.17,1.731
3.7045,16.0,3.972299168975069,1.0304709141274238,804.0,2.227146814404432,37.37,-122.0,1.781
3.4208,22.0,3.929368029739777,1.0055762081784387,1300.0,2.41635687732342,33.87,-118.36,2.9
2.1991,15.0,4.158333333333333,1.1006410256410255,3408.0,2.1846153846153844,37.96,-122.34,1.333
5.6818,17.0,6.331606217616581,0.9706390328151986,2104.0,3.633851468048359,33.86,-118.07,3.389
3.3594,28.0,5.729903536977492,1.0739549839228295,873.0,2.807073954983923,40.2,-122.17,0.791
1.6437,24.0,4.307479224376731,1.1246537396121885,1665.0,4.61218836565097,33.92,-118.23,0.988
4.2218,48.0,5.075471698113208,1.0062893081761006,684.0,2.150943396226415,34.02,-118.34,1.81
3.2589,9.0,11.458507963118189,2.0561609388097235,2811.0,2.3562447611064545,37.84,-120.2,1.379
2.0341,32.0,3.0432432432432432,1.0324324324324323,626.0,3.383783783783784,34.09,-118.32,2.5
3.1051,23.0,3.731288981288981,1.0317047817047815,4757.0,2.4724532224532223,34.2,-118.33,2.065
5.3359,21.0,3.67789046653144,1.099188640973631,7431.0,1.5073022312373223,33.98,-118.44,5.00001
4.9589,12.0,5.918275418275418,1.0566280566280566,4332.0,2.787644787644788,34.01,-117.81,2.821
2.5469,38.0,5.1440677966101696,1.076271186440678,723.0,3.0635593220338984,34.0,-117.35,0.878
5.3951,37.0,5.142011834319527,1.0532544378698223,1346.0,2.6548323471400392,37.32,-122.27,2.777
3.2404,27.0,4.035984848484849,1.0284090909090908,1065.0,2.0170454545454546,34.23,-118.53,2.304
3.6518,25.0,4.806818181818182,1.0176767676767675,1821.0,2.2992424242424243,37.98,-122.3,1.643
5.966,48.0,4.13986013986014,0.8531468531468531,340.0,2.377622377622377,37.69,-122.32,3.152
4.3875,52.0,6.275,0.9708333333333332,478.0,1.9916666666666667,32.77,-117.11,3.0
2.465,40.0,4.306666666666667,1.1028571428571428,903.0,1.72,32.75,-117.15,1.987
5.3683,26.0,5.875586854460094,1.0539906103286385,1218.0,2.859154929577465,34.01,-118.41,5.00001
1.5982,20.0,6.124015748031496,1.2263779527559056,1000.0,1.968503937007874,33.74,-116.88,1.4
5.128,29.0,3.932471264367816,1.160919540229885,1157.0,1.6623563218390804,33.97,-118.5,5.00001
3.5938,34.0,4.582633053221288,1.0028011204481793,977.0,2.7366946778711485,33.9,-118.02,2.099
2.5444,30.0,4.847953216374269,1.016374269005848,3668.0,4.290058479532164,37.79,-122.28,2.75
4.95,24.0,6.223642172523961,0.9904153354632588,922.0,2.9456869009584663,38.24,-122.65,2.436
2.1571,13.0,4.713114754098361,1.0512295081967211,1151.0,2.3586065573770494,41.32,-122.3,0.815
1.7344,47.0,4.384615384615385,0.9938461538461538,949.0,2.92,36.76,-119.78,0.513
2.1101,34.0,5.607329842931938,1.099476439790576,1056.0,2.764397905759162,40.78,-124.13,0.869
3.6471,12.0,4.628378378378378,1.239864864864865,1022.0,3.452702702702702,33.86,-117.97,1.417
5.7621,9.0,6.490666666666667,0.984,2036.0,2.7146666666666666,38.5,-121.55,2.046
4.625,35.0,6.035483870967742,1.103225806451613,1055.0,3.403225806451613,37.73,-122.42,2.793
3.125,52.0,4.637450199203188,1.0239043824701195,575.0,2.2908366533864544,34.08,-118.32,3.804
3.7614,25.0,4.540792540792541,1.0093240093240092,1128.0,2.629370629370629,33.93,-118.15,2.559
2.2574,19.0,4.667506297229219,1.0453400503778338,772.0,1.9445843828715368,38.62,-121.33,1.358
2.8657,14.0,5.850574712643678,1.0306513409961686,665.0,2.5478927203065136,39.86,-121.59,1.196
4.1939,44.0,4.936046511627907,0.9903100775193798,1577.0,3.056201550387597,37.71,-122.47,2.379
2.4609,23.0,4.344,1.072,825.0,3.3,33.83,-118.01,2.196
3.5039,29.0,5.921501706484642,1.1023890784982937,805.0,2.7474402730375425,36.22,-119.33,0.899
3.0114,31.0,4.117021276595745,0.946808510638298,1175.0,4.166666666666667,33.97,-118.14,1.77
3.6645,16.0,6.014018691588785,1.030373831775701,1041.0,2.432242990654206,38.47,-121.13,2.034
3.225,33.0,4.285714285714286,1.072083879423329,2118.0,2.7758846657929226,34.2,-118.53,2.053
1.4635,43.0,4.662162162162162,1.1531531531531531,1925.0,4.335585585585585,36.75,-119.78,0.466
2.9452,17.0,5.12933025404157,1.0538876058506543,2840.0,2.1862971516551197,38.61,-121.27,1.156
3.5521,17.0,3.9888392857142856,1.0334821428571428,1671.0,3.7299107142857135,34.22,-118.37,1.515
1.9354,35.0,2.7146984470928133,1.0693391115926327,5899.0,2.1303719754423978,34.1,-118.3,3.4
1.4861,38.0,4.809145129224652,1.202783300198807,1696.0,3.371769383697813,38.62,-121.45,0.631
2.3182,25.0,4.136054421768708,1.1306122448979592,1580.0,2.1496598639455784,33.98,-118.04,1.821
4.0547,14.0,5.45,1.1016129032258064,1465.0,2.3629032258064515,37.26,-121.81,2.362
6.37,35.0,6.129032258064516,0.9262672811059908,658.0,3.032258064516129,33.78,-117.96,2.292
4.7685,5.0,4.331352154531946,1.0950965824665675,3959.0,1.96087171867261,37.39,-122.04,2.801
3.3289,39.0,5.580487804878048,1.2902439024390244,1449.0,3.5341463414634147,36.38,-121.4,1.906
1.8715,34.0,2.942115768463074,1.0199600798403194,1962.0,3.9161676646706582,34.02,-118.16,1.396
5.041,16.0,4.626614987080103,1.007751937984496,1644.0,2.124031007751938,33.67,-118.01,3.976
5.0736,41.0,5.382739212007505,1.0562851782363978,1627.0,3.052532833020638,34.11,-118.07,2.707
2.7083,25.0,5.613293051359516,1.105740181268882,1311.0,3.960725075528701,34.01,-117.4,0.878
5.9143,35.0,6.350230414746544,1.1382488479262671,645.0,2.9723502304147464,33.83,-118.36,3.434
3.6007,10.0,5.548076923076923,0.9583333333333334,1056.0,3.3846153846153846,34.44,-117.31,1.04
3.8421,37.0,4.379446640316205,0.982213438735178,2445.0,4.83201581027668,33.72,-117.87,1.74
1.6198,30.0,4.357142857142857,1.0357142857142858,425.0,3.0357142857142856,37.79,-122.23,1.227
6.1253,25.0,6.66205533596838,0.9920948616600792,1717.0,3.393280632411068,34.27,-118.75,2.25
5.24,52.0,5.081018518518518,1.0069444444444444,884.0,2.0462962962962963,34.07,-118.37,4.864
1.2826,48.0,2.3865546218487395,0.8739495798319328,422.0,3.546218487394958,33.96,-118.21,1.455
7.9125,12.0,6.845238095238095,0.9761904761904762,2042.0,3.4727891156462585,33.7,-117.76,3.449
10.2264,45.0,3.1666666666666665,0.8333333333333334,7460.0,1243.3333333333333,38.32,-121.98,1.375
1.6435,34.0,4.289179104477612,1.080223880597015,1300.0,2.425373134328358,38.55,-121.74,1.485
6.0,26.0,5.442666666666667,0.7813333333333333,936.0,2.496,34.15,-117.24,1.402
4.6312,7.0,5.839679358717435,0.9639278557114228,1584.0,3.1743486973947896,34.18,-117.34,1.249
1.3897,38.0,3.5522388059701493,1.0746268656716418,191.0,2.8507462686567164,36.61,-121.85,1.25
2.569,10.0,4.701179554390564,1.0144167758846658,1398.0,1.8322411533420708,35.4,-118.91,1.13
2.7243,31.0,4.114942528735632,1.0,681.0,1.956896551724138,37.91,-122.31,2.181
4.3056,30.0,5.036931818181818,1.0113636363636365,905.0,2.571022727272727,33.81,-118.31,3.36
5.9369,5.0,7.855313700384123,1.1254801536491676,2795.0,3.5787451984635084,34.13,-117.57,2.252
6.8,33.0,6.539877300613497,1.1717791411042944,403.0,2.4723926380368098,38.37,-122.39,2.408
2.9714,37.0,4.071428571428571,1.0124223602484472,2778.0,4.313664596273292,33.96,-118.05,1.603
4.0139,36.0,5.546052631578948,0.9967105263157896,744.0,2.4473684210526314,38.45,-122.68,1.631
1.9809,42.0,5.253164556962025,1.0791139240506329,2105.0,3.3306962025316458,33.92,-118.26,1.046
4.1563,12.0,6.751497005988024,1.4131736526946108,1006.0,3.0119760479041915,37.13,-118.94,0.94
4.0125,46.0,4.484662576687117,1.0204498977505112,1814.0,3.70961145194274,37.7,-122.45,2.301
1.7244,32.0,3.8210526315789473,1.0273684210526317,1715.0,3.610526315789474,33.93,-118.29,1.112
1.9194,27.0,5.029885057471264,1.1528735632183909,2667.0,3.06551724137931,33.67,-117.33,1.006
5.0778,16.0,6.274356103023516,1.0503919372900337,3045.0,3.4098544232922734,33.86,-118.06,2.937
3.8088,34.0,5.630573248407643,0.964968152866242,888.0,2.828025477707006,36.8,-119.7,0.877
3.0298,52.0,5.183673469387755,1.0521541950113378,1073.0,2.433106575963719,37.8,-122.22,1.996
2.5446,13.0,4.118918918918919,0.9891891891891892,994.0,2.6864864864864866,36.81,-119.69,0.938
1.6875,52.0,4.5390625,1.0963541666666667,1206.0,3.140625,34.0,-118.3,1.16
5.4155,5.0,7.117942283563362,1.0727728983688831,2592.0,3.2521957340025094,33.01,-116.84,1.992
4.2132,37.0,4.964285714285714,0.9910714285714286,771.0,3.4419642857142856,33.9,-118.09,1.646
2.4348,31.0,2.6780575539568345,1.1942446043165469,1793.0,3.224820143884892,34.07,-118.3,2.306
2.5559,29.0,4.440476190476191,1.0376984126984128,2061.0,4.089285714285714,32.71,-117.09,0.968
2.037,42.0,4.497175141242938,1.1468926553672316,697.0,3.937853107344633,33.96,-118.27,0.926
2.0915,47.0,4.57957957957958,1.078078078078078,982.0,2.948948948948949,33.99,-118.31,1.266
6.2976,52.0,7.604010025062656,1.0175438596491229,1158.0,2.9022556390977443,34.18,-118.27,4.984
2.6864,30.0,7.15445321307779,1.589627959413754,1769.0,1.9943630214205184,35.44,-120.95,2.836
2.1915,22.0,4.1237721021611,1.117878192534381,1135.0,2.2298624754420437,37.95,-122.33,1.208
2.5568,32.0,3.731934731934732,1.0909090909090908,731.0,1.703962703962704,32.8,-117.25,2.583
2.936,17.0,3.300337457817773,1.0686164229471316,2517.0,2.831271091113611,34.2,-118.44,2.325
2.395,35.0,6.703333333333333,1.163333333333333,970.0,3.2333333333333334,36.25,-119.69,0.941
3.6875,29.0,5.015410958904109,1.095890410958904,1618.0,2.7705479452054798,33.82,-117.95,2.132
1.925,41.0,4.012422360248447,1.0372670807453417,1150.0,3.571428571428572,34.03,-118.2,1.352
2.8,47.0,3.7642045454545454,1.1164772727272727,1557.0,4.423295454545454,34.04,-118.21,1.484
3.2731,20.0,5.002502085070892,1.1009174311926606,3185.0,2.656380316930776,33.93,-117.45,1.139
5.5,28.0,4.509803921568627,1.1061130334486735,1763.0,2.033448673587082,34.06,-118.44,5.00001
2.9875,19.0,6.50880626223092,1.0978473581213308,1544.0,3.0215264187866926,38.14,-121.05,1.663
4.6463,22.0,5.3963636363636365,1.0454545454545454,5600.0,2.5454545454545454,38.1,-122.58,2.763
3.3333,30.0,4.670967741935484,1.0774193548387097,325.0,2.096774193548387,36.62,-121.91,2.479
5.2088,25.0,5.885304659498208,1.064516129032258,1146.0,4.10752688172043,37.34,-121.8,2.314
5.1624,12.0,7.22040072859745,0.9544626593806922,1707.0,3.109289617486339,33.89,-117.38,2.679
4.2026,24.0,5.617543859649123,0.9894736842105264,731.0,2.5649122807017544,34.59,-120.14,2.598
6.07,52.0,6.329317269076305,0.9598393574297188,696.0,2.7951807228915664,34.16,-118.16,2.618
2.6523,36.0,5.689655172413793,1.0991379310344829,720.0,3.103448275862069,37.66,-120.91,0.763
0.9797,32.0,4.843283582089552,1.3544776119402986,716.0,2.671641791044776,37.95,-122.37,0.764
2.543,46.0,4.477037037037037,1.031111111111111,1293.0,1.9155555555555557,37.87,-122.28,2.207
4.8836,20.0,4.382957884427032,1.0264446620959844,2271.0,2.2242899118511263,37.34,-122.04,3.962
5.3441,21.0,7.005,1.03,1620.0,2.7,32.81,-117.01,1.935
6.3403,34.0,5.1923076923076925,1.0288461538461535,213.0,2.048076923076923,33.88,-118.41,5.00001
1.6023,35.0,6.323529411764706,1.3235294117647058,100.0,2.9411764705882355,37.95,-122.37,0.813
2.775,52.0,5.9395770392749245,1.0483383685800605,793.0,2.395770392749245,37.85,-122.27,1.525
3.8657,31.0,4.366433566433567,1.0167832167832167,1885.0,2.636363636363636,33.88,-118.34,2.984
4.3864,32.0,6.58312020460358,1.0869565217391304,1099.0,2.81074168797954,39.12,-121.63,1.175
4.8214,21.0,6.690355329949239,1.0253807106598984,618.0,3.137055837563452,37.32,-120.45,1.178
3.2794,16.0,5.405405405405405,1.0926640926640927,1267.0,2.445945945945946,32.86,-117.21,1.486
4.3826,9.0,6.631578947368421,1.1443123938879456,3275.0,2.780135823429541,38.7,-121.26,1.466
4.1528,35.0,4.997167138810198,0.9206798866855525,1094.0,3.09915014164306,33.94,-117.42,1.139
2.9803,45.0,4.647577092511013,1.0881057268722467,1404.0,3.092511013215859,33.87,-118.17,1.659
3.9167,34.0,5.85140562248996,0.9718875502008032,735.0,2.9518072289156625,37.63,-122.09,1.895
2.1759,35.0,5.852320675105485,1.1476793248945147,610.0,2.573839662447257,39.93,-122.18,0.595
1.8015,26.0,3.5408163265306123,1.0433673469387754,515.0,1.3137755102040816,33.77,-118.09,0.62
3.2847,35.0,6.218867924528302,1.0754716981132075,792.0,2.988679245283018,36.09,-119.56,0.647
10.2233,10.0,6.872280037842952,1.075685903500473,2528.0,2.391674550614948,33.77,-118.12,5.00001
15.0001,32.0,8.00286944045911,1.0803443328550932,1567.0,2.248206599713056,34.11,-118.4,5.00001
2.5804,43.0,5.4781491002570695,1.025706940874036,910.0,2.339331619537275,40.62,-124.13,0.921
6.0162,20.0,5.639830508474576,0.9830508474576272,1275.0,2.7012711864406778,33.82,-118.03,3.185
5.5709,31.0,6.72108843537415,1.1003401360544218,1762.0,2.996598639455782,34.21,-118.63,2.448
3.654,38.0,4.9363636363636365,1.069090909090909,2357.0,2.1427272727272726,32.75,-117.17,2.49
7.3339,17.0,7.275092936802974,0.9702602230483272,863.0,3.20817843866171,37.27,-121.85,2.942
3.8583,31.0,6.457142857142857,1.125,691.0,2.467857142857143,38.44,-122.69,1.932
6.7694,16.0,6.28968253968254,1.0674603174603174,1829.0,2.4193121693121693,32.94,-117.25,4.259
4.4583,30.0,5.784070796460177,1.0035398230088497,1714.0,3.033628318584071,38.0,-121.82,1.31
3.9821,22.0,5.783132530120482,1.072289156626506,774.0,3.108433734939759,37.57,-120.88,2.043
3.3793,18.0,6.322834645669292,1.0669291338582678,1817.0,3.576771653543307,39.11,-121.64,0.929
4.1875,35.0,5.474666666666667,0.984,1044.0,2.784,34.12,-118.06,2.754
4.7708,19.0,4.9798850574712645,1.0172413793103448,959.0,2.755747126436781,37.7,-122.43,2.817
4.7872,16.0,5.845505617977528,0.9775280898876404,1332.0,3.741573033707865,34.04,-117.66,1.476
7.8061,2.0,11.110599078341014,1.631336405529954,703.0,3.23963133640553,33.58,-117.65,3.314
3.3884,17.0,4.2933168316831685,1.108910891089109,2762.0,3.4183168316831685,37.43,-121.88,2.458
4.2348,25.0,6.020351526364477,1.051803885291397,3259.0,3.014801110083256,37.99,-122.31,1.578
1.8696,23.0,5.4278606965174125,1.079601990049751,539.0,2.681592039800995,40.54,-123.12,0.615
6.6544,44.0,6.681818181818182,1.0588235294117647,910.0,2.433155080213904,33.59,-117.87,5.00001
3.9866,36.0,6.360128617363344,1.0836012861736335,834.0,2.6816720257234725,34.2,-118.32,2.944
1.9444,26.0,4.468809073724008,1.1417769376181477,1520.0,2.873345935727788,34.64,-120.46,1.294
1.8125,37.0,4.332627118644068,1.0635593220338984,1920.0,4.067796610169491,32.7,-117.11,0.833
3.0135,47.0,4.206270627062707,1.033003300330033,1388.0,2.2904290429042904,33.79,-118.2,1.927
1.7566,25.0,7.10752688172043,1.5483870967741935,192.0,2.064516129032258,38.94,-122.63,0.49
2.425,16.0,5.08,1.1866666666666668,182.0,2.4266666666666667,33.86,-116.08,0.761
2.7989,27.0,5.9221789883268485,1.0992217898832686,1583.0,3.0797665369649807,38.52,-121.98,1.267
2.0216,32.0,5.685714285714286,1.126530612244898,999.0,4.077551020408163,36.55,-119.79,0.768
5.5919,17.0,5.994227994227995,1.0663780663780664,2149.0,3.101010101010101,37.08,-122.0,3.734
1.879,28.0,2.8479685452162515,1.073394495412844,2548.0,3.339449541284404,34.09,-118.32,2.188
3.7045,6.0,5.353474320241692,1.003021148036254,1011.0,3.054380664652568,37.48,-121.14,1.281
2.8285,17.0,4.996610169491525,1.0677966101694916,2307.0,2.606779661016949,35.49,-120.66,1.713
2.375,52.0,3.41,1.15,804.0,2.01,34.43,-119.7,2.938
6.7371,14.0,7.670731707317073,1.0414634146341464,2724.0,3.321951219512195,37.95,-121.98,2.674
3.0757,39.0,4.524663677130045,1.0022421524663676,1221.0,2.7376681614349776,37.8,-122.21,1.51
5.375,16.0,4.76,1.02,93.0,1.86,33.76,-117.84,2.157
2.7679,33.0,4.827433628318584,1.0309734513274336,890.0,3.938053097345133,34.01,-118.08,1.764
4.375,33.0,5.439897698209719,1.0588235294117647,1056.0,2.70076726342711,34.18,-118.44,2.861
4.7143,46.0,5.882845188284519,0.9832635983263598,771.0,3.225941422594142,37.72,-122.45,2.193
7.2532,9.0,6.48122866894198,0.969283276450512,1070.0,3.651877133105802,33.9,-117.96,3.815
1.85,49.0,5.096153846153846,1.1610576923076923,1522.0,3.6586538461538463,34.02,-118.3,1.168
6.1183,49.0,5.869565217391305,1.2608695652173914,86.0,3.739130434782609,37.82,-122.29,0.75
2.9091,23.0,6.794223826714801,1.4945848375451265,673.0,2.4296028880866425,38.93,-119.99,1.419
2.2206,50.0,5.350877192982456,1.080701754385965,661.0,2.319298245614035,41.73,-122.64,0.632
2.4717,24.0,4.367851622874807,1.0146831530139104,2312.0,1.786707882534776,34.44,-119.77,2.953
3.0906,52.0,3.940503432494279,1.0640732265446224,885.0,2.0251716247139586,37.77,-122.45,5.00001
2.8269,40.0,5.089494163424124,1.0583657587548638,901.0,3.5058365758754864,33.9,-118.24,0.98
3.4167,35.0,4.583333333333333,1.1640625,984.0,2.5625,34.15,-118.12,1.982
1.9236,52.0,4.5064935064935066,1.0909090909090908,558.0,2.415584415584416,34.07,-117.65,1.172
3.5313,34.0,5.701886792452831,1.0264150943396226,773.0,2.916981132075472,33.87,-117.58,1.421
5.0574,37.0,5.530487804878049,1.0030487804878048,850.0,2.591463414634146,33.8,-118.1,2.408
4.925,22.0,6.730831973898858,1.00163132137031,1795.0,2.9282218597063623,36.76,-119.63,1.547
3.1194,33.0,4.195991091314031,1.0623608017817372,1518.0,3.3808463251670378,33.98,-118.35,1.528
9.4522,37.0,8.47872340425532,1.175531914893617,984.0,2.617021276595745,34.44,-119.63,5.00001
2.4678,18.0,4.91715708465369,1.0869171570846536,5466.0,2.474422815753735,36.8,-119.74,0.743
5.1121,19.0,5.618852459016393,1.0478142076502732,2006.0,2.740437158469945,37.06,-122.01,3.081
3.0091,41.0,5.648837209302326,1.055813953488372,1188.0,2.7627906976744185,32.97,-115.54,0.708
3.0234,15.0,5.319047619047619,0.988095238095238,1254.0,2.9857142857142858,36.09,-119.02,0.886
3.5547,36.0,5.609195402298851,0.9348659003831418,672.0,2.574712643678161,37.7,-122.15,1.947
2.506,25.0,3.374717832957111,1.0474040632054176,5217.0,2.944130925507901,34.14,-118.25,1.845
2.2125,42.0,5.855218855218856,1.245791245791246,1104.0,3.717171717171717,33.89,-118.21,1.207
4.6364,17.0,6.16986301369863,1.0356164383561643,1776.0,4.865753424657535,32.57,-117.06,1.411
6.6458,31.0,5.965986394557823,0.9948979591836736,1957.0,3.328231292517007,34.28,-118.49,2.855
7.0735,14.0,8.056485355648535,1.1171548117154813,2052.0,4.292887029288703,37.38,-121.87,3.356
2.8203,24.0,4.997840172786177,1.0107991360691144,1549.0,3.345572354211663,35.05,-120.48,1.526
4.1098,21.0,4.89532293986637,1.0289532293986636,1100.0,2.4498886414253898,38.0,-122.6,2.466
2.5552,34.0,5.075851393188855,1.105263157894737,1397.0,2.1625386996904026,35.37,-120.84,2.0
5.3994,23.0,5.019157088122605,1.0229885057471264,910.0,3.4865900383141764,37.44,-121.88,2.379
5.2713,7.0,6.832116788321168,1.0894160583941606,4218.0,2.565693430656934,33.94,-117.31,2.165
8.9571,33.0,7.210696920583469,1.0307941653160453,1684.0,2.7293354943273904,37.86,-122.18,3.997
6.9961,5.0,7.294360385144429,1.071526822558459,2017.0,2.7744154057771664,37.97,-122.09,2.941
2.5562,22.0,9.39864864864865,1.7184684684684686,1086.0,2.445945945945946,38.04,-120.25,1.362
5.5658,52.0,5.3,0.9840909090909092,1135.0,2.5795454545454546,34.17,-118.28,3.312
3.0,50.0,4.297356828193832,1.0088105726872247,1362.0,3.0,33.98,-118.04,1.632
3.8287,35.0,4.857142857142857,1.0930232558139534,1675.0,2.7823920265780733,33.79,-118.32,2.799
5.3439,23.0,5.825980392156863,0.9877450980392156,1101.0,2.698529411764706,33.83,-117.86,2.271
1.9531,27.0,4.075675675675676,1.0810810810810811,746.0,4.032432432432432,34.09,-117.58,1.008
1.625,4.0,3.0,0.5,8.0,1.3333333333333333,35.22,-117.76,2.75
2.8676,46.0,4.122969837587007,1.034802784222738,805.0,1.867749419953596,37.87,-122.28,2.12
2.5234,35.0,6.239130434782608,1.072463768115942,381.0,2.760869565217391,34.13,-117.25,0.882
1.5,5.0,3.620578778135048,1.0160771704180065,819.0,2.633440514469453,34.13,-117.9,1.398
2.2866,19.0,4.143884892086331,1.0287769784172662,2010.0,3.615107913669065,32.7,-117.03,1.099
2.587,33.0,5.549333333333333,1.090666666666667,1008.0,2.688,34.07,-117.66,1.381
0.9513,43.0,3.727536231884058,1.0434782608695652,972.0,2.8173913043478263,36.72,-119.8,0.504
3.0907,11.0,5.013986013986014,1.0195804195804197,2769.0,3.872727272727273,38.03,-121.28,0.941
5.184,35.0,6.041753653444676,0.974947807933194,1420.0,2.964509394572025,34.06,-117.92,2.249
2.8833,29.0,5.793911007025761,1.0608899297423888,1130.0,2.646370023419204,40.79,-124.13,0.83
6.0382,26.0,5.33271375464684,1.053903345724907,1157.0,2.150557620817844,33.84,-118.38,3.553
2.6341,15.0,4.369281045751634,1.065359477124183,1172.0,3.830065359477124,39.37,-121.03,0.85
4.1985,34.0,4.761862917398946,1.039543057996485,2002.0,1.7592267135325133,37.46,-122.19,5.00001
1.6948,15.0,5.676646706586826,1.221556886227545,893.0,2.6736526946107784,39.83,-121.5,0.875
2.5679,36.0,4.1913875598086126,1.0311004784688995,2521.0,3.0155502392344498,33.94,-118.3,1.149
2.6765,26.0,5.415349887133183,1.1693002257336342,1037.0,2.340857787810384,40.26,-120.2,0.476
3.6204,18.0,6.182608695652174,1.056521739130435,702.0,3.0521739130434784,36.77,-119.92,1.198
1.8929,43.0,3.3625866050808315,1.02540415704388,2098.0,4.8452655889145495,34.01,-118.24,0.992
3.625,13.0,5.479674796747967,1.048780487804878,719.0,2.9227642276422765,36.61,-119.46,1.083
3.3125,22.0,6.175548589341693,1.0407523510971788,1066.0,3.341692789968652,36.79,-119.9,1.061
3.2308,34.0,4.595907928388747,1.1713554987212276,775.0,1.9820971867007675,33.05,-117.3,3.313
13.4883,4.0,8.434426229508198,1.0327868852459017,416.0,3.4098360655737703,37.87,-121.97,5.00001
2.1216,15.0,5.3347107438016526,1.1694214876033058,582.0,2.4049586776859506,39.78,-120.57,1.02
3.875,32.0,5.361702127659575,1.1094224924012157,924.0,2.8085106382978724,34.14,-117.88,1.867
2.2132,46.0,4.687344913151365,0.967741935483871,971.0,2.4094292803970223,36.51,-119.55,0.766
3.1373,52.0,4.627450980392157,1.1200980392156863,830.0,2.034313725490196,38.05,-122.16,1.851
3.6838,13.0,6.329305135951661,1.1812688821752266,860.0,2.598187311178248,38.03,-120.28,1.457
5.6613,15.0,5.953051643192488,0.971830985915493,1400.0,3.286384976525821,38.32,-122.69,1.724
2.598,21.0,5.045602605863192,1.0521172638436482,1351.0,2.2003257328990227,34.02,-117.05,1.067
3.15,49.0,5.83,1.0466666666666666,705.0,2.35,36.77,-119.81,0.722
3.7635,14.0,5.401898734177215,1.268987341772152,1236.0,1.9556962025316456,35.19,-120.81,3.362
3.2917,34.0,6.597444089456869,1.095846645367412,1041.0,3.3258785942492013,36.55,-119.53,1.115
2.2788,52.0,4.222602739726027,1.0273972602739727,571.0,1.9554794520547945,37.87,-122.28,1.823
8.6803,16.0,6.580821917808219,0.9205479452054794,1080.0,2.958904109589041,33.07,-117.1,3.473
3.5388,32.0,5.031390134529148,1.0448430493273542,557.0,2.497757847533632,33.63,-117.91,4.07
1.4803,10.0,3.062350119904077,1.170263788968825,730.0,1.750599520383693,33.87,-117.93,1.375
2.3913,35.0,3.875,1.233108108108108,1016.0,3.4324324324324325,34.08,-118.27,1.988
7.9393,8.0,6.870503597122302,0.9328537170263788,1376.0,3.2997601918465227,37.74,-121.98,3.993
3.5486,20.0,5.655384615384615,1.6615384615384616,615.0,1.892307692307692,32.8,-117.28,1.938
4.3812,32.0,5.176360225140713,0.9362101313320824,1661.0,3.1163227016885555,34.11,-118.21,2.282
4.615,36.0,5.566197183098591,1.036619718309859,1236.0,3.4816901408450702,33.95,-118.04,1.74
5.0762,11.0,5.91554054054054,1.0675675675675675,765.0,2.58445945945946,35.54,-117.84,0.98
2.6159,19.0,3.292091836734694,1.093112244897959,2004.0,2.556122448979592,34.21,-118.6,1.823
3.0078,25.0,4.912126537785589,1.047451669595782,1650.0,2.899824253075572,34.17,-117.31,0.871
2.2612,12.0,5.235714285714286,1.0244047619047618,11139.0,6.630357142857143,34.45,-116.14,1.375
2.3641,30.0,3.9642058165548097,1.1185682326621924,1389.0,3.1073825503355703,32.74,-117.1,0.941
4.4091,36.0,6.22672064777328,1.0364372469635628,671.0,2.716599190283401,37.62,-122.42,3.179
4.6488,16.0,6.350847457627118,0.9932203389830508,1817.0,3.0796610169491525,38.7,-121.27,1.453
10.1714,6.0,8.305343511450381,1.0882103477523324,3744.0,3.175572519083969,33.78,-117.78,4.815
3.9848,27.0,5.011472275334608,0.9808795411089866,1063.0,2.032504780114723,37.36,-122.05,4.097
4.7009,31.0,5.011904761904762,1.0476190476190477,1046.0,2.0753968253968256,34.01,-118.43,5.00001
3.2727,25.0,4.395770392749244,1.1178247734138973,734.0,2.217522658610272,37.3,-121.94,2.625
4.8229,10.0,5.4,0.9908045977011494,1598.0,3.6735632183908047,32.91,-117.15,1.832
5.0143,15.0,6.67319587628866,1.0587628865979382,2484.0,2.560824742268041,37.71,-121.94,2.711
4.2891,52.0,5.099730458221024,1.1185983827493262,1442.0,3.8867924528301887,37.75,-122.41,2.3
12.2478,10.0,8.186224489795919,0.9668367346938777,1199.0,3.058673469387755,37.85,-121.96,5.00001
3.2206,40.0,5.777292576419214,1.0611353711790392,684.0,2.986899563318777,33.94,-118.31,1.458
3.415,29.0,4.128205128205129,1.098793363499246,2352.0,1.7737556561085972,34.15,-118.44,3.825
2.8594,48.0,5.307339449541284,1.1330275229357798,677.0,3.1055045871559632,34.07,-117.76,1.272
1.9937,40.0,4.076015727391874,1.001310615989515,1557.0,2.040629095674967,34.08,-118.36,3.671
3.05,52.0,5.445378151260504,1.0336134453781514,853.0,3.5840336134453783,34.0,-118.3,1.116
3.5903,35.0,3.676767676767677,1.0168350168350169,962.0,3.239057239057239,33.91,-118.33,1.833
3.2679,30.0,3.9,1.125,77.0,1.925,32.77,-117.2,1.375
3.3816,15.0,5.404710920770878,0.961456102783726,1374.0,2.942184154175589,40.57,-122.32,0.938
2.8031,34.0,4.678988326848249,1.0525291828793777,1342.0,2.6108949416342413,34.07,-117.13,0.869
5.9499,25.0,5.134275618374558,0.9575971731448764,695.0,2.45583038869258,33.92,-118.4,3.458
2.6384,16.0,4.527303754266212,1.0341296928327646,1693.0,2.889078498293516,38.46,-122.75,1.469
6.4788,25.0,7.278215223097113,1.0078740157480317,1060.0,2.7821522309711284,37.69,-120.99,1.994
2.2259,24.0,3.1024,1.0432,1808.0,2.8928,37.31,-121.86,1.125
2.7917,43.0,4.765873015873016,1.1587301587301588,840.0,3.333333333333333,33.94,-118.28,1.056
4.9236,5.0,5.682619647355164,1.057934508816121,1246.0,3.138539042821159,37.73,-121.06,1.559
2.7284,24.0,4.897400820793433,1.00547195622435,1959.0,2.679890560875513,38.27,-122.03,1.185
3.3981,15.0,5.860279441117765,1.031936127744511,1182.0,2.3592814371257487,38.46,-122.58,2.469
4.6978,24.0,5.663313212608987,1.000670690811536,4446.0,2.9818913480885314,37.56,-122.03,2.403
3.662,8.0,6.619926199261992,1.018450184501845,690.0,2.5461254612546127,34.48,-117.27,1.653
4.7941,24.0,5.986111111111111,1.0527777777777778,1158.0,3.216666666666667,33.15,-117.06,1.475
7.3343,37.0,7.0975,0.975,1006.0,2.515,38.58,-121.37,2.804
5.0,42.0,5.224899598393574,1.1244979919678717,539.0,2.1646586345381524,33.61,-117.89,5.00001
3.3936,15.0,5.532697547683924,1.1049046321525886,2884.0,3.9291553133514983,34.07,-117.62,1.27
3.3398,19.0,5.409944751381215,1.196685082872928,2150.0,2.3756906077348066,38.1,-121.7,0.897
8.4355,3.0,7.0,1.1063829787234043,2330.0,2.609182530795073,32.96,-117.21,4.676
5.6349,24.0,5.71313672922252,0.9195710455764076,874.0,2.3431635388739944,37.84,-122.14,3.556
2.6937,45.0,5.060640732265446,1.1453089244851258,2109.0,2.4130434782608696,38.12,-122.27,1.118
3.6094,29.0,4.930434782608696,1.082608695652174,2331.0,3.378260869565217,34.09,-118.01,1.792
3.1648,39.0,5.089928057553957,1.0719424460431657,729.0,2.622302158273381,33.8,-118.32,2.448
1.1326,42.0,4.890784982935154,1.006825938566553,775.0,2.645051194539249,33.93,-118.26,1.048
4.4063,23.0,5.6679174484052535,0.9887429643527204,1580.0,2.964352720450281,34.01,-117.32,1.299
2.3517,13.0,4.867801047120419,1.051047120418848,1754.0,2.2958115183246077,40.18,-122.22,0.889
3.2625,18.0,6.151943462897527,2.127208480565371,508.0,1.795053003533569,32.79,-117.24,1.938
3.6308,21.0,5.022079116835327,0.999080036798528,3394.0,3.1223551057957684,34.0,-117.88,1.921
3.1768,31.0,5.010869565217392,1.0942028985507246,1441.0,2.6105072463768115,38.11,-122.21,1.31
2.2344,34.0,3.20414201183432,1.0769230769230769,1132.0,3.3491124260355027,34.06,-118.22,1.531
2.1013,9.0,4.148148148148148,1.028395061728395,2041.0,2.5197530864197533,38.02,-121.95,1.007
1.2065,39.0,4.585754451733833,1.134020618556701,4749.0,4.450796626054358,36.74,-119.74,0.556
1.4492,29.0,3.781779661016949,1.0190677966101696,1344.0,2.847457627118644,35.29,-120.65,2.229
3.2594,36.0,4.05958549222798,0.9378238341968912,1054.0,2.7305699481865284,33.88,-118.35,2.339
2.4688,38.0,4.146825396825397,1.0297619047619049,1871.0,3.712301587301587,33.96,-118.21,1.69
4.0119,26.0,7.12,1.4,293.0,2.93,38.92,-122.77,1.194
4.2109,21.0,4.208333333333333,1.0416666666666667,688.0,1.7916666666666667,36.61,-121.87,2.788
6.1359,28.0,6.090909090909091,1.3636363636363635,49.0,4.454545454545454,33.82,-118.36,3.3
4.0642,41.0,5.794520547945205,1.0356164383561643,1168.0,3.2,37.73,-122.41,2.725
3.119,34.0,4.130890052356021,1.0471204188481675,1041.0,5.450261780104712,33.91,-118.23,0.903
3.1078,33.0,5.327073552425665,1.1126760563380282,1579.0,2.4710485133020343,34.95,-120.42,1.467
7.2392,31.0,7.281889763779527,0.9826771653543308,1852.0,2.916535433070866,33.77,-117.81,3.346
2.25,31.0,3.558558558558558,1.0855855855855856,1095.0,4.9324324324324325,34.28,-119.14,0.75
3.4844,28.0,5.18018018018018,0.9436936936936936,1312.0,2.954954954954955,34.08,-117.42,1.277
2.29,23.0,5.683381088825215,1.0974212034383954,1518.0,2.174785100286533,34.04,-117.05,1.118
3.0179,7.0,5.79245283018868,1.0919811320754718,1350.0,3.1839622641509435,36.71,-119.72,0.916
3.575,18.0,3.5566265060240965,1.1397590361445784,838.0,2.019277108433735,37.41,-122.09,2.74
3.4118,25.0,4.998175182481752,1.0364963503649636,3062.0,2.7937956204379564,34.05,-118.14,3.411
1.9718,46.0,4.252873563218391,1.028735632183908,1511.0,4.341954022988506,34.05,-117.75,1.106
2.5719,32.0,4.370253164556962,1.0316455696202531,2677.0,4.235759493670886,33.9,-118.19,1.056
5.5,21.0,7.377005347593583,1.0935828877005347,1053.0,2.8155080213903743,38.65,-121.31,1.657
4.4946,48.0,5.379912663755459,1.002183406113537,1179.0,2.574235807860262,37.76,-122.47,3.586
2.5202,52.0,4.644699140401146,1.1260744985673352,635.0,1.819484240687679,38.24,-122.64,2.44
1.525,34.0,2.8176470588235296,1.0705882352941176,557.0,3.276470588235294,34.08,-118.29,2.1
3.1528,43.0,5.423772609819121,1.028423772609819,1276.0,3.297157622739018,33.92,-118.17,1.668
3.3611,23.0,5.326923076923077,0.978021978021978,841.0,2.31043956043956,37.63,-122.06,1.692
3.125,28.0,6.325842696629214,1.4157303370786516,1057.0,3.958801498127341,37.01,-120.77,1.563
4.875,40.0,5.181818181818182,1.0101010101010102,399.0,4.03030303030303,33.91,-118.1,1.676
2.3882,43.0,3.5902255639097747,1.0676691729323309,585.0,2.199248120300752,37.77,-122.24,1.625
7.1576,52.0,10.344827586206897,1.2137931034482758,384.0,2.648275862068965,34.08,-118.45,5.00001
5.0052,44.0,5.463503649635037,1.010948905109489,542.0,1.9781021897810216,33.83,-118.18,3.218
2.995,18.0,4.75098814229249,0.984189723320158,1531.0,3.025691699604743,37.81,-121.21,1.243
3.8917,11.0,7.147163120567376,1.3581560283687943,1539.0,2.728723404255319,34.99,-118.61,1.208
5.0434,26.0,5.549822064056939,1.0,1459.0,2.596085409252669,34.43,-119.74,3.404
5.3773,27.0,5.836330935251799,1.0881294964028776,1572.0,2.827338129496403,33.84,-118.37,3.79
2.3804,37.0,6.238970588235294,1.2279411764705883,740.0,2.7205882352941178,34.64,-120.46,1.48
2.6442,31.0,4.391812865497076,1.0730994152046784,1514.0,4.426900584795321,33.21,-117.38,1.033
1.8971,41.0,5.261333333333333,1.064,1107.0,2.952,36.76,-119.82,0.669
4.3375,31.0,6.240121580547113,1.0212765957446808,867.0,2.635258358662614,37.7,-122.09,2.418
2.273,36.0,4.8127272727272725,1.098181818181818,2045.0,3.718181818181818,37.61,-121.0,0.629
1.3365,26.0,4.556213017751479,1.014792899408284,1007.0,2.9792899408284024,37.94,-122.36,0.729
1.767,37.0,3.7111111111111112,1.0888888888888888,2376.0,3.7714285714285714,34.04,-118.31,1.703
6.3875,10.0,6.68417104276069,1.0547636909227307,8686.0,3.2580645161290325,33.99,-117.86,3.107
2.7284,21.0,3.2351885098743267,0.9982046678635548,1286.0,2.3087971274685817,33.96,-118.36,1.469
1.7564,19.0,5.577720207253886,1.1865284974093264,1317.0,3.411917098445596,36.06,-118.99,0.426
3.699,19.0,3.532110091743119,1.073394495412844,2672.0,2.0428134556574924,37.32,-121.97,2.375
3.1912,33.0,4.8950471698113205,1.0023584905660377,3563.0,4.201650943396227,34.08,-117.96,1.599
3.4837,35.0,4.672316384180791,0.9124293785310734,1065.0,3.0084745762711864,33.78,-117.92,1.865
2.1522,39.0,3.7813021702838063,1.0484140233722872,2323.0,3.8781302170283807,33.96,-118.21,1.553
2.8036,46.0,4.053333333333334,1.072,815.0,2.1733333333333333,37.89,-122.3,2.116
4.2614,36.0,5.690384615384615,1.0173076923076922,1125.0,2.1634615384615383,37.29,-121.89,2.688
5.0,52.0,6.059880239520958,0.9580838323353292,823.0,2.464071856287425,37.73,-122.14,2.647
3.9798,31.0,4.7073170731707314,1.1121951219512196,1002.0,2.44390243902439,34.0,-118.42,4.586
4.2014,35.0,5.782608695652174,1.1106719367588933,1590.0,3.142292490118577,32.81,-116.88,1.432
3.2222,24.0,3.836236933797909,1.10801393728223,491.0,1.710801393728223,34.03,-118.4,3.194
2.0878,16.0,5.277064220183486,1.0568807339449542,1859.0,3.411009174311926,33.77,-117.27,1.013
4.2679,26.0,5.627565982404692,1.0117302052785924,1326.0,3.888563049853373,32.59,-117.05,1.319
5.0194,38.0,5.961206896551724,1.0258620689655171,649.0,2.7974137931034484,33.97,-117.4,1.489
4.3393,43.0,5.071949947862357,1.013555787278415,3134.0,3.267987486965589,37.73,-122.39,2.173
3.1583,52.0,5.364238410596027,1.1390728476821192,326.0,2.1589403973509933,38.57,-121.46,1.4
1.3531,20.0,2.968283582089552,1.0988805970149254,1916.0,3.574626865671642,37.98,-121.32,0.946
3.1094,14.0,5.869565217391305,1.0942028985507246,302.0,2.188405797101449,39.26,-121.0,1.361
5.449,16.0,6.822764227642277,1.0373983739837398,1713.0,2.7853658536585364,38.5,-122.75,2.521
3.9519,39.0,7.23463687150838,1.340782122905028,534.0,2.983240223463687,39.23,-122.9,0.989
1.7308,26.0,4.929471032745592,1.080604534005038,945.0,2.380352644836272,39.52,-121.56,0.536
3.9408,34.0,4.402035623409669,1.0865139949109417,1008.0,2.564885496183206,33.8,-118.34,3.277
5.6704,35.0,6.177304964539007,1.00354609929078,812.0,2.879432624113475,33.91,-118.37,3.037
2.5,49.0,4.306603773584905,1.0613207547169812,1201.0,2.832547169811321,37.79,-122.22,1.367
4.0096,35.0,5.4366925064599485,1.0310077519379846,1659.0,4.286821705426356,33.96,-118.08,1.65
3.5,43.0,5.287081339712919,1.1220095693779903,1042.0,2.492822966507177,33.82,-118.18,2.167
3.0625,37.0,4.294117647058823,0.9747899159663864,653.0,2.7436974789915967,34.02,-118.1,1.894
1.7227,14.0,4.452425373134329,1.0569029850746268,2101.0,1.9598880597014925,40.61,-122.38,1.05
4.0568,16.0,5.281321184510251,1.071753986332574,2476.0,2.8200455580865604,34.27,-118.68,2.252
2.2105,19.0,4.745454545454545,1.1484848484848484,1032.0,3.1272727272727274,33.74,-117.9,1.804
2.6447,22.0,7.595588235294118,1.7058823529411764,442.0,3.25,36.23,-118.74,1.375
3.369,30.0,4.378830083565459,1.0083565459610029,1351.0,3.763231197771588,33.76,-117.99,1.909
3.6486,25.0,3.699513381995134,1.0723844282238444,2616.0,1.5912408759124088,34.16,-118.34,2.469
2.0405,44.0,3.62803738317757,1.0822429906542057,2049.0,3.829906542056075,34.04,-118.29,1.43
3.6583,37.0,4.382352941176471,1.0980392156862746,1233.0,4.029411764705882,34.0,-118.16,1.505
5.5501,17.0,6.662650602409639,1.0080321285140563,1520.0,3.0522088353413657,33.72,-117.92,2.742
1.4514,38.0,5.78,1.205,877.0,4.385,33.97,-117.37,0.799
3.0083,25.0,3.3438661710037176,1.0353159851301117,3416.0,6.349442379182156,33.74,-117.88,1.635
4.725,23.0,6.442260442260443,1.0933660933660934,1103.0,2.71007371007371,33.7,-117.96,2.896
2.6673,38.0,5.042462845010616,1.048832271762208,1167.0,2.477707006369427,37.99,-121.3,0.875
6.6603,52.0,6.6573426573426575,1.0384615384615383,797.0,2.7867132867132867,34.16,-118.24,3.804
1.641,34.0,4.904382470119522,1.101593625498008,2334.0,4.649402390438247,33.9,-118.23,0.968
2.0076,38.0,5.330561330561331,1.135135135135135,1301.0,2.7047817047817047,35.64,-120.69,1.14
0.7403,37.0,4.491428571428571,1.1485714285714286,1046.0,2.9885714285714284,37.96,-122.37,0.686
4.4688,43.0,5.353246753246753,1.135064935064935,817.0,2.122077922077922,37.45,-122.18,4.602
3.4167,31.0,7.023255813953488,1.131782945736434,383.0,2.9689922480620154,37.67,-121.06,1.969
2.25,10.0,5.428571428571429,1.2653061224489797,154.0,3.142857142857143,39.1,-122.33,0.75
5.34,9.0,4.69471488178025,1.095271210013908,4240.0,2.948539638386648,37.4,-121.88,2.574
4.2165,15.0,4.962085308056872,1.0489731437598735,1729.0,2.7314375987361768,33.67,-117.99,2.346
1.8783,45.0,4.445333333333333,1.064,928.0,2.474666666666667,34.02,-118.33,1.182
4.3851,4.0,4.416541353383459,0.974436090225564,1780.0,2.6766917293233083,37.29,-121.84,1.604
2.5938,45.0,4.6328125,1.0390625,481.0,3.7578125,34.07,-118.09,1.993
3.6946,17.0,3.905339805825242,1.1201456310679612,1701.0,2.0643203883495147,33.89,-117.88,2.655
6.8901,46.0,5.12639405204461,0.8884758364312267,688.0,2.557620817843866,34.01,-118.46,5.00001
6.5162,27.0,7.124610591900312,0.9968847352024922,967.0,3.012461059190031,34.19,-118.85,3.494
4.3214,41.0,5.84,1.008,230.0,1.84,34.09,-118.39,5.00001
2.9643,41.0,4.828877005347594,1.0909090909090908,1146.0,3.064171122994652,33.91,-118.16,1.622
2.5625,12.0,7.020527859237537,1.2991202346041055,877.0,2.5718475073313782,38.82,-122.5,1.092
1.6964,28.0,3.3043478260869565,1.162471395881007,2145.0,4.908466819221968,34.19,-119.17,1.75
6.2059,22.0,7.813008130081301,1.0914634146341464,1665.0,3.3841463414634148,34.28,-118.75,2.399
3.2083,40.0,4.11318553092182,1.0980163360560091,1675.0,1.9544924154025671,37.76,-122.47,3.3
7.7572,52.0,7.070247933884297,1.012396694214876,671.0,2.772727272727273,34.03,-118.5,5.00001
6.1572,25.0,7.051136363636363,1.0227272727272727,960.0,2.727272727272727,33.63,-117.97,3.44
2.9511,17.0,3.5869336143308748,1.065331928345627,1694.0,1.7850368809272918,34.14,-118.14,2.823
4.8693,45.0,5.986754966887418,1.043046357615894,800.0,2.6490066225165565,33.83,-118.17,2.777
2.7128,26.0,5.492392807745505,1.1106500691562933,1792.0,2.4785615491009683,35.13,-120.62,2.099
6.4753,8.0,7.841584158415841,1.1683168316831682,615.0,3.0445544554455446,37.97,-121.81,1.668
7.2845,19.0,7.052631578947368,0.9507640067911716,2130.0,3.616298811544992,33.73,-117.97,3.018
3.2188,34.0,4.623145400593472,1.1127596439169138,1179.0,3.4985163204747773,33.93,-118.08,1.651
8.338,52.0,8.297101449275363,0.9637681159420288,334.0,2.420289855072464,38.54,-121.5,4.058
2.8347,34.0,5.835365853658536,1.1097560975609757,1564.0,4.7682926829268295,34.04,-117.76,1.158
3.434,17.0,5.352941176470588,1.0485590209238058,6990.0,2.759573628108962,32.78,-116.94,1.932
3.6731,35.0,5.350253807106599,1.0279187817258884,1243.0,3.154822335025381,33.92,-118.03,1.67
4.1379,42.0,4.828767123287672,1.0547945205479452,624.0,2.136986301369863,38.03,-122.7,3.091
3.9659,33.0,5.322314049586777,1.0661157024793388,334.0,2.760330578512397,40.73,-124.1,1.118
3.0645,20.0,5.21578947368421,1.087719298245614,1996.0,3.501754385964912,37.65,-121.02,1.06
2.9688,42.0,4.536931818181818,1.0596590909090908,1311.0,3.7244318181818175,34.08,-118.03,1.628
1.8261,52.0,4.251612903225807,0.9935483870967742,1368.0,4.412903225806452,37.95,-121.27,0.546
1.9038,39.0,3.77734375,1.0,903.0,3.52734375,33.91,-118.26,0.931
1.7727,44.0,4.377314814814815,1.039351851851852,1047.0,2.423611111111111,37.93,-122.36,0.861
9.7821,28.0,8.212871287128714,1.0915841584158417,1604.0,3.9702970297029694,34.43,-119.77,5.00001
6.3814,8.0,7.606271777003484,1.069686411149826,1000.0,3.484320557491289,32.79,-115.59,1.599
2.6573,45.0,4.078947368421052,1.0350877192982455,1893.0,4.151315789473684,34.03,-118.21,1.418
2.5625,33.0,4.345505617977528,1.0449438202247192,1063.0,2.985955056179775,37.66,-122.08,1.543
7.7201,21.0,7.75375,0.9975,2494.0,3.1175,37.22,-121.85,3.627
2.83,22.0,5.654244306418219,1.308488612836439,1215.0,2.515527950310559,38.93,-119.96,1.105
2.7857,28.0,5.417391304347826,1.1021739130434782,1202.0,2.6130434782608694,39.47,-123.8,1.503
3.016,31.0,4.45945945945946,1.0675675675675675,2181.0,2.9472972972972973,37.65,-122.07,1.618
5.1155,34.0,5.43213728549142,0.9578783151326054,2227.0,3.4742589703588145,33.81,-118.02,2.009
5.8625,8.0,6.724310776942356,1.0426065162907268,1154.0,2.892230576441103,35.64,-117.7,1.094
4.1852,44.0,4.991228070175438,1.0,497.0,2.179824561403509,33.96,-118.4,3.033
5.3046,37.0,5.028801843317972,1.066820276497696,1661.0,1.913594470046083,33.77,-118.13,3.607
3.1793,15.0,5.887673956262425,1.1988071570576542,3943.0,3.91948310139165,33.16,-117.18,1.599
4.1325,13.0,5.064,1.037090909090909,3892.0,2.8305454545454545,33.85,-117.95,2.035
2.0425,35.0,5.556306306306307,1.0563063063063065,1194.0,2.689189189189189,40.19,-122.26,0.637
3.7273,21.0,4.664345403899722,1.0264623955431755,1952.0,2.71866295264624,36.97,-121.98,2.519
5.9941,23.0,6.495274102079395,1.0680529300567108,1729.0,3.268431001890359,34.05,-118.11,2.667
5.156,23.0,6.197718631178708,0.9619771863117872,704.0,2.67680608365019,35.27,-120.63,2.513
7.4046,47.0,7.031347962382445,1.0626959247648904,911.0,2.8557993730407523,34.18,-118.28,4.468
10.0765,3.0,7.674358974358975,1.1,991.0,2.541025641025641,33.61,-117.59,3.782
4.5562,17.0,6.237218813905931,0.983640081799591,1490.0,3.047034764826176,38.69,-121.25,1.345
2.639,39.0,4.034416826003824,1.008604206500956,2720.0,2.6003824091778203,37.63,-122.41,2.425
6.6719,26.0,8.026819923371647,1.0727969348659003,793.0,3.0383141762452106,33.84,-117.85,2.717
6.4232,41.0,5.3578947368421055,0.9789473684210528,746.0,2.617543859649123,34.01,-118.43,4.466
3.3942,36.0,3.811965811965812,0.9230769230769232,410.0,3.5042735042735043,33.98,-118.11,1.472
2.4278,14.0,5.338790931989925,1.0377833753148615,1729.0,2.177581863979849,38.93,-121.08,1.677
3.0119,22.0,3.772009029345373,1.0835214446952597,1005.0,2.2686230248307,34.15,-118.12,1.714
1.4565,20.0,3.3309352517985613,1.0,1712.0,3.079136690647482,33.78,-118.18,1.525
3.5859,17.0,4.0,1.0094562647754135,903.0,2.1347517730496453,33.67,-117.99,2.625
4.0417,44.0,4.322695035460993,1.148936170212766,1036.0,3.673758865248227,34.12,-118.19,1.706
1.6652,34.0,3.8755244755244753,1.1216783216783217,2782.0,3.890909090909091,33.97,-118.28,0.99
3.4817,15.0,5.6280834914611,1.0588235294117647,1687.0,3.2011385199240987,38.02,-121.91,1.298
9.2189,28.0,8.046511627906977,1.0534883720930233,2515.0,2.9244186046511627,34.14,-118.53,5.00001
8.2269,43.0,7.309090909090909,1.0636363636363635,267.0,2.4272727272727272,34.15,-118.47,5.00001
6.8564,42.0,6.452054794520548,1.0410958904109588,630.0,2.8767123287671232,33.95,-118.14,3.0
6.0296,7.0,7.003424657534247,1.1712328767123288,878.0,3.006849315068493,34.5,-117.27,1.941
3.0465,32.0,4.064766839378239,1.093264248704663,835.0,2.1632124352331608,33.87,-117.89,1.489
3.9792,19.0,5.896103896103896,1.025974025974026,306.0,1.9870129870129871,38.0,-121.31,1.319
1.5203,27.0,4.65311004784689,1.0669856459330145,859.0,2.055023923444976,34.03,-117.06,1.262
1.9306,22.0,4.176470588235294,1.326797385620915,664.0,4.339869281045751,33.66,-116.17,0.475
5.2124,9.0,5.329931972789115,1.0170068027210883,675.0,2.295918367346939,33.67,-117.81,1.996
6.1461,26.0,7.847633136094674,1.03698224852071,1818.0,2.689349112426036,34.03,-117.15,2.171
6.5772,20.0,8.26923076923077,1.010989010989011,635.0,3.489010989010989,32.67,-117.02,2.452
2.6842,28.0,4.21256038647343,1.0144927536231885,2218.0,3.571658615136876,34.07,-118.18,1.56
1.7969,48.0,5.737313432835821,1.2208955223880598,1026.0,3.062686567164179,37.84,-122.27,1.104
3.6065,52.0,4.736964078794902,1.0961761297798378,1906.0,2.208574739281576,37.8,-122.41,4.333
9.802,8.0,6.918032786885246,1.147540983606557,375.0,2.0491803278688523,33.62,-117.87,5.00001
2.12,26.0,3.802281368821293,1.0456273764258557,1178.0,4.479087452471483,33.9,-118.2,1.05
1.9702,39.0,4.138686131386861,1.0413625304136254,1468.0,3.5717761557177616,33.95,-118.29,0.932
1.9483,16.0,4.21669341894061,0.9839486356340288,1054.0,1.6918138041733548,36.82,-119.72,1.125
3.3675,33.0,4.84144645340751,0.9847009735744088,1726.0,2.400556328233658,32.78,-117.02,1.582
3.3715,52.0,3.843388960205392,1.0539152759948651,1240.0,1.5917843388960204,37.8,-122.43,5.0
3.3516,32.0,4.960167714884696,1.0587002096436058,1283.0,2.689727463312369,33.86,-117.96,1.9
3.5096,33.0,4.921259842519685,0.952755905511811,970.0,2.545931758530184,37.74,-121.44,1.417
2.5261,22.0,2.5966735966735968,1.004158004158004,1106.0,2.2993762993762994,34.02,-118.48,3.75
7.7589,8.0,6.376899696048632,1.03951367781155,908.0,2.759878419452888,33.67,-117.81,3.429
6.0102,16.0,6.78827361563518,1.026058631921824,1154.0,3.758957654723127,38.01,-122.24,2.356
2.4555,15.0,6.177033492822966,1.291866028708134,1697.0,2.706539074960128,39.9,-122.57,0.556
3.8125,43.0,6.152173913043479,1.059782608695652,931.0,2.529891304347826,37.73,-122.14,2.351
5.5,35.0,6.60625,0.990625,881.0,2.753125,32.77,-117.0,2.414
3.2891,29.0,6.062962962962963,1.1,753.0,2.7888888888888888,40.77,-122.96,0.931
3.625,25.0,5.887788778877888,1.0297029702970295,904.0,2.983498349834984,36.63,-119.43,1.076
2.8393,15.0,5.427402862985685,1.0838445807770962,1267.0,2.591002044989775,37.31,-119.64,1.044
1.75,17.0,5.474358974358975,1.4711538461538465,633.0,2.0288461538461537,38.96,-122.63,0.64
3.6694,52.0,5.0583941605839415,1.0072992700729928,729.0,2.6605839416058394,37.73,-122.43,2.755
4.675,24.0,6.412735849056604,1.0235849056603774,1318.0,3.108490566037736,34.19,-118.95,2.288
2.6768,52.0,4.335078534031414,1.099476439790576,718.0,1.8795811518324608,37.83,-122.26,1.823
3.3287,29.0,4.549295774647887,1.0704225352112675,1217.0,2.142605633802817,34.21,-118.23,2.734
2.5164,30.0,4.456,1.2506666666666666,760.0,2.026666666666667,36.6,-121.88,1.781
15.0001,48.0,9.72983870967742,1.0524193548387095,770.0,3.1048387096774195,34.08,-118.42,5.00001
2.0,43.0,2.496732026143791,1.0522875816993464,1275.0,4.166666666666667,34.07,-118.25,1.75
4.4312,36.0,5.645283018867924,1.0226415094339625,743.0,2.8037735849056604,33.8,-118.13,2.26
6.0794,32.0,6.337559429477021,1.057052297939778,1628.0,2.5800316957210776,34.16,-118.6,3.385
4.0833,20.0,6.025301204819277,1.0,2330.0,2.8072289156626504,38.64,-121.3,1.6
2.2083,18.0,5.183908045977011,1.1206896551724137,771.0,4.431034482758621,36.84,-120.69,0.55
11.7894,45.0,7.4,0.9344262295081968,759.0,2.4885245901639346,34.14,-118.17,5.00001
5.5524,21.0,6.156645569620253,0.9746835443037974,1968.0,3.113924050632912,38.11,-122.65,2.792
3.1325,27.0,4.378086419753086,1.0555555555555556,2141.0,3.3040123456790123,33.89,-118.36,2.15
2.425,46.0,4.927710843373494,1.0180722891566265,772.0,2.325301204819277,36.33,-119.31,0.849
5.0635,16.0,6.573816155988858,0.9888579387186628,1034.0,2.8802228412256268,36.83,-119.77,1.085
3.4331,11.0,5.1552878179384205,1.1941097724230254,1847.0,2.4725568942436413,38.68,-121.8,1.206
3.5739,45.0,6.052083333333333,1.0338541666666667,968.0,2.520833333333333,37.77,-122.16,1.76
3.4222,33.0,5.073322932917317,0.982839313572543,2010.0,3.135725429017161,36.7,-121.66,1.581
3.5655,38.0,5.153846153846154,0.9698996655518396,861.0,2.879598662207358,34.08,-117.41,0.956
5.6292,24.0,6.454954954954955,0.983108108108108,2444.0,2.7522522522522523,37.94,-122.04,2.314
3.4545,27.0,5.2889908256880735,0.9785932721712538,1760.0,2.691131498470948,33.94,-116.98,0.898
5.2415,12.0,5.1610337972167,1.0210735586481112,8190.0,3.256461232604374,37.38,-121.85,2.865
7.7197,16.0,17.5,1.75,17.0,4.25,33.97,-118.43,5.00001
4.1827,31.0,5.915555555555556,1.0888888888888888,598.0,2.6577777777777776,37.59,-122.55,3.455
3.5187,33.0,5.072727272727272,1.025974025974026,1912.0,2.483116883116883,37.7,-122.06,2.094
4.0987,37.0,4.804913294797688,1.060693641618497,1468.0,2.121387283236994,37.58,-122.36,4.34
2.0694,31.0,6.090909090909091,0.9636363636363636,154.0,2.8,38.09,-121.3,1.75
6.8677,25.0,6.785454545454545,0.9854545454545456,840.0,3.0545454545454547,37.4,-121.84,2.885
2.4722,16.0,4.722298221614227,1.0820793433652531,1567.0,2.143638850889193,38.47,-122.67,1.943
2.0699,24.0,3.137648131267092,1.064721969006381,4625.0,4.216043755697356,34.22,-118.45,1.83
1.6875,19.0,5.279176201372998,1.2013729977116705,1266.0,2.897025171624714,33.92,-116.77,0.63
4.9485,32.0,6.167192429022082,0.9873817034700316,804.0,2.5362776025236595,37.95,-122.03,2.023
3.725,35.0,4.114285714285714,1.0523809523809524,1161.0,2.7642857142857142,34.02,-118.41,3.1
2.5197,35.0,3.4686868686868686,0.9656565656565655,1628.0,3.2888888888888888,34.2,-118.44,2.256
2.2368,7.0,4.43313373253493,1.093812375249501,1440.0,2.874251497005988,33.37,-117.26,1.546
3.9698,15.0,5.394833948339484,1.011070110701107,1002.0,3.697416974169742,32.58,-117.08,1.427
3.2813,48.0,4.95945945945946,1.027027027027027,956.0,2.583783783783784,34.05,-118.36,2.436
2.375,17.0,5.690406976744186,1.0784883720930232,1768.0,2.569767441860465,36.02,-119.01,0.798
3.2411,52.0,5.1488203266787655,1.0925589836660616,1164.0,2.1125226860254083,34.06,-118.35,2.5
2.9861,26.0,4.31064572425829,1.0924956369982548,1174.0,2.048865619546248,37.97,-122.04,1.609
2.3456,12.0,4.866323907455013,1.2673521850899745,1054.0,2.709511568123393,34.13,-117.37,1.408
3.8586,34.0,5.385126162018592,0.9814077025232404,2470.0,3.2802124833997346,34.07,-117.69,1.36
4.3393,20.0,5.232388663967611,1.0477732793522267,3288.0,2.662348178137652,37.56,-121.99,2.312
4.1875,15.0,6.535471331389699,1.0796890184645287,3139.0,3.0505344995140917,35.41,-120.65,2.616
3.7452,14.0,5.688212927756654,1.0893536121673004,1631.0,3.1007604562737643,35.05,-118.19,0.832
3.6039,45.0,4.601217656012176,1.0030441400304415,1789.0,2.7229832572298327,38.3,-122.31,1.26
12.0088,16.0,6.006711409395973,1.2147651006711409,237.0,1.5906040268456376,33.96,-118.48,5.00001
5.7051,35.0,5.727272727272728,0.997326203208556,986.0,2.636363636363636,34.17,-118.07,3.26
3.4792,8.0,36.47826086956522,6.304347826086956,291.0,2.530434782608696,39.35,-120.24,1.808
3.0917,48.0,6.059139784946237,1.010752688172043,530.0,2.849462365591398,38.87,-121.13,1.281
5.1619,36.0,5.2026666666666666,1.0533333333333332,1040.0,2.773333333333333,34.25,-118.48,1.953
3.9826,25.0,5.745980707395498,1.0,1108.0,3.562700964630225,33.03,-117.27,2.158
2.5278,35.0,5.01,1.03,842.0,2.806666666666666,34.71,-118.15,0.977
2.681,28.0,3.988294314381271,1.1103678929765886,3201.0,2.6764214046822743,33.95,-118.35,1.477
4.2639,26.0,5.901075268817205,1.0623655913978494,1411.0,3.034408602150537,34.08,-117.71,1.542
6.2578,9.0,7.3259668508287294,1.0856353591160222,1355.0,3.7430939226519335,32.67,-116.89,2.931
4.002,5.0,5.32306477093207,0.9881516587677726,4614.0,3.6445497630331753,34.63,-117.84,1.151
2.2902,43.0,3.258964143426295,1.0079681274900398,1855.0,3.695219123505976,34.03,-118.17,1.524
3.2239,52.0,3.996007984031936,1.037924151696607,939.0,1.874251497005988,37.77,-122.44,4.889
5.6168,13.0,6.727524204702628,1.008298755186722,2780.0,3.8450899031811896,34.02,-117.63,1.754
3.5673,11.0,5.932584269662922,1.1348314606741574,1257.0,2.824719101123596,39.29,-121.32,1.12
3.2465,19.0,5.876971608832808,1.1198738170347002,1260.0,3.9747634069400632,33.79,-118.05,2.774
2.5592,37.0,4.733974358974359,1.0288461538461535,888.0,2.8461538461538463,38.52,-121.45,0.703
3.875,22.0,4.313775510204081,1.020408163265306,2688.0,3.4285714285714284,33.93,-118.03,1.647
4.4896,48.0,4.989304812834225,1.0623885918003566,1235.0,2.201426024955437,34.07,-118.38,5.00001
2.7254,41.0,3.834829443447038,0.985637342908438,986.0,1.770197486535009,34.02,-118.47,4.444
2.3152,10.0,3.4055944055944054,1.1048951048951048,631.0,2.2062937062937062,37.97,-122.04,1.406
8.6572,20.0,8.130434782608695,1.0271739130434785,1105.0,3.002717391304348,38.58,-121.35,3.202
4.7375,45.0,5.2661498708010335,1.0180878552971575,1086.0,2.806201550387597,33.94,-118.41,2.896
5.128,25.0,6.045180722891566,0.9066265060240964,1135.0,3.4186746987951806,32.78,-115.57,0.996
3.5967,15.0,4.257391304347826,1.0469565217391303,1666.0,2.897391304347826,33.75,-117.93,1.416
1.0625,20.0,4.546511627906977,1.0116279069767442,523.0,2.0271317829457365,39.75,-121.62,0.928
4.0417,37.0,6.432,1.0506666666666666,975.0,2.6,37.68,-122.12,1.911
3.25,20.0,4.72093023255814,1.1162790697674418,494.0,2.872093023255814,33.83,-117.94,3.5
1.2813,26.0,3.182108626198083,1.1629392971246006,366.0,1.1693290734824282,33.76,-118.08,0.467
5.399,34.0,5.35258358662614,1.0,965.0,2.933130699088146,33.83,-118.34,3.585
4.2273,35.0,5.8566978193146415,1.1526479750778815,926.0,2.884735202492212,37.35,-121.97,2.699
4.8875,9.0,5.735849056603773,1.0150943396226415,1250.0,4.716981132075472,32.69,-117.06,1.577
2.2661,16.0,5.783050847457627,1.1305084745762712,1873.0,3.1745762711864405,40.37,-120.58,0.618
5.3794,52.0,6.861016949152543,1.123728813559322,1316.0,2.230508474576271,37.86,-122.25,3.769
1.8875,34.0,4.247126436781609,1.0603448275862069,1735.0,4.985632183908046,34.02,-118.19,1.367
1.2745,15.0,2.738693467336684,0.9262981574539364,1347.0,2.256281407035176,32.67,-117.1,0.929
9.5221,48.0,7.021317829457364,1.0232558139534884,1282.0,2.484496124031008,34.05,-118.48,5.00001
2.6767,15.0,4.512448132780083,1.170124481327801,1194.0,2.4771784232365146,36.81,-119.72,0.875
3.65,18.0,4.421733505821475,1.054333764553687,1961.0,2.536869340232859,33.84,-117.95,1.714
3.1827,31.0,5.771653543307087,1.0393700787401574,608.0,2.393700787401575,38.02,-121.33,1.621
4.8311,15.0,6.3478260869565215,1.064412238325282,2240.0,3.607085346215781,34.03,-117.62,1.76
8.0599,31.0,6.365248226950355,0.99645390070922,872.0,3.092198581560284,37.35,-122.06,3.818
1.0918,52.0,2.2533333333333334,1.2026666666666668,1230.0,3.28,32.71,-117.16,0.225
1.47,36.0,4.377777777777778,1.0055555555555555,405.0,2.25,36.29,-119.14,0.619
5.3508,25.0,5.39493670886076,1.0379746835443038,1132.0,2.8658227848101268,37.31,-122.03,4.091
3.3289,37.0,4.934984520123839,0.9938080495356038,1003.0,3.1052631578947367,33.94,-118.15,1.997
4.4861,47.0,4.678466076696165,0.9498525073746312,1077.0,3.1769911504424777,33.96,-118.31,1.404
2.5403,52.0,3.66394279877426,1.052093973442288,2259.0,2.307456588355465,37.76,-122.42,2.5
2.7254,25.0,3.796597061098221,1.099767981438515,4983.0,3.853828306264501,34.08,-118.05,1.435
3.375,52.0,5.1807780320366135,1.0045766590389016,1031.0,2.359267734553776,34.08,-117.65,1.443
2.5644,31.0,5.234527687296417,1.0944625407166124,817.0,2.6612377850162865,35.35,-119.04,0.73
2.8393,34.0,4.782352941176471,1.0058823529411764,440.0,2.588235294117647,35.4,-118.98,0.698
4.6328,30.0,5.064766839378239,1.005181347150259,999.0,2.588082901554404,37.35,-121.97,2.871
1.7301,5.0,3.1649122807017545,1.08187134502924,3148.0,3.68187134502924,32.56,-117.06,1.25
2.3319,13.0,5.456121343445287,1.1202600216684724,2243.0,2.43011917659805,38.7,-120.79,1.385
6.396,35.0,5.863636363636363,0.9829545454545454,453.0,2.573863636363636,37.62,-122.04,2.085
3.0033,52.0,5.223796033994335,1.1104815864022664,667.0,1.8895184135977336,38.56,-121.49,1.035
7.9606,34.0,6.504545454545455,1.018181818181818,503.0,2.286363636363636,37.9,-122.55,4.534
2.8828,26.0,5.290617848970252,1.2013729977116705,1273.0,2.9130434782608696,33.76,-117.85,2.047
15.0001,46.0,9.203947368421051,0.9736842105263158,410.0,2.6973684210526314,34.08,-118.42,5.00001
6.0797,26.0,6.2514450867052025,0.9797687861271676,947.0,2.73699421965318,37.67,-121.79,2.11
1.5625,36.0,5.2032085561497325,1.1711229946524064,613.0,3.27807486631016,35.34,-119.01,0.467
2.0625,19.0,5.347732181425486,1.1533477321814254,1355.0,2.9265658747300214,38.68,-121.44,0.944
5.8127,34.0,5.424,0.9573333333333334,1016.0,2.7093333333333334,37.31,-121.98,2.883
3.0259,26.0,3.897277227722772,1.0297029702970295,1320.0,1.6336633663366336,32.74,-117.15,2.117
4.2917,33.0,5.245136186770428,1.0116731517509727,1098.0,4.272373540856031,34.04,-118.05,1.612
3.7184,42.0,4.781321184510251,1.0888382687927107,1935.0,2.203872437357631,34.1,-118.25,2.773
1.9423,21.0,4.900452488687783,1.004524886877828,2611.0,3.93815987933635,38.51,-121.42,0.878
6.777,23.0,8.103960396039604,1.1435643564356437,1480.0,2.442244224422442,36.58,-121.94,5.0
5.1664,37.0,4.619047619047619,0.988095238095238,248.0,2.952380952380953,34.0,-118.46,3.267
1.5933,37.0,3.998330550918197,1.0467445742904842,2489.0,4.155258764607679,32.69,-117.11,0.863
3.6422,26.0,4.3539094650205765,0.9547325102880658,891.0,3.6666666666666665,34.94,-120.45,1.206
3.0441,17.0,5.292328042328043,1.0767195767195767,2313.0,3.0595238095238093,34.65,-118.21,1.401
2.9628,36.0,5.66553480475382,1.166383701188455,2388.0,4.054329371816638,34.13,-117.27,0.878
1.6341,38.0,3.355481727574751,1.0465116279069768,1157.0,3.843853820598007,33.99,-118.18,1.618
1.9835,43.0,2.5781758957654723,1.0716612377850163,1941.0,3.1612377850162865,34.09,-118.29,2.25
4.7159,36.0,5.613138686131387,1.0364963503649636,498.0,3.6350364963503647,33.89,-118.1,1.821
3.2865,35.0,4.0492610837438425,0.9852216748768472,1197.0,5.896551724137931,34.28,-118.42,1.333
2.1927,43.0,4.32994923857868,1.011844331641286,1820.0,3.0795262267343486,38.68,-121.77,1.079
2.7466,43.0,3.6666666666666665,1.0478547854785478,1817.0,2.9983498349834985,34.11,-118.25,2.089
2.2024,5.0,4.098984771573604,0.9822335025380712,1094.0,2.7766497461928936,32.72,-117.1,1.372
2.4185,48.0,4.168571428571428,0.9257142857142856,902.0,2.577142857142857,34.36,-119.06,1.899
3.524,45.0,5.213963963963964,1.0157657657657655,1006.0,2.265765765765766,37.72,-122.13,1.862
2.6165,34.0,4.593167701863354,1.031055900621118,1166.0,3.62111801242236,33.89,-118.24,1.009
6.7851,45.0,6.957746478873239,1.0234741784037558,1067.0,2.504694835680751,37.81,-122.2,3.235
2.2222,34.0,4.935064935064935,1.0415584415584416,1009.0,2.620779220779221,37.35,-120.61,0.75
4.1949,29.0,5.30126582278481,1.0329113924050632,2783.0,3.5227848101265824,34.22,-119.17,1.971
1.7083,19.0,4.033678756476684,1.0194300518134716,3157.0,4.089378238341969,33.71,-116.21,0.822
4.2143,35.0,5.627002288329519,1.002288329519451,970.0,2.219679633867277,34.16,-118.07,3.694
7.9627,8.0,8.234463276836157,1.0480225988700564,1271.0,3.5903954802259888,34.13,-117.69,3.454
6.2944,33.0,6.815724815724816,1.0515970515970516,1229.0,3.01965601965602,33.76,-117.82,2.656
3.6597,21.0,5.962121212121212,1.1717171717171715,1146.0,2.893939393939394,34.17,-119.17,1.951
4.6354,16.0,5.485074626865671,1.037313432835821,299.0,2.2313432835820897,32.74,-117.23,1.792
2.1411,52.0,4.456582633053221,1.0420168067226891,817.0,2.288515406162465,38.1,-122.25,0.972
3.5909,25.0,4.055806938159879,1.0844645550527905,1229.0,1.85369532428356,34.05,-118.47,5.00001
2.2197,33.0,4.325,1.0770833333333334,1374.0,2.8625,33.87,-117.57,1.382
3.5902,39.0,5.116316639741519,1.0807754442649435,2789.0,4.505654281098546,33.72,-117.87,1.659
2.1211,26.0,4.508474576271187,1.271186440677966,252.0,4.271186440677966,33.89,-118.22,1.381
5.536,13.0,6.119174942704355,1.0435446906035142,3920.0,2.9946524064171123,33.88,-117.64,2.048
4.1797,25.0,4.786407766990291,1.0161812297734627,977.0,3.161812297734628,34.44,-119.79,2.718
6.7274,5.0,5.910931174089069,0.9649122807017544,1913.0,2.5816464237516867,33.84,-117.77,2.664
10.157,8.0,9.180451127819548,1.1077694235588973,2569.0,3.219298245614035,33.83,-117.81,4.771
0.4999,29.0,2.3732718894009217,1.055299539170507,2690.0,12.3963133640553,34.02,-118.28,5.00001
1.0568,16.0,7.8427672955974845,1.981132075471698,433.0,2.7232704402515724,34.52,-116.73,0.75
3.0533,19.0,4.937190082644628,1.034710743801653,1610.0,2.6611570247933884,38.67,-121.21,1.121
1.5517,31.0,3.110831234256927,0.9748110831234256,816.0,2.0554156171284634,32.76,-117.09,1.225
3.108,27.0,4.365487674169346,1.0857449088960345,2411.0,2.584137191854233,34.1,-118.14,2.31
8.0379,32.0,5.520408163265306,0.8367346938775511,229.0,2.336734693877551,38.69,-121.59,3.833
3.975,40.0,4.645796064400716,1.0411449016100178,1285.0,2.298747763864043,33.85,-118.18,2.138
3.2845,45.0,4.551546391752577,1.041237113402062,401.0,2.0670103092783507,38.44,-122.7,1.783
1.9286,35.0,4.480662983425415,1.0856353591160222,1296.0,3.580110497237569,34.13,-117.31,0.685
3.8036,26.0,5.609090909090909,1.018181818181818,251.0,2.2818181818181817,32.75,-117.22,1.62
4.6944,30.0,6.030018761726079,0.9624765478424016,1700.0,3.189493433395872,34.28,-118.35,2.482
2.7813,35.0,5.49375,1.0645833333333334,1181.0,2.4604166666666667,39.23,-121.09,1.092
4.2792,11.0,6.409836065573771,1.0510018214936248,1459.0,2.6575591985428053,39.11,-121.62,1.238
5.4797,23.0,6.6937984496124034,1.0232558139534884,833.0,3.228682170542636,38.67,-121.28,1.6
4.3125,44.0,7.58600583090379,1.4839650145772594,691.0,2.0145772594752187,38.1,-122.86,2.615
1.5863,21.0,5.154081632653061,1.075510204081633,2948.0,3.0081632653061225,39.7,-121.81,0.813
3.775,40.0,5.7407407407407405,1.0296296296296297,798.0,2.955555555555556,33.94,-118.31,1.538
5.3154,18.0,5.457489878542511,0.9635627530364372,631.0,2.554655870445344,34.66,-120.11,2.894
5.779,39.0,6.309255079006772,1.0474040632054176,1183.0,2.670428893905192,37.53,-122.32,3.871
4.3875,17.0,5.504983388704319,1.0598006644518272,1873.0,3.111295681063123,37.6,-122.04,2.385
1.9028,50.0,5.015686274509804,1.1764705882352942,675.0,2.647058823529412,37.85,-122.27,1.508
1.4767,16.0,5.504983388704319,1.2956810631229236,572.0,1.9003322259136213,38.93,-122.6,0.62
2.7083,52.0,4.756302521008403,0.9222689075630252,1403.0,2.947478991596639,38.02,-121.87,0.994
1.5625,17.0,2.9915254237288136,0.9491525423728814,359.0,3.042372881355932,33.19,-117.38,1.625
4.0114,42.0,6.68724279835391,1.0493827160493827,578.0,2.3786008230452675,38.12,-122.24,1.669
5.4527,33.0,6.426108374384237,1.061576354679803,1208.0,2.9753694581280787,34.21,-118.61,2.271
1.7574,42.0,4.722222222222222,1.0972222222222223,1300.0,2.5793650793650795,40.5,-124.1,0.575
2.5812,36.0,2.97008547008547,0.9786324786324786,874.0,1.8675213675213675,34.09,-118.36,2.0
5.7778,41.0,5.274398868458275,1.0466760961810466,1364.0,1.9292786421499293,34.1,-118.27,4.127
5.2657,35.0,5.983870967741935,1.0161290322580645,916.0,3.693548387096774,33.83,-117.99,1.914
8.3065,14.0,7.979977753058955,1.0567296996662958,2782.0,3.0945494994438265,37.24,-121.88,3.942
4.8554,11.0,6.4902763561924255,1.0542476970317298,2697.0,2.760491299897646,33.16,-117.08,2.067
1.3417,40.0,4.65979381443299,1.1237113402061856,412.0,4.247422680412371,37.94,-121.3,0.608
2.5469,35.0,4.637271214642263,0.9767054908485856,1431.0,2.3810316139767056,39.12,-121.62,0.659
2.825,39.0,4.530898876404494,1.0674157303370786,1113.0,3.1264044943820224,33.99,-118.4,2.767
4.5658,33.0,5.74468085106383,1.2644376899696048,859.0,2.610942249240121,33.62,-117.93,5.00001
5.6958,15.0,6.057840616966581,0.988431876606684,2519.0,3.2377892030848328,37.23,-121.77,2.538
4.5179,35.0,6.780487804878049,1.113821138211382,392.0,3.186991869918699,34.07,-117.89,2.188
3.7835,52.0,5.424157303370786,1.0056179775280898,1092.0,3.067415730337079,37.73,-122.41,2.713
7.3151,34.0,6.204176334106728,1.0092807424593968,1087.0,2.5220417633410674,33.9,-118.4,4.922
2.9243,35.0,5.745819397993311,1.1538461538461535,698.0,2.3344481605351173,39.46,-123.8,1.316
4.0214,16.0,4.345273631840796,1.155223880597015,2164.0,2.153233830845771,33.75,-117.84,1.395
3.425,28.0,4.841726618705036,1.0467625899280577,1575.0,5.66546762589928,33.75,-117.9,1.595
5.6205,19.0,7.232300884955753,1.0685840707964602,1383.0,3.059734513274336,37.13,-121.67,3.008
8.7835,52.0,7.539184952978056,0.9373040752351096,970.0,3.040752351097179,34.19,-118.12,4.441
1.68,32.0,4.375224416517056,1.0628366247755834,1596.0,2.865350089766607,38.51,-121.46,0.841
4.5272,17.0,5.895161290322581,1.0376344086021505,1148.0,3.086021505376344,38.36,-121.29,1.917
3.8583,11.0,5.186653771760155,1.1218568665377175,2783.0,2.691489361702128,34.24,-118.46,1.707
2.2589,19.0,7.601063829787234,1.553191489361702,585.0,3.1117021276595747,38.94,-119.96,1.316
6.1557,35.0,6.406015037593985,1.012531328320802,946.0,2.3709273182957395,33.41,-117.61,4.029
4.21,11.0,5.1649122807017545,0.9157894736842104,1012.0,3.550877192982456,33.2,-117.28,1.756
1.6829,7.0,4.736334405144695,1.067524115755627,1608.0,2.585209003215434,36.31,-119.16,0.802
4.0962,20.0,4.034090909090909,1.068181818181818,363.0,2.0625,37.29,-121.94,2.141
2.5952,48.0,5.667924528301887,1.0264150943396226,590.0,2.2264150943396226,32.77,-117.11,1.903
2.825,41.0,4.185185185185185,1.0555555555555556,1159.0,3.066137566137566,34.22,-118.44,1.686
3.6292,36.0,4.583333333333333,1.060897435897436,1502.0,4.814102564102564,34.25,-118.42,1.452
3.5039,19.0,5.0233644859813085,1.1191588785046729,1052.0,2.457943925233645,36.48,-121.7,2.884
4.6908,35.0,5.728643216080402,0.9698492462311558,486.0,2.442211055276382,37.44,-122.21,5.00001
4.3098,22.0,5.8498168498168495,1.0256410256410255,657.0,2.4065934065934065,38.64,-121.27,2.135
6.5437,14.0,6.901548672566372,0.9966814159292036,2923.0,3.233407079646017,33.9,-117.78,2.682
3.0398,36.0,3.597609561752988,1.0597609561752988,1068.0,4.254980079681275,33.98,-118.18,1.654
2.6921,19.0,6.128500823723229,1.0477759472817134,1304.0,2.1482701812191105,39.51,-121.47,0.975
3.1635,11.0,5.161290322580645,1.153225806451613,609.0,2.4556451612903225,38.81,-120.84,1.326
3.3937,52.0,4.095724907063197,1.107806691449814,2280.0,2.1189591078066914,37.76,-122.42,2.7
4.4356,3.0,5.9676470588235295,0.9882352941176472,1003.0,2.95,36.83,-119.67,1.113
6.2141,4.0,6.716019417475728,1.0784789644012944,3941.0,3.1885113268608416,33.92,-117.7,2.522
3.8068,19.0,3.800904977375565,1.0950226244343892,964.0,1.453996983408748,33.98,-118.46,5.00001
3.371,42.0,4.530120481927711,0.9924698795180724,1817.0,2.73644578313253,37.72,-122.17,1.65
2.9293,38.0,4.3344120819848975,1.063646170442287,3702.0,3.993527508090615,33.89,-118.19,1.136
2.8393,41.0,4.75417661097852,1.0047732696897376,1006.0,2.4009546539379474,35.42,-119.05,0.57
2.6979,17.0,4.983310152990264,0.9735744089012516,1587.0,2.2072322670375524,34.0,-117.55,0.75
3.75,36.0,5.202105263157895,1.048421052631579,2594.0,5.461052631578947,33.73,-117.88,1.705
2.6471,16.0,4.0986666666666665,0.9706666666666668,1125.0,3.0,38.58,-121.3,0.907
4.9107,37.0,4.769547325102881,0.9794238683127572,740.0,3.045267489711934,33.89,-118.14,1.796
10.5981,17.0,8.973140495867769,1.0640495867768596,1605.0,3.316115702479338,33.84,-117.81,4.601
1.5667,15.0,6.378494623655914,1.4387096774193548,1007.0,2.1655913978494623,35.64,-118.33,0.725
6.3467,44.0,6.994065281899109,1.0148367952522257,891.0,2.643916913946588,34.18,-118.12,3.527
1.5758,11.0,4.789346246973365,1.1138014527845037,2756.0,2.2243744955609364,34.41,-117.29,1.083
3.0187,24.0,4.173775671406003,1.099526066350711,1649.0,2.605055292259084,34.21,-118.58,2.177
4.1861,52.0,4.1735537190082646,1.008264462809917,573.0,2.3677685950413223,33.99,-118.45,3.632
4.4861,35.0,7.033149171270718,1.160220994475138,555.0,3.0662983425414363,38.28,-122.21,2.693
2.4375,29.0,6.74496644295302,1.0201342281879195,513.0,3.442953020134228,33.99,-117.64,1.813
4.5729,22.0,4.223826714801444,1.0541516245487366,1141.0,2.05956678700361,33.92,-118.41,3.375
3.5,10.0,5.929955290611028,1.1341281669150522,1834.0,2.7332339791356186,35.55,-120.7,1.721
3.6033,39.0,4.5701754385964914,0.9692982456140352,863.0,3.7850877192982457,33.98,-118.08,1.578
3.3616,35.0,5.8893280632411065,1.0,705.0,2.7865612648221343,34.15,-117.27,0.953
3.1194,17.0,4.760683760683761,1.0769230769230769,848.0,2.415954415954416,38.6,-121.28,1.125
3.7188,21.0,4.147378832838774,1.056379821958457,2487.0,2.459940652818991,37.3,-121.95,2.93
4.0729,32.0,6.470873786407767,1.1407766990291262,660.0,3.203883495145631,38.25,-122.67,2.885
6.3735,8.0,5.339130434782609,1.0260869565217392,278.0,2.417391304347826,38.09,-122.19,1.663
4.5089,32.0,4.37160751565762,1.025052192066806,1413.0,2.9498956158663883,34.12,-118.23,2.211
3.1406,33.0,5.039634146341464,1.0182926829268293,814.0,2.481707317073171,37.95,-122.04,1.631
2.3438,42.0,3.7797783933518008,1.0041551246537397,3004.0,4.160664819944598,34.02,-118.15,1.543
1.5054,13.0,2.4764795144157814,0.9074355083459787,3356.0,5.092564491654021,33.75,-117.86,1.375
3.8281,3.0,7.980769230769231,1.3942307692307692,272.0,2.6153846153846154,33.52,-116.8,1.635
2.2431,47.0,6.371165644171779,1.2269938650306749,719.0,2.205521472392638,37.85,-122.27,1.727
2.4167,39.0,5.733178654292344,1.0672853828306264,1118.0,2.593967517401392,36.79,-119.81,0.719
5.0499,32.0,6.213872832369942,0.9826589595375722,486.0,2.8092485549132946,37.9,-122.08,3.068
4.8409,29.0,5.105809128630705,1.1099585062240664,1236.0,2.564315352697096,33.91,-118.35,2.44
2.5667,40.0,6.5120481927710845,1.1897590361445782,1010.0,3.0421686746987957,34.52,-120.39,2.393
4.8125,15.0,6.164179104477612,1.0298507462686568,440.0,3.283582089552239,33.87,-117.32,1.739
2.2031,36.0,4.170068027210885,1.129251700680272,425.0,2.891156462585034,38.57,-121.51,0.938
3.233,32.0,5.751497005988024,1.1796407185628743,951.0,2.8473053892215567,34.39,-119.51,3.46
4.9806,5.0,7.25718290119131,1.1541695865451995,4562.0,3.196916608269096,34.7,-118.1,1.411
2.2612,36.0,2.5156418554476807,1.0711974110032365,3155.0,3.4034519956850056,34.09,-118.3,2.304
2.8922,16.0,4.068610634648371,1.0085763293310464,1400.0,2.4013722126929675,38.6,-121.7,1.536
2.6111,13.0,6.372469635627531,1.3475033738191633,4166.0,2.8110661268556005,34.15,-116.09,0.656
3.024,17.0,6.4734513274336285,1.4955752212389382,529.0,2.34070796460177,38.33,-120.41,1.009
5.4193,17.0,5.789340101522843,0.9111675126903552,1226.0,3.1116751269035534,37.23,-121.79,2.595
2.5556,29.0,3.936486486486487,1.0635135135135134,3803.0,5.139189189189189,33.96,-118.17,1.465
4.8787,33.0,6.104602510460251,1.0334728033472804,1365.0,2.8556485355648538,34.7,-118.16,1.277
3.12,52.0,4.797527047913447,1.061823802163833,1157.0,1.7882534775888717,37.84,-122.25,2.414
2.3716,52.0,3.9415730337078654,1.0157303370786517,1849.0,4.155056179775281,34.03,-118.2,1.228
5.2668,32.0,6.31024531024531,0.9855699855699857,2040.0,2.9437229437229435,34.23,-118.49,2.423
6.3373,7.0,6.927083333333333,1.11328125,2015.0,2.6236979166666665,33.09,-117.23,2.796
5.373,36.0,5.375886524822695,0.9716312056737588,1232.0,2.912529550827424,33.89,-118.34,2.445
1.8911,52.0,4.151761517615176,1.1056910569105691,782.0,2.1192411924119243,38.56,-121.47,0.859
2.473,44.0,5.298630136986302,1.0273972602739727,750.0,2.054794520547945,34.17,-118.33,2.518
2.2,28.0,3.719360568383659,1.0390763765541742,1556.0,2.763765541740675,33.11,-117.08,1.277
3.0134,29.0,4.669879518072289,1.0457831325301206,1306.0,3.146987951807229,36.13,-120.36,0.555
2.0643,33.0,4.789772727272728,1.052556818181818,2352.0,3.340909090909091,35.37,-118.94,0.576
5.2798,14.0,6.355184743742551,1.0536352800953517,2093.0,2.494636471990465,37.96,-121.92,2.374
6.6257,39.0,5.54177897574124,1.026954177897574,939.0,2.5309973045822103,34.46,-119.19,4.276
5.0346,16.0,6.342696629213483,1.1123595505617978,758.0,4.258426966292135,33.15,-117.14,1.746
2.5947,23.0,3.4986876640419946,1.031496062992126,1369.0,3.593175853018373,34.42,-119.67,2.326
3.6406,40.0,5.37912087912088,0.9148351648351648,876.0,2.4065934065934065,33.64,-117.91,3.261
2.1607,35.0,4.144486692015209,1.015209125475285,1339.0,5.091254752851711,33.94,-118.23,0.976
4.3397,21.0,5.373239436619718,1.0985915492957747,1588.0,2.795774647887324,33.86,-118.1,2.681
6.1628,31.0,6.993464052287582,1.0130718954248366,426.0,2.784313725490196,32.77,-117.08,2.192
4.4489,16.0,5.966549295774648,1.051056338028169,1674.0,2.947183098591549,38.69,-121.27,1.456
5.2043,15.0,5.551194539249146,0.9778156996587032,1408.0,2.4027303754266214,35.64,-117.68,0.957
5.7881,28.0,6.068292682926829,0.9658536585365852,1190.0,2.902439024390244,37.34,-122.02,3.447
4.9676,26.0,5.333690987124464,1.0686695278969958,2370.0,2.5429184549356223,34.11,-118.17,3.814
4.5833,25.0,6.354216867469879,1.1132530120481927,965.0,2.325301204819277,33.82,-118.06,1.909
3.0313,17.0,5.870614035087719,1.1644736842105263,1244.0,2.7280701754385963,41.84,-124.3,1.036
2.3603,17.0,4.073743016759776,1.1564245810055866,1987.0,2.2201117318435752,34.1,-117.59,1.393
2.5395,23.0,5.076980014803849,1.1361954108068095,3405.0,2.520355292376018,33.64,-117.35,1.092
1.3657,50.0,3.9583333333333335,1.4333333333333331,483.0,4.025,32.7,-117.15,1.625
6.5843,20.0,7.351201478743068,0.99815157116451,1886.0,3.4861367837338264,33.88,-117.86,2.722
3.1719,42.0,5.0,1.0,256.0,2.752688172043011,37.88,-121.26,1.583
4.3981,12.0,6.28046421663443,1.1199226305609284,1459.0,2.8220502901353965,38.79,-120.95,2.028
2.8125,30.0,4.668393782383419,1.038860103626943,776.0,2.010362694300518,32.77,-117.0,1.735
4.4213,11.0,7.34593572778828,1.1323251417769375,1605.0,3.0340264650283557,37.74,-121.11,1.827
5.5073,6.0,4.749585406301824,1.064676616915423,1404.0,2.328358208955224,34.45,-119.75,2.638
6.4744,23.0,8.11328125,1.1953125,705.0,2.75390625,34.45,-119.78,5.00001
5.7211,23.0,6.46509009009009,1.1396396396396395,1843.0,2.0754504504504503,37.43,-122.21,5.00001
2.6768,25.0,4.592417061611374,1.0742496050552923,1841.0,2.9083728278041074,33.61,-114.58,0.824
2.5057,21.0,3.852610030706244,1.106448311156602,1919.0,1.9641760491299896,33.87,-118.12,1.563
3.0952,23.0,5.801324503311259,1.1015452538631347,1210.0,2.671081677704194,38.65,-121.32,1.577
3.4559,16.0,5.684931506849315,1.0547945205479452,956.0,4.365296803652968,37.34,-120.5,1.08
9.7066,38.0,8.75,1.1,129.0,6.45,34.07,-117.92,1.825
2.4263,32.0,3.25207756232687,1.0332409972299168,1758.0,4.869806094182826,33.97,-118.15,1.581
4.8438,28.0,5.075829383886256,1.0545023696682465,1140.0,2.7014218009478674,33.81,-118.32,3.462
3.2448,52.0,5.487804878048781,0.9796747967479674,752.0,3.0569105691056917,37.73,-122.45,2.662
6.7857,16.0,7.730538922155689,0.9660678642714572,1451.0,2.8962075848303392,37.79,-121.97,3.413
1.5781,31.0,4.569739952718676,1.1300236406619386,1522.0,3.5981087470449173,34.02,-118.3,1.193
3.0278,15.0,5.333333333333333,0.9347319347319348,1238.0,2.885780885780886,36.09,-119.04,0.774
2.6548,27.0,3.443396226415094,1.069182389937107,1300.0,4.088050314465409,33.98,-118.22,1.232
5.5248,15.0,5.559077809798271,0.9942363112391932,1683.0,4.85014409221902,37.3,-121.81,2.356
4.7393,23.0,4.960328317373461,1.0930232558139534,2321.0,3.1751025991792066,33.84,-118.29,2.379
4.2396,48.0,5.62962962962963,1.0522875816993464,1118.0,2.435729847494553,34.17,-118.33,2.451
2.3203,21.0,4.439446366782007,0.9619377162629758,684.0,2.366782006920415,32.83,-116.93,1.635
3.125,16.0,5.380070546737214,1.058201058201058,3407.0,3.004409171075838,36.8,-119.83,0.808
2.0508,11.0,4.99388379204893,1.0642201834862386,504.0,1.5412844036697249,34.86,-120.4,2.75
5.1061,26.0,6.714765100671141,1.0134228187919463,836.0,2.8053691275167787,33.78,-118.03,2.575
2.375,38.0,4.307065217391305,0.9375,1347.0,3.660326086956522,34.09,-117.32,0.753
2.1552,23.0,3.8126410835214446,1.0406320541760723,828.0,1.8690744920993227,37.7,-122.11,1.614
1.5139,38.0,3.727272727272727,0.8671328671328671,729.0,2.5489510489510487,37.95,-122.36,0.817
4.6458,9.0,5.21479374110953,1.0113798008534851,2341.0,3.330014224751067,37.61,-121.99,2.17
3.55,27.0,4.551980198019802,0.9702970297029704,1302.0,3.222772277227723,33.04,-117.27,2.146
3.1033,25.0,3.6114044350580783,1.0316789862724394,1718.0,1.814149947201689,34.14,-118.12,2.179
1.7054,39.0,3.900826446280992,1.0033057851239668,2047.0,3.3834710743801653,37.63,-120.97,0.588
3.338,34.0,4.575916230366492,0.9982547993019196,1997.0,3.485165794066317,34.19,-118.42,2.225
4.5594,13.0,5.084321475625823,0.9354413702239788,2283.0,3.007905138339921,34.14,-117.95,1.845
4.0037,2.0,7.536463536463536,1.5144855144855145,2801.0,2.798201798201798,34.0,-117.58,2.452
2.1602,13.0,3.2527985074626864,1.055037313432836,3749.0,3.4972014925373136,34.14,-118.25,2.219
2.5363,30.0,4.505235602094241,1.044502617801047,1878.0,4.9162303664921465,37.62,-121.02,0.839
4.537,33.0,4.556989247311828,1.1268817204301076,872.0,1.875268817204301,33.74,-118.1,4.955
4.997,9.0,6.734790874524715,1.091254752851711,3084.0,2.931558935361217,35.33,-119.09,1.429
3.0156,27.0,4.882352941176471,0.9592760180995475,1220.0,2.760180995475113,37.93,-122.33,1.115
6.6086,12.0,5.775956284153006,1.0027322404371584,2594.0,3.543715846994536,37.44,-121.9,2.994
3.0909,27.0,4.360902255639098,1.075187969924812,466.0,3.5037593984962405,33.93,-118.12,1.875
3.4542,24.0,5.475560081466395,1.023421588594705,2010.0,2.0468431771894093,36.82,-119.8,1.212
2.4375,15.0,5.128440366972477,1.0581039755351682,858.0,2.623853211009174,40.15,-122.25,0.592
2.625,36.0,6.029585798816568,0.9940828402366864,602.0,3.562130177514793,36.86,-121.51,2.1
4.1577,24.0,4.484593837535014,0.984593837535014,3308.0,4.633053221288516,33.76,-117.93,1.741
3.8343,38.0,5.355223880597015,1.0417910447761194,810.0,2.417910447761194,37.94,-122.31,1.914
0.8804,36.0,2.713235294117647,1.0808823529411764,145.0,1.0661764705882353,34.06,-118.31,4.5
4.7703,52.0,5.070904645476773,0.980440097799511,1136.0,2.7775061124694376,37.75,-122.48,3.31
2.5682,36.0,5.44,1.0555555555555556,1268.0,2.8177777777777777,32.71,-117.07,1.091
6.0689,19.0,6.7318181818181815,0.9204545454545454,1295.0,2.9431818181818183,33.61,-117.68,2.48
2.8365,32.0,5.371900826446281,1.0606060606060606,1145.0,3.1542699724517904,38.76,-121.77,0.879
3.285,35.0,5.685633001422475,1.0839260312944523,2074.0,2.950213371266003,38.32,-122.31,1.381
2.9798,35.0,4.86254295532646,1.0103092783505154,591.0,2.0309278350515463,33.84,-118.18,3.156
2.4672,37.0,3.1538461538461537,1.0,645.0,1.7108753315649867,32.75,-117.25,2.167
4.0647,14.0,5.279596977329975,1.057934508816121,926.0,2.332493702770781,38.46,-122.65,1.878
2.7002,6.0,4.149245388485188,1.179988820570151,4092.0,2.287311347121297,34.05,-117.31,0.883
2.1406,45.0,3.198795180722892,0.9879518072289156,722.0,4.349397590361446,34.06,-118.05,1.625
7.652,36.0,6.392572944297083,0.9575596816976129,934.0,2.477453580901857,37.43,-122.24,5.00001
5.3272,3.0,6.982358402971216,1.0612813370473535,2878.0,2.6722376973073354,36.91,-119.77,1.742
3.8897,52.0,5.564432989690721,1.092783505154639,824.0,2.1237113402061856,37.88,-122.29,2.184
5.1118,32.0,5.855491329479769,0.976878612716763,436.0,2.520231213872832,37.98,-122.0,2.269
4.1264,15.0,5.539007092198582,1.107269503546099,3795.0,3.36436170212766,33.95,-117.47,1.246
5.7833,26.0,6.19811320754717,0.9471698113207548,1443.0,2.7226415094339624,37.31,-121.99,3.396
4.0313,35.0,4.746268656716418,1.044776119402985,1299.0,3.8776119402985074,33.91,-118.15,1.632
2.9891,18.0,5.96,1.3854545454545455,1338.0,2.4327272727272726,34.83,-118.95,1.165
4.282,46.0,5.53265306122449,1.0020408163265306,1277.0,2.606122448979592,34.18,-118.35,2.247
3.4583,34.0,5.50187265917603,1.0,1031.0,3.861423220973783,32.69,-117.09,1.127
3.1607,33.0,5.415254237288136,1.0932203389830508,460.0,3.8983050847457625,33.94,-118.1,1.89
3.017,19.0,8.096666666666666,1.53,883.0,2.9433333333333334,38.86,-120.02,0.976
3.8024,18.0,5.105882352941176,0.9949579831932772,1904.0,3.2,32.82,-116.95,1.449
4.2019,37.0,5.164658634538153,1.0240963855421688,1047.0,4.204819277108434,34.11,-117.9,1.401
1.4583,33.0,3.586734693877551,0.903061224489796,2248.0,3.82312925170068,37.93,-121.26,0.53
3.3621,34.0,5.16271186440678,1.0542372881355933,676.0,2.2915254237288134,34.15,-118.04,3.772
2.3409,38.0,4.718631178707224,1.1330798479087452,1055.0,4.011406844106464,34.08,-118.19,1.155
4.9237,4.0,6.310280373831776,0.9813084112149532,1684.0,3.147663551401869,34.66,-120.47,1.666
6.4171,29.0,6.882352941176471,1.0374331550802138,525.0,2.807486631016043,34.29,-118.51,3.193
4.0474,34.0,5.508403361344538,0.98109243697479,1233.0,2.5903361344537816,34.16,-118.43,3.797
4.6071,52.0,6.030188679245283,1.0754716981132075,689.0,2.6,37.75,-122.47,3.374
3.185,30.0,4.7633262260127935,1.0223880597014925,4027.0,4.29317697228145,34.04,-117.99,1.683
1.6667,46.0,3.445901639344262,0.9901639344262296,1435.0,4.704918032786885,34.05,-118.19,1.336
4.1615,28.0,4.473087818696884,0.9603399433427762,1252.0,3.546742209631728,37.37,-121.84,2.148
3.7083,52.0,4.3585313174946005,0.9114470842332614,1142.0,2.466522678185745,37.76,-122.5,3.077
3.9107,40.0,6.5,1.1495327102803738,546.0,2.5514018691588785,38.43,-120.79,1.298
3.2234,17.0,5.2,1.0509433962264152,1986.0,3.7471698113207546,38.28,-121.35,0.82
2.0685,19.0,3.98931623931624,1.1495726495726497,1219.0,2.6047008547008548,32.8,-116.93,1.3
6.8645,23.0,7.302973977695167,1.0390334572490707,1858.0,3.453531598513011,33.72,-117.96,3.182
5.5792,35.0,5.469740634005763,0.9913544668587896,1123.0,3.236311239193084,34.26,-118.47,2.184
2.7993,37.0,4.422062350119904,0.9160671462829736,1634.0,3.918465227817746,37.47,-122.15,1.455
2.5035,24.0,5.391625615763547,1.1206896551724137,2149.0,2.646551724137931,38.59,-121.32,1.237
4.4769,16.0,5.8655462184873945,1.0028011204481793,1092.0,3.0588235294117645,38.87,-121.27,1.914
3.0299,14.0,5.814102564102564,1.3397435897435896,1356.0,2.8974358974358974,40.95,-122.07,0.732
2.2222,39.0,4.233576642335766,0.9452554744525548,725.0,2.645985401459854,37.66,-122.09,1.583
2.3967,43.0,4.932059447983015,1.0658174097664543,1144.0,2.4288747346072186,36.77,-119.79,0.587
2.5234,37.0,4.101167315175097,0.9299610894941636,879.0,3.4202334630350197,36.58,-119.44,0.635
3.5625,38.0,9.753554502369669,2.248815165876777,1196.0,2.834123222748816,34.24,-117.3,0.965
2.3549,18.0,5.646209386281589,1.288808664259928,618.0,2.2310469314079424,38.43,-120.55,1.089
3.6687,48.0,5.842857142857143,1.2285714285714286,148.0,2.1142857142857143,37.74,-122.41,3.35
1.901,32.0,3.667779632721202,1.0400667779632722,1784.0,2.978297161936561,32.72,-117.13,1.203
4.2386,27.0,4.915851272015655,0.9902152641878668,1861.0,3.6418786692759295,33.76,-117.94,1.842
2.7679,23.0,3.038678485092668,1.064464141821112,2031.0,1.6365834004834812,34.04,-118.45,2.775
1.7995,27.0,4.562711864406779,1.152542372881356,1177.0,3.989830508474576,34.03,-118.19,1.534
5.5941,44.0,6.383333333333334,1.0777777777777775,849.0,2.3583333333333334,33.97,-118.41,3.635
5.2642,5.0,4.709163346613546,1.151394422310757,1102.0,2.195219123505976,37.31,-121.94,2.464
1.6944,28.0,4.210027100271002,1.0596205962059622,3260.0,4.417344173441735,35.5,-119.28,0.586
6.6657,26.0,7.249201277955271,1.012779552715655,918.0,2.932907348242812,37.82,-122.12,3.645
3.5268,23.0,4.894308943089431,1.0975609756097562,409.0,3.3252032520325203,34.09,-118.05,1.464
4.2083,32.0,6.965517241379311,1.2758620689655171,144.0,2.4827586206896552,37.77,-121.61,1.25
2.8812,23.0,5.064272211720227,1.0321361058601135,1424.0,2.6918714555765595,39.93,-120.9,0.819
3.3618,34.0,5.114967462039045,1.0802603036876357,1157.0,2.509761388286334,37.69,-121.78,1.746
2.3261,20.0,3.412621359223301,1.0024271844660195,850.0,2.063106796116505,32.75,-117.12,1.146
3.4485,38.0,5.076502732240437,0.907103825136612,686.0,3.748633879781421,33.88,-118.21,1.194
3.5357,44.0,4.687074829931973,0.873015873015873,1046.0,2.3718820861678003,34.02,-118.34,1.569
7.5755,20.0,6.350993377483444,1.0066225165562914,798.0,2.642384105960265,37.1,-121.87,4.023
4.75,37.0,5.235632183908046,0.9454022988505748,845.0,2.42816091954023,37.33,-121.94,2.511
2.5893,8.0,28.615384615384617,5.487179487179487,27.0,0.6923076923076923,39.75,-121.0,0.83
1.4552,52.0,1.902086677367576,1.059390048154093,1007.0,1.6163723916532906,37.79,-122.4,4.5
3.2818,31.0,3.617094017094017,1.041025641025641,2559.0,1.458119658119658,34.09,-118.37,2.25
2.5363,25.0,4.632016632016632,1.11018711018711,1130.0,2.3492723492723493,38.59,-121.4,1.246
3.35,35.0,4.688372093023256,0.9488372093023256,1162.0,5.404651162790698,34.29,-118.41,1.476
5.4171,52.0,6.764705882352941,1.0751633986928104,722.0,2.3594771241830066,37.89,-122.28,2.92
2.1793,36.0,2.882,1.068,1809.0,3.618,34.11,-118.2,1.857
2.6071,26.0,5.606694560669456,1.0669456066945606,662.0,2.7698744769874475,39.44,-121.53,0.571
4.3897,36.0,6.022950819672131,1.0459016393442624,810.0,2.6557377049180326,33.8,-118.11,2.35
5.7942,36.0,6.008108108108108,1.0,1039.0,2.808108108108108,33.79,-118.11,2.57
2.7545,24.0,3.5313351498637604,1.0463215258855585,850.0,2.316076294277929,33.43,-117.62,2.313
4.2036,34.0,4.990675990675991,0.9906759906759908,1559.0,3.634032634032634,33.65,-117.93,2.201
2.293,28.0,4.574438202247191,1.0561797752808988,1981.0,2.782303370786517,36.78,-119.75,0.717
2.1944,33.0,4.131313131313132,0.9848484848484848,664.0,3.3535353535353534,34.04,-118.15,2.033
1.9405,36.0,4.925490196078432,1.0588235294117647,910.0,3.5686274509803924,36.86,-121.4,1.454
2.8298,37.0,5.3497267759562845,1.0027322404371584,1171.0,3.199453551912568,38.53,-121.42,0.712
4.4357,23.0,6.155339805825243,1.033009708737864,1446.0,2.8077669902912623,37.55,-122.04,2.917
6.1175,16.0,7.567282321899736,0.992084432717678,1016.0,2.6807387862796834,36.83,-119.82,1.447
3.133,33.0,4.31023102310231,1.066006600660066,2496.0,4.118811881188119,34.11,-118.23,1.56
5.9024,21.0,6.397476340694007,1.004731861198738,1974.0,3.1135646687697163,34.28,-118.74,2.21
4.1212,52.0,5.520161290322581,1.0040322580645162,490.0,1.9758064516129032,37.9,-122.28,2.875
3.0293,28.0,3.979976442873969,1.0812720848056536,1849.0,2.177856301531213,32.8,-117.23,2.417
5.308,33.0,5.712250712250713,1.1168091168091168,1043.0,2.9715099715099718,34.44,-119.15,2.979
5.3292,52.0,5.029900332225914,1.043189368770764,724.0,2.4053156146179404,37.74,-122.43,3.009
3.1406,43.0,4.715883668903803,1.0201342281879195,1299.0,2.906040268456376,37.76,-122.5,3.162
2.6654,38.0,3.951541850220264,1.118942731277533,2188.0,4.819383259911894,33.94,-118.35,1.422
4.0147,34.0,6.024691358024692,1.0599647266313934,1929.0,3.4021164021164023,34.58,-118.07,1.074
4.7944,3.0,7.497267759562842,1.169398907103825,1223.0,3.341530054644809,33.61,-117.16,2.153
4.0039,30.0,5.180602006688964,1.0869565217391304,885.0,2.959866220735786,33.84,-118.0,1.951
0.536,16.0,2.111111111111111,2.111111111111111,166.0,18.444444444444443,37.67,-121.04,1.625
8.248,29.0,7.072727272727272,0.9781818181818182,826.0,3.0036363636363634,37.33,-122.06,4.988
7.8532,8.0,6.961538461538462,1.043956043956044,1527.0,4.195054945054945,37.44,-121.89,4.228
4.875,15.0,6.720833333333333,1.2625,702.0,2.925,32.91,-117.15,1.693
1.3167,49.0,4.969230769230769,1.1743589743589744,599.0,3.071794871794872,37.94,-122.37,0.716
1.2132,23.0,8.714285714285714,2.4615384615384617,338.0,1.8571428571428568,33.35,-115.73,0.3
4.8667,44.0,5.990610328638498,1.0985915492957747,538.0,2.5258215962441315,33.86,-118.14,2.183
2.1042,16.0,24.5,6.071428571428571,29.0,2.071428571428572,33.82,-116.5,0.875
3.5164,47.0,5.970639032815199,1.07426597582038,1700.0,2.936096718480138,34.18,-118.14,2.265
6.3702,23.0,6.440263405456256,1.0141110065851364,2951.0,2.7761053621825025,37.31,-122.01,3.32
3.0426,9.0,4.548,1.1536,3773.0,3.0184,33.13,-117.09,1.299
5.0462,34.0,6.370491803278688,1.0491803278688523,895.0,2.9344262295081966,34.21,-118.59,2.277
3.9227,24.0,5.034345047923322,1.0199680511182108,3728.0,2.977635782747604,33.84,-118.27,2.086
2.5262,21.0,3.0216216216216214,1.0576576576576575,4426.0,3.987387387387388,33.78,-118.27,1.673
6.7064,16.0,7.796690307328605,1.066193853427896,1542.0,3.645390070921986,37.27,-121.87,3.056
2.625,20.0,6.315789473684211,1.4210526315789471,55.0,2.8947368421052637,37.73,-122.38,1.875
5.6488,25.0,6.2253668763102725,1.0366876310272537,3275.0,3.432914046121593,37.25,-121.84,2.346
7.0565,32.0,7.2125,0.940625,967.0,3.021875,33.77,-117.82,3.246
4.3281,35.0,4.823655913978494,1.064516129032258,1135.0,2.4408602150537635,33.99,-118.43,3.24
7.9814,26.0,7.257692307692308,1.014102564102564,2493.0,3.1961538461538463,34.15,-118.62,4.099
2.1136,23.0,4.1625,0.8875,580.0,3.625,32.8,-115.55,0.61
1.5962,46.0,4.344,0.996,880.0,3.52,33.97,-118.26,0.957
1.9423,22.0,2.6218487394957983,0.8991596638655462,583.0,4.899159663865547,33.9,-118.22,0.984
2.3214,41.0,4.738738738738738,0.951951951951952,897.0,2.6936936936936937,38.64,-121.41,0.668
1.6471,52.0,2.833333333333333,0.927536231884058,520.0,3.768115942028986,37.77,-122.22,0.95
2.9107,22.0,4.173076923076923,1.140384615384615,850.0,1.6346153846153846,34.07,-118.4,5.00001
2.8021,14.0,6.239175257731959,1.1463917525773195,1349.0,2.781443298969072,34.43,-117.11,1.112
2.1389,39.0,4.22680412371134,1.090721649484536,1959.0,4.039175257731959,33.96,-118.21,1.689
2.4667,30.0,4.234782608695652,0.9884057971014492,1014.0,2.9391304347826086,34.1,-117.65,1.06
2.3674,20.0,2.7405541561712847,1.0478589420654911,2919.0,2.45088161209068,34.07,-118.31,5.00001
4.5721,22.0,4.563139931740614,1.0955631399317407,2206.0,2.50967007963595,37.33,-122.04,3.512
2.5842,7.0,4.977832512315271,1.0862068965517242,1615.0,3.977832512315271,38.03,-121.29,1.113
1.3571,36.0,3.982689747003995,1.0945406125166446,2378.0,3.166444740346205,34.12,-117.28,0.706
2.3365,34.0,4.46606334841629,1.1221719457013577,902.0,4.081447963800905,33.95,-118.27,0.98
8.798,10.0,8.187074829931973,1.0935374149659864,1808.0,3.074829931972789,33.63,-117.64,4.366
7.6129,50.0,4.666666666666667,0.9761904761904762,76.0,1.809523809523809,37.45,-122.16,4.125
2.121,45.0,3.4336,0.9712,2868.0,4.5888,34.05,-118.21,1.44
2.8711,48.0,4.419700214132762,1.0364025695931478,1055.0,2.259100642398287,37.76,-122.47,3.296
6.4288,26.0,7.0752,0.9984,1936.0,3.0976,33.79,-118.07,3.207
5.6029,17.0,6.058455114822547,0.9937369519832986,1652.0,3.448851774530272,34.03,-117.72,1.618
3.069,20.0,5.23783185840708,1.0763274336283186,2306.0,2.5508849557522124,33.73,-116.96,0.87
4.025,34.0,5.152985074626866,0.9888059701492538,1020.0,3.805970149253731,34.04,-117.96,1.469
2.6403,31.0,3.7816711590296497,1.045822102425876,724.0,1.9514824797843664,32.8,-117.23,2.161
3.525,39.0,4.61875,1.0125,1127.0,3.521875,33.93,-118.08,1.58
3.4167,36.0,5.220238095238095,1.0416666666666667,349.0,2.077380952380953,36.63,-121.92,3.391
2.8974,26.0,3.9512670565302144,1.0896686159844056,1545.0,3.0116959064327484,34.2,-118.48,1.899
1.9722,28.0,5.212435233160622,1.1813471502590671,738.0,3.823834196891192,36.49,-121.48,2.107
5.0923,16.0,7.176351351351351,1.204054054054054,3836.0,2.591891891891892,33.91,-117.98,2.572
1.8068,52.0,2.659863945578232,1.2060252672497571,1761.0,1.7113702623906706,37.79,-122.42,2.25
3.4954,8.0,4.51063829787234,1.1574468085106382,1281.0,2.725531914893617,33.92,-117.89,1.595
3.7316,13.0,5.508701472556894,1.0468540829986612,2903.0,3.8862115127175367,36.85,-121.38,1.924
4.8,20.0,5.430232558139535,1.1046511627906976,229.0,2.6627906976744184,37.08,-122.04,2.615
3.7059,33.0,3.5285714285714285,1.1428571428571428,167.0,2.3857142857142857,33.6,-117.77,2.375
6.276,17.0,6.433333333333334,0.9755555555555556,1588.0,3.528888888888889,33.67,-117.82,2.907
2.8807,17.0,5.724288840262582,1.0765864332603938,1158.0,2.533916849015317,38.73,-120.84,1.426
2.3715,18.0,3.421338155515371,1.027124773960217,974.0,1.7613019891500905,37.29,-121.87,2.28
3.1087,39.0,3.79344262295082,0.8950819672131147,877.0,2.875409836065574,33.91,-118.17,1.71
6.1509,20.0,6.492307692307692,1.0307692307692309,1008.0,3.1015384615384614,33.06,-117.29,3.387
3.9688,15.0,16.55056179775281,3.0786516853932584,622.0,2.3295880149812733,34.24,-116.87,1.828
2.7079,21.0,4.857425742574257,1.0257425742574258,1326.0,2.625742574257426,38.61,-121.33,1.48
2.1667,11.0,5.5285714285714285,1.119047619047619,640.0,3.0476190476190474,33.72,-117.28,1.146
2.3269,34.0,4.494623655913978,0.974910394265233,1056.0,3.78494623655914,36.73,-119.74,0.508
4.8894,17.0,5.634460547504026,1.0,1911.0,3.077294685990338,34.11,-117.84,1.917
8.3209,12.0,7.586151368760064,1.0611916264090178,2089.0,3.363929146537842,37.81,-121.82,4.854
1.5506,24.0,4.8459214501510575,1.0438066465256797,1986.0,3.0,36.05,-119.0,0.523
1.2171,33.0,5.084033613445378,1.2100840336134453,850.0,3.571428571428572,34.11,-117.26,0.593
6.3191,25.0,7.990338164251208,1.0169082125603863,1201.0,2.9009661835748792,32.77,-116.95,3.034
6.011,9.0,7.831223628691983,1.0717299578059072,1632.0,3.4430379746835444,36.8,-119.67,1.631
2.1848,16.0,5.939733707077785,1.2319551506657322,2711.0,1.89978976874562,33.71,-117.21,0.979
4.9609,29.0,5.45398773006135,1.01840490797546,597.0,3.6625766871165646,33.91,-118.11,1.867
3.7083,43.0,5.166666666666667,0.9855072463768116,871.0,3.1557971014492754,33.83,-118.22,1.752
1.676,44.0,3.672176308539945,1.143250688705234,2297.0,3.1639118457300275,34.09,-118.32,2.088
3.5417,18.0,3.400383141762452,1.0057471264367817,950.0,1.8199233716475096,34.16,-118.26,1.771
2.5,23.0,5.724452554744525,1.145985401459854,1446.0,2.6386861313868613,36.32,-119.33,0.855
6.3111,42.0,5.106837606837607,0.9871794871794872,1146.0,2.448717948717949,37.44,-122.13,3.974
3.5357,22.0,4.859504132231405,0.9834710743801652,1379.0,3.798898071625344,34.05,-118.09,1.99
4.8405,17.0,6.032679738562091,1.130718954248366,5467.0,2.748617395676219,37.43,-122.43,3.543
5.9734,10.0,6.34436274509804,1.0490196078431373,2190.0,2.6838235294117645,32.82,-117.08,2.717
6.005,30.0,6.657794676806084,1.0228136882129275,731.0,2.779467680608365,37.7,-122.09,2.639
5.457,13.0,4.716332378223496,1.0415472779369628,1565.0,2.2421203438395416,33.92,-117.88,3.088
5.6529,14.0,6.817821782178218,1.00990099009901,1413.0,2.798019801980198,38.65,-121.21,1.96
3.0677,37.0,4.439024390243903,1.102981029810298,1341.0,3.634146341463415,33.93,-118.34,1.677
4.0,52.0,5.142857142857143,0.9807692307692308,984.0,2.7032967032967035,34.16,-118.13,2.504
4.5341,44.0,5.453083109919571,1.1340482573726542,1491.0,3.997319034852547,37.7,-122.47,2.365
3.6484,31.0,4.681388012618297,1.0315457413249212,927.0,2.9242902208201893,34.09,-117.87,1.896
2.3043,33.0,5.218274111675127,1.1472081218274113,658.0,3.34010152284264,37.47,-120.68,0.663
15.0001,46.0,6.0,0.8,13.0,2.6,37.5,-122.14,5.00001
4.2917,52.0,6.329545454545454,0.9602272727272728,486.0,2.761363636363636,34.0,-118.33,2.476
3.2131,4.0,4.373493975903615,1.1506024096385543,1250.0,1.882530120481928,34.05,-117.21,1.375
4.7105,22.0,6.5,1.07421875,1309.0,2.556640625,38.46,-122.85,2.662
3.7708,26.0,13.603004291845494,2.6695278969957084,1177.0,2.525751072961373,34.23,-117.27,1.104
5.7233,25.0,6.523099850968704,0.9955290611028316,2038.0,3.03725782414307,37.71,-121.91,2.318
3.6572,26.0,4.160797342192691,1.0930232558139534,3001.0,1.9940199335548168,34.14,-118.1,2.132
2.3669,50.0,3.994891443167305,1.053639846743295,2535.0,3.2375478927203063,34.29,-119.3,1.653
3.6429,42.0,5.246628131021194,1.115606936416185,1419.0,2.7341040462427744,37.78,-122.49,3.284
2.5329,31.0,4.055639097744361,1.037593984962406,2220.0,3.338345864661654,36.67,-121.62,1.352
1.5882,50.0,4.599337748344371,1.205298013245033,976.0,3.2317880794701987,34.05,-118.32,3.273
4.1162,27.0,6.334224598930481,0.9893048128342246,927.0,2.478609625668449,32.8,-117.02,1.772
4.6324,15.0,5.173861620342993,1.0413956238911886,5278.0,3.121230041395624,34.04,-117.91,1.688
4.1442,22.0,5.493464052287582,1.0294117647058822,1471.0,2.40359477124183,32.66,-117.04,3.039
3.3958,37.0,6.018691588785047,1.0934579439252337,1284.0,3.0,34.08,-117.64,1.304
1.7727,19.0,4.431952662721893,1.4082840236686391,476.0,2.8165680473372783,33.36,-115.73,0.5
14.4219,52.0,8.253731343283581,0.9502487562189056,519.0,2.582089552238806,37.56,-122.35,5.00001
4.5644,26.0,4.47887323943662,1.0774647887323945,562.0,1.97887323943662,37.38,-122.07,2.802
2.1731,45.0,3.807692307692308,1.0038461538461538,901.0,3.4653846153846155,37.75,-122.18,0.82
2.71,34.0,4.772388059701493,1.0634328358208955,963.0,3.593283582089552,38.52,-121.46,0.656
3.055,6.0,5.528,1.0346666666666666,826.0,2.2026666666666666,38.52,-122.76,2.241
3.25,27.0,5.252559726962457,1.0187713310580204,1411.0,2.407849829351536,38.31,-122.49,1.955
4.7062,27.0,5.8694444444444445,1.0555555555555556,1109.0,3.080555555555556,33.81,-118.32,3.57
4.6071,30.0,6.114180478821363,1.0847145488029466,1470.0,2.707182320441989,37.97,-121.99,1.841
3.3846,45.0,4.511254019292605,1.0128617363344052,1111.0,3.572347266881029,33.94,-118.19,1.681
5.6147,16.0,7.411111111111111,1.022222222222222,267.0,2.966666666666667,38.05,-121.34,2.447
3.858,24.0,7.662162162162162,1.114864864864865,847.0,2.8614864864864864,38.47,-122.65,2.144
2.0368,40.0,4.568965517241379,1.0862068965517242,1304.0,2.810344827586207,38.59,-121.54,0.678
4.5833,37.0,4.896551724137931,0.986206896551724,886.0,3.055172413793104,33.87,-118.35,2.613
5.8269,16.0,7.136986301369863,1.0,1099.0,3.7636986301369855,38.35,-121.95,1.502
3.7019,37.0,4.514388489208633,0.8561151079136691,671.0,2.413669064748201,32.78,-116.97,1.386
6.8004,3.0,7.789022298456261,1.234991423670669,1600.0,2.74442538593482,33.67,-117.61,2.849
7.0326,10.0,6.670967741935484,0.9870967741935484,478.0,3.083870967741936,38.37,-121.13,2.411
3.7232,33.0,4.353474320241692,1.0181268882175227,1233.0,3.7250755287009065,33.76,-117.94,1.762
7.2909,14.0,6.176136363636363,0.9375,365.0,2.073863636363636,36.82,-119.83,1.556
3.4545,36.0,4.891791044776119,0.9664179104477612,648.0,2.417910447761194,38.44,-122.68,1.612
4.5078,36.0,5.6887966804979255,1.020746887966805,806.0,3.3443983402489628,34.08,-117.93,1.871
2.125,16.0,5.046153846153846,1.0134615384615384,1077.0,2.0711538461538463,36.28,-119.33,1.042
1.6116,52.0,3.70625,1.065625,1038.0,3.24375,38.59,-121.48,0.705
2.6715,35.0,5.06993006993007,0.8951048951048951,930.0,3.251748251748252,32.57,-117.12,1.333
2.0,25.0,4.0,1.126530612244898,896.0,3.657142857142857,34.65,-120.45,0.875
3.7067,18.0,4.886486486486486,1.0810810810810811,968.0,2.616216216216216,38.41,-122.36,1.75
4.5581,25.0,3.9016253207869975,1.260906757912746,1525.0,1.3045337895637297,37.8,-122.39,5.00001
2.8533,24.0,3.1690140845070425,1.0140845070422535,439.0,6.183098591549296,33.78,-118.19,1.375
3.125,30.0,4.3977272727272725,1.0752840909090908,2048.0,2.909090909090909,33.8,-118.31,2.333
5.0782,52.0,4.85377358490566,0.9669811320754716,461.0,2.1745283018867925,37.73,-122.43,3.108
3.0739,36.0,4.178997613365155,1.045346062052506,1175.0,2.804295942720764,33.88,-118.29,2.186
2.1974,22.0,3.141025641025641,1.1117216117216118,3618.0,3.3131868131868134,34.22,-118.48,0.938
3.7784,32.0,5.975206611570248,1.0764462809917354,1580.0,3.2644628099173554,37.43,-120.84,1.645
2.9792,49.0,4.113553113553113,1.075091575091575,1277.0,2.338827838827839,37.78,-122.43,3.5
5.5362,30.0,5.498666666666667,1.056,1089.0,2.904,34.22,-118.25,3.012
2.0775,44.0,3.053156146179402,1.026578073089701,1321.0,4.3887043189368775,36.9,-121.76,1.214
1.5208,23.0,7.4375,1.5625,321.0,2.5078125,39.08,-122.79,0.89
4.1492,34.0,4.3192019950124685,0.9950124688279302,1120.0,2.7930174563591024,34.25,-118.47,1.957
2.6094,34.0,6.367088607594937,1.3481012658227849,443.0,2.8037974683544302,40.45,-124.03,0.713
3.0206,20.0,3.2512716174974567,1.0111902339776195,2929.0,2.979654120040692,34.14,-118.24,2.195
6.2935,26.0,7.49831081081081,1.0405405405405406,1881.0,3.177364864864865,34.21,-118.87,2.58
10.8111,22.0,8.944444444444445,1.0339506172839503,1057.0,3.2623456790123457,33.82,-117.81,5.00001
3.4032,37.0,4.172839506172839,1.0555555555555556,691.0,2.132716049382716,37.68,-122.1,1.969
3.267,23.0,3.860557768924303,1.1474103585657371,670.0,2.6693227091633465,33.92,-118.33,1.854
3.892,33.0,4.601423487544484,1.1186239620403322,2113.0,2.506524317912218,34.19,-118.47,2.929
2.0242,52.0,5.672131147540983,1.209016393442623,561.0,2.2991803278688523,38.55,-121.47,0.946
5.0497,31.0,4.875,1.1180555555555556,236.0,1.6388888888888888,33.89,-118.41,5.00001
2.8795,44.0,5.802816901408451,1.1661971830985915,819.0,2.307042253521127,36.33,-119.3,0.77
5.0086,36.0,5.101190476190476,0.9285714285714286,448.0,2.6666666666666665,37.38,-122.08,3.667
4.9485,11.0,5.9948914431673055,1.0523627075351214,2223.0,2.839080459770115,32.95,-117.11,2.318
5.0912,44.0,6.457575757575758,1.0909090909090908,1040.0,3.1515151515151514,33.95,-118.32,1.698
1.2069,47.0,4.28051948051948,1.122077922077922,1308.0,3.397402597402597,34.12,-117.29,0.682
5.0258,32.0,5.44935064935065,0.9818181818181818,1036.0,2.690909090909091,33.94,-118.11,2.554
5.6286,23.0,6.369127516778524,1.0134228187919463,399.0,2.6778523489932886,37.51,-122.46,4.113
4.0687,38.0,4.832080200501253,1.075187969924812,1358.0,3.4035087719298245,33.84,-118.22,1.603
3.875,32.0,6.52808988764045,1.101123595505618,563.0,3.162921348314607,33.86,-118.0,2.03
4.194,47.0,5.092857142857143,1.0767857142857142,1130.0,2.017857142857143,33.73,-118.3,2.939
1.6368,28.0,4.357446808510638,1.1205673758865249,1375.0,1.950354609929078,38.13,-122.26,0.912
3.0167,39.0,4.087234042553192,1.0276595744680852,2286.0,4.863829787234042,33.93,-118.22,1.3
4.7275,26.0,5.367901234567901,1.0049382716049382,2347.0,2.897530864197531,37.3,-121.94,2.93
5.2319,38.0,6.11734693877551,1.0994897959183674,911.0,2.3239795918367347,33.87,-118.4,5.00001
3.7986,38.0,5.35799522673031,1.0596658711217184,1540.0,3.675417661097852,34.01,-118.07,1.71
4.35,35.0,4.714859437751004,1.0662650602409638,1475.0,2.961847389558233,37.4,-122.02,2.61
4.0,38.0,4.391044776119403,0.982089552238806,1207.0,3.6029850746268655,33.8,-118.28,1.655
4.1554,33.0,5.664107485604607,1.0153550863723608,1288.0,2.472168905950096,37.28,-121.88,3.131
7.4947,4.0,7.311042590094431,1.054345731354789,16122.0,3.1069570244748506,33.89,-117.74,3.663
2.2614,50.0,5.378698224852071,1.106508875739645,737.0,2.180473372781065,36.78,-119.8,0.73
1.7212,39.0,4.584905660377358,1.030188679245283,1211.0,4.569811320754717,33.94,-118.24,0.955
2.5595,18.0,5.44206008583691,1.1072961373390555,1196.0,2.5665236051502145,36.8,-119.86,0.679
4.5446,36.0,6.437299035369775,1.1607717041800645,913.0,2.9356913183279745,33.96,-118.02,2.447
3.8819,44.0,4.395348837209302,1.0813953488372092,1378.0,3.204651162790697,33.85,-118.18,1.432
5.9907,34.0,4.978142076502732,0.994535519125683,750.0,2.0491803278688523,33.82,-118.38,5.00001
3.9261,12.0,5.657303370786517,1.0449438202247192,1027.0,2.884831460674157,35.63,-117.76,1.013
4.6923,37.0,5.271493212669683,0.9502262443438914,627.0,2.83710407239819,33.95,-118.01,1.81
2.5068,26.0,4.2406931964056485,1.0673940949935816,4066.0,2.609756097560976,33.86,-118.16,1.563
6.5948,23.0,6.673622704507513,1.0467445742904842,3484.0,2.908180300500834,37.57,-122.26,4.04
3.0,13.0,6.177285318559557,1.2271468144044322,920.0,2.548476454293629,37.49,-119.9,1.12
2.875,52.0,3.874213836477987,1.0041928721174005,921.0,1.930817610062893,37.77,-122.26,2.34
4.5022,2.0,4.529356943150047,1.1118359739049395,2332.0,2.173345759552656,33.65,-117.59,1.519
1.8824,46.0,3.0625,1.1597222222222223,621.0,4.3125,34.01,-118.28,1.625
7.3561,35.0,6.6971428571428575,1.0514285714285714,512.0,2.9257142857142857,37.34,-122.07,5.00001
4.7464,28.0,4.714285714285714,0.9251700680272108,901.0,3.064625850340136,33.76,-117.97,1.875
5.4223,52.0,7.112612612612613,1.0337837837837838,1229.0,2.768018018018018,34.16,-118.11,3.256
3.7083,26.0,8.525423728813559,1.1694915254237288,293.0,4.966101694915254,33.92,-116.99,1.475
4.2008,12.0,4.643646408839779,1.0524861878453038,1050.0,2.9005524861878453,32.9,-117.15,1.761
3.375,36.0,5.162162162162162,1.135135135135135,208.0,5.621621621621622,33.71,-117.86,1.575
6.148,17.0,7.133587786259542,1.1870229007633588,831.0,3.1717557251908395,34.11,-117.62,2.439
4.2415,52.0,5.695121951219512,0.9634146341463414,947.0,2.8871951219512195,34.07,-117.74,1.401
3.9615,17.0,5.493506493506493,1.0086580086580086,494.0,2.1385281385281387,38.65,-121.52,3.313
6.3237,4.0,7.784104875051208,1.1011880376894716,8980.0,3.678820155673904,32.95,-117.18,2.609
3.1792,31.0,3.712328767123288,0.9715489989462592,2660.0,2.802950474183351,33.79,-117.86,1.464
3.6875,37.0,4.158249158249158,1.057239057239057,481.0,1.6195286195286196,37.78,-122.44,4.923
2.7983,16.0,5.77725674091442,1.1254396248534584,2132.0,2.499413833528722,33.72,-117.07,1.125
4.0208,17.0,4.694915254237288,1.1864406779661016,119.0,2.016949152542373,34.16,-118.42,3.417
4.5129,16.0,6.174757281553398,1.046116504854369,1199.0,2.9101941747572817,38.95,-121.19,1.963
5.6651,31.0,5.416842105263158,0.9978947368421052,1898.0,3.9957894736842094,37.43,-121.88,2.041
8.3608,10.0,7.994490358126722,1.0,1200.0,3.3057851239669422,36.86,-119.78,1.873
5.5,46.0,5.443956043956044,1.0065934065934066,1034.0,2.2725274725274724,34.1,-117.72,2.897
5.7962,33.0,4.963133640552996,0.9331797235023042,1655.0,3.813364055299539,37.39,-122.0,2.298
2.5284,44.0,3.896039603960396,0.9653465346534652,1323.0,3.2747524752475248,34.05,-118.33,2.263
4.2708,35.0,5.3562753036437245,0.951417004048583,807.0,3.2672064777327936,33.94,-118.01,1.748
1.7,27.0,4.2,1.0913043478260869,462.0,2.008695652173913,38.44,-122.71,3.5
5.2375,6.0,7.450549450549451,1.1428571428571428,318.0,3.4945054945054945,38.0,-122.26,2.464
3.5972,52.0,6.215258855585831,1.0108991825613078,839.0,2.2861035422343323,36.78,-119.81,0.899
3.5294,33.0,4.31096196868009,1.0984340044742729,1835.0,2.052572706935123,34.29,-119.29,3.239
2.2937,42.0,1.9865470852017937,1.0,582.0,2.609865470852018,34.05,-118.31,3.5
2.4375,52.0,5.019607843137255,0.9859943977591036,1049.0,2.938375350140056,36.76,-119.81,0.571
2.8409,36.0,4.901694915254238,1.0372881355932204,678.0,2.298305084745763,38.29,-122.27,1.53
1.7365,24.0,2.629823413996076,1.1164159581425768,3727.0,2.437540876389797,34.07,-118.29,1.125
3.4125,37.0,5.294416243654823,0.9949238578680204,555.0,2.817258883248731,37.62,-121.05,1.25
1.4464,30.0,3.657794676806084,1.1064638783269962,1280.0,4.866920152091255,34.01,-118.25,1.102
3.5878,43.0,4.634228187919463,0.9328859060402684,1494.0,5.0134228187919465,33.91,-118.2,1.184
3.35,52.0,4.783001808318264,1.132007233273056,1275.0,2.305605786618445,37.77,-122.45,4.929
5.1785,17.0,6.16557734204793,1.093681917211329,1370.0,2.9847494553376905,33.84,-117.85,2.473
4.1607,52.0,4.683363148479428,1.0930232558139534,1328.0,2.37567084078712,37.8,-122.41,3.5
3.375,23.0,4.349173553719008,1.084710743801653,1218.0,2.5165289256198347,32.83,-117.18,1.841
5.637,32.0,3.998073217726397,1.0385356454720616,954.0,1.838150289017341,33.83,-118.39,5.00001
2.4016,41.0,5.564755838641189,1.1507430997876855,1074.0,2.280254777070064,32.74,-117.22,2.875
4.6923,15.0,5.766544117647059,0.9356617647058824,1635.0,3.005514705882353,38.69,-121.33,1.227
4.2381,43.0,4.8053097345132745,0.9690265486725664,715.0,3.163716814159292,37.35,-121.88,1.935
4.3148,25.0,5.310107948969578,0.9793915603532876,2243.0,2.201177625122669,34.12,-117.75,2.407
2.8355,45.0,5.105978260869565,1.1127717391304348,1573.0,2.1372282608695654,37.73,-122.15,2.454
3.7115,20.0,6.091549295774648,1.0598591549295775,1707.0,3.005281690140845,38.25,-122.63,1.819
2.7778,32.0,6.985074626865671,1.228855721393035,544.0,2.7064676616915424,39.61,-120.08,0.729
2.3944,48.0,3.729096989966555,0.991638795986622,2419.0,4.045150501672241,34.02,-118.2,1.307
3.6,36.0,4.240713224368499,1.0222882615156017,2816.0,4.184249628528975,33.97,-118.05,1.54
2.0548,52.0,2.976470588235294,1.2666666666666666,421.0,1.6509803921568629,37.77,-122.42,1.625
6.0722,4.0,5.857777777777778,0.9688888888888888,673.0,2.991111111111111,33.66,-117.59,2.608
4.1806,35.0,4.890909090909091,0.9333333333333332,850.0,2.575757575757576,34.2,-118.51,2.09
2.4917,43.0,6.700507614213198,1.0913705583756346,512.0,2.598984771573604,39.47,-122.1,0.771
4.4559,21.0,4.778645833333333,1.1119791666666667,1038.0,2.703125,33.81,-118.19,1.985
4.6625,14.0,5.554006968641115,1.0174216027874563,887.0,3.0905923344947737,37.58,-121.47,2.94
5.0399,36.0,5.948019801980198,1.00990099009901,917.0,2.26980198019802,37.93,-122.31,2.534
2.1705,10.0,5.03,1.18,228.0,2.28,37.87,-122.3,1.5
6.035,5.0,5.431472081218274,1.065989847715736,990.0,2.512690355329949,37.54,-122.27,4.388
6.8642,21.0,7.315545243619489,0.9535962877030162,1318.0,3.0580046403712298,37.94,-121.95,2.854
5.3168,18.0,6.638888888888889,1.0833333333333333,92.0,2.555555555555556,37.53,-120.88,1.75
3.52,23.0,4.698216735253772,1.0342935528120714,2202.0,3.0205761316872426,34.14,-118.01,1.873
4.3008,33.0,6.314159292035399,1.081858407079646,1109.0,2.4535398230088497,38.02,-121.33,1.364
3.1607,37.0,4.523985239852398,0.940959409594096,1068.0,3.940959409594096,33.98,-118.09,1.722
1.4886,50.0,4.0251572327044025,1.1111111111111112,1525.0,3.19706498951782,37.78,-122.22,1.288
2.053,31.0,2.348333333333333,1.0433333333333332,4126.0,3.438333333333333,34.05,-118.29,2.292
1.8933,18.0,5.851063829787234,1.3368794326241136,675.0,2.393617021276596,40.85,-123.13,0.847
2.1518,16.0,4.896551724137931,1.0689655172413792,307.0,2.646551724137931,37.67,-120.99,1.074
1.125,26.0,3.794339622641509,1.0509433962264152,855.0,1.6132075471698113,38.45,-122.7,2.333
1.9152,28.0,3.782837127845884,1.064798598949212,1339.0,2.3450087565674256,32.76,-117.12,1.281
4.4531,33.0,4.835978835978836,1.0476190476190477,766.0,2.0264550264550265,37.45,-122.17,5.00001
3.5667,32.0,4.180064308681672,1.144694533762058,703.0,2.260450160771704,34.01,-118.42,3.94
4.0333,16.0,14.671328671328672,3.13986013986014,342.0,2.391608391608392,34.13,-116.98,1.339
5.6447,36.0,5.326145552560647,0.973045822102426,1348.0,3.633423180592992,37.39,-122.01,2.526
2.5363,44.0,4.408376963350785,1.0104712041884816,1423.0,2.4834205933682374,33.97,-118.33,1.588
4.6182,42.0,5.85838779956427,1.1111111111111112,1023.0,2.2287581699346406,36.59,-121.9,3.01
4.8021,28.0,7.033678756476684,1.1683937823834196,1154.0,2.989637305699482,37.0,-121.79,2.904
1.2679,30.0,4.607843137254902,1.0343137254901962,1071.0,5.25,33.94,-118.24,0.92
5.3041,37.0,5.741596638655462,0.9663865546218487,1378.0,2.894957983193277,33.79,-117.84,2.357
3.6141,32.0,4.738666666666667,1.016,1623.0,2.164,34.16,-118.53,2.906
2.5664,52.0,4.3585365853658535,1.0414634146341464,1107.0,2.7,34.16,-118.13,2.15
1.6351,23.0,4.9950248756218905,1.099502487562189,697.0,3.4676616915422884,32.79,-115.55,0.596
2.4605,43.0,4.082228116710875,1.023872679045093,1122.0,2.976127320954907,34.01,-118.11,1.96
6.5829,52.0,5.554216867469879,0.9116465863453816,551.0,2.21285140562249,37.43,-122.14,5.00001
2.625,16.0,4.0,0.5,39.0,2.7857142857142856,33.87,-117.22,5.00001
4.4094,39.0,5.127345844504021,1.227882037533512,1378.0,1.8471849865951744,34.11,-118.27,3.526
0.536,4.0,14.0,3.333333333333333,9.0,3.0,34.14,-116.76,0.425
3.0804,35.0,4.528239202657807,1.0033222591362123,1786.0,5.933554817275748,37.75,-122.45,3.134
3.9943,7.0,5.732044198895028,0.9751381215469612,1040.0,2.8729281767955803,36.83,-119.69,1.002
4.5707,27.0,5.489795918367347,0.95578231292517,1666.0,2.833333333333333,38.01,-122.03,1.759
1.5817,20.0,7.190476190476191,1.5897435897435896,682.0,2.498168498168498,38.53,-119.44,0.978
2.75,27.0,3.4122340425531914,1.0797872340425532,1063.0,2.827127659574468,33.65,-117.93,2.75
3.0,32.0,4.899135446685879,1.0605187319884726,1487.0,2.142651296829971,37.7,-122.07,2.232
7.0808,4.0,6.423324150596878,1.056932966023875,2907.0,2.669421487603306,34.29,-118.57,3.412
6.5533,34.0,6.43115438108484,1.086230876216968,1572.0,2.1863699582753826,34.14,-118.39,5.00001
7.0875,41.0,6.593457943925234,1.088785046728972,626.0,2.925233644859813,37.79,-122.18,2.407
4.6069,7.0,5.609195402298851,0.9985632183908046,3551.0,2.5510057471264367,38.26,-122.63,2.023
9.5862,27.0,7.935611038107753,1.0249671484888303,2181.0,2.865965834428384,37.85,-122.04,4.694
1.5833,46.0,5.818930041152264,1.102880658436214,902.0,3.711934156378601,36.72,-119.81,0.567
6.6813,13.0,6.140206185567011,1.041237113402062,1794.0,3.6989690721649486,37.33,-121.79,2.778
2.9167,26.0,5.678714859437751,1.0642570281124497,779.0,3.1285140562248994,36.34,-119.87,0.839
1.6389,44.0,4.43859649122807,0.9473684210526316,1296.0,3.2481203007518795,33.95,-118.26,0.967
4.0795,33.0,5.313636363636364,1.0136363636363637,1697.0,2.5712121212121213,37.6,-122.49,2.706
2.0804,42.0,4.294117647058823,1.1176470588235294,1206.0,2.026890756302521,37.84,-122.26,2.267
3.0638,29.0,4.701421800947867,1.0458135860979465,2452.0,3.873617693522907,34.07,-117.77,1.136
4.7,43.0,4.9748603351955305,0.9553072625698324,663.0,1.8519553072625696,34.44,-119.72,2.938
4.6914,7.0,6.808510638297872,1.0148936170212766,1522.0,3.238297872340425,34.51,-117.25,1.422
4.0904,52.0,4.313868613138686,1.2627737226277371,353.0,2.576642335766423,37.77,-122.21,0.806
3.7348,4.0,5.705276705276705,1.178893178893179,4775.0,3.072715572715573,34.08,-117.36,1.258
3.1842,9.0,24.9,5.045454545454546,294.0,2.672727272727273,39.34,-120.25,1.625
3.9812,9.0,7.1913875598086126,1.291866028708134,1102.0,2.636363636363636,38.75,-120.54,1.366
7.916,23.0,8.572538860103627,1.038860103626943,1116.0,2.89119170984456,32.8,-117.05,3.306
2.5405,15.0,6.444651162790698,1.4223255813953488,2568.0,2.388837209302326,34.06,-116.56,0.696
1.4375,36.0,4.417322834645669,1.4173228346456692,340.0,2.677165354330709,34.09,-118.33,1.65
4.4063,32.0,4.687793427230047,1.0023474178403755,944.0,2.215962441314554,33.62,-117.91,5.00001
1.6955,24.0,4.353383458646617,1.1259398496240602,1829.0,3.43796992481203,34.0,-117.4,0.868
3.0893,52.0,3.907692307692308,0.9743589743589745,600.0,3.076923076923077,37.79,-122.21,1.25
4.8365,35.0,5.720634920634921,0.923809523809524,841.0,2.6698412698412697,37.33,-121.99,3.139
2.8583,19.0,4.100358422939068,0.9605734767025088,365.0,1.3082437275985663,33.62,-117.72,1.058
2.1864,17.0,5.818443804034582,1.4293948126801153,899.0,2.590778097982709,40.05,-123.78,1.019
5.9009,52.0,7.287755102040816,1.0408163265306123,1434.0,2.926530612244898,34.18,-118.11,3.76
7.7643,26.0,6.270396270396271,0.9347319347319348,1264.0,2.9463869463869465,37.33,-122.04,4.747
3.7614,14.0,9.363636363636363,2.1856866537717603,813.0,1.5725338491295937,37.4,-122.01,1.375
4.5208,33.0,5.510548523206751,1.0928270042194093,762.0,3.2151898734177213,37.26,-121.92,2.307
5.1333,22.0,5.955696202531645,1.0738396624472577,1271.0,2.681434599156118,37.97,-121.99,2.072
2.1602,14.0,4.917627677100494,1.0,2250.0,3.70675453047776,36.34,-119.31,0.652
4.3603,16.0,5.819371727748691,1.18848167539267,628.0,1.643979057591623,33.49,-117.65,2.488
1.3807,27.0,4.083333333333333,1.065217391304348,839.0,3.039855072463768,36.05,-119.01,0.531
3.4423,6.0,2.359154929577465,1.0598591549295775,655.0,2.306338028169014,37.79,-122.42,1.175
3.5213,48.0,4.845070422535211,1.078470824949698,1005.0,2.022132796780684,34.43,-119.71,4.586
5.5446,28.0,6.092057761732852,1.0090252707581226,1754.0,3.166064981949458,33.78,-118.02,2.289
1.4726,37.0,5.505263157894737,1.2526315789473683,374.0,3.9368421052631577,35.0,-120.58,1.063
1.7402,34.0,4.370689655172414,1.125,1797.0,3.872844827586207,32.7,-117.11,0.794
3.8984,30.0,4.390702274975272,1.09297725024728,1749.0,1.7299703264094954,33.77,-118.16,3.063
7.5794,37.0,6.8773946360153255,1.091954022988506,791.0,3.0306513409961684,37.35,-122.09,5.00001
2.4856,21.0,3.0040650406504064,1.0772357723577235,861.0,3.5,34.12,-118.25,1.813
3.3929,52.0,5.994652406417113,1.1283422459893049,554.0,2.962566844919786,37.83,-122.29,0.757
2.3496,17.0,4.5513918629550325,0.9625267665952892,3265.0,3.4957173447537477,39.12,-121.54,0.65
3.5461,10.0,5.029411764705882,1.0147058823529411,2499.0,2.826923076923077,38.46,-121.44,1.036
3.267,21.0,5.230379746835443,0.9949367088607596,919.0,2.3265822784810126,38.48,-122.66,1.762
4.0893,31.0,3.6457800511508953,1.0281329923273657,1410.0,1.80306905370844,34.01,-118.48,3.815
2.4122,12.0,4.637051039697543,1.1323251417769375,1251.0,2.3648393194707,33.12,-117.07,1.27
6.7449,44.0,7.690476190476191,1.1156462585034013,763.0,2.595238095238096,34.45,-119.73,4.156
2.9531,28.0,4.341753343239227,1.098068350668648,3013.0,4.476968796433878,33.91,-118.16,1.271
3.0806,8.0,4.534675615212528,1.0738255033557047,1781.0,3.9843400447427295,34.08,-117.97,1.424
2.5701,52.0,3.4194630872483223,1.0553691275167785,2007.0,3.36744966442953,37.76,-122.42,2.667
3.855,18.0,4.770029673590504,1.0474777448071215,2897.0,2.1491097922848663,34.17,-118.53,2.438
4.3839,26.0,4.718518518518518,1.1981481481481482,1098.0,2.033333333333333,34.16,-118.46,2.991
7.9892,37.0,6.052757793764988,0.9544364508393284,999.0,2.3956834532374103,37.91,-122.53,5.00001
3.125,39.0,4.380281690140845,0.9964788732394366,886.0,3.119718309859155,34.03,-118.46,3.25
2.1579,27.0,5.060422960725076,1.5740181268882176,744.0,2.2477341389728096,33.35,-118.32,4.5
2.3015,39.0,3.487012987012987,1.0487012987012987,1613.0,5.237012987012987,34.04,-118.19,1.317
4.4015,36.0,4.978125,1.04375,1427.0,4.459375,33.82,-118.27,1.669
2.9306,40.0,4.635235732009925,0.8833746898263027,799.0,1.982630272952853,34.17,-118.32,2.793
3.9758,48.0,4.418604651162791,1.0232558139534884,1491.0,2.476744186046512,37.76,-122.48,3.486
2.6607,25.0,5.584070796460177,1.2964601769911503,534.0,2.3628318584070795,38.93,-119.98,0.904
1.8495,23.0,2.1724941724941726,1.092074592074592,2795.0,3.257575757575758,34.08,-118.29,2.125
5.2809,28.0,6.872727272727273,1.018181818181818,752.0,2.278787878787879,36.82,-119.82,1.515
5.7049,9.0,6.699570815450644,1.0858369098712446,731.0,3.1373390557939915,34.66,-118.17,1.732
7.3356,38.0,5.894904458598727,1.0573248407643312,750.0,2.388535031847134,33.89,-118.39,4.227
1.3927,30.0,4.067853170189099,1.0511679644048944,2925.0,3.253615127919911,38.52,-121.43,0.783
1.8477,39.0,3.6723768736616704,1.3340471092077089,1327.0,2.841541755888651,37.8,-122.27,1.792
1.9167,38.0,4.942857142857143,1.025,682.0,2.435714285714285,38.64,-121.41,0.644
6.2579,10.0,6.443322981366459,1.029503105590062,3827.0,2.9712732919254656,37.65,-122.04,3.155
8.6088,16.0,8.776744186046512,1.0604651162790697,1587.0,3.6906976744186046,33.65,-117.71,3.074
2.0819,43.0,4.099697885196375,1.054380664652568,1657.0,5.006042296072508,33.97,-118.24,1.118
2.5787,35.0,4.14662273476112,1.0906095551894563,1883.0,3.102141680395387,34.08,-118.13,2.23
2.2969,29.0,4.191740412979351,1.3628318584070795,520.0,1.5339233038348083,33.54,-117.78,4.5
5.0681,19.0,5.939655172413793,1.139655172413793,1635.0,2.8189655172413794,34.11,-117.66,2.305
2.7483,28.0,4.106508875739645,1.111439842209073,2934.0,2.893491124260355,34.09,-118.14,2.188
3.1653,44.0,4.47675962815405,1.0544488711819389,1738.0,2.308100929614874,37.78,-122.48,3.353
3.9917,17.0,4.394136807817589,1.007817589576547,2688.0,1.7511400651465798,33.63,-117.95,2.716
6.6125,42.0,6.256484149855908,1.043227665706052,887.0,2.556195965417868,37.93,-122.53,3.932
3.7091,31.0,6.235169491525424,1.097457627118644,1703.0,3.608050847457627,33.86,-118.07,2.259
4.3009,14.0,5.847244094488189,1.003149606299213,1845.0,2.905511811023622,38.71,-121.25,1.434
3.2596,33.0,5.017656500802568,1.0064205457463884,2300.0,3.691813804173355,32.71,-117.03,1.03
4.9821,13.0,6.638472032742156,1.1077762619372442,1909.0,2.6043656207366985,33.54,-117.72,2.448
4.5486,32.0,5.525525525525525,0.927927927927928,828.0,2.4864864864864864,34.63,-120.45,1.724
1.3929,29.0,3.1927554980595083,1.1177231565329884,1335.0,1.7270375161707632,37.8,-122.25,1.938
2.3934,33.0,5.259740259740259,1.0616883116883118,1809.0,2.936688311688312,35.59,-119.34,0.719
4.0283,35.0,4.436823104693141,1.03971119133574,1047.0,1.8898916967509023,34.05,-118.39,4.125
4.0,24.0,5.982456140350878,1.1228070175438596,146.0,2.56140350877193,39.08,-122.92,1.663
4.4545,24.0,4.497607655502392,0.9688995215311004,967.0,2.313397129186603,33.76,-117.98,1.925
2.9934,14.0,5.315656565656566,1.0,960.0,2.4242424242424243,34.41,-117.28,1.182
6.0677,32.0,6.421824104234528,0.985342019543974,1524.0,2.482084690553746,37.92,-122.3,3.216
4.0444,15.0,5.980392156862745,1.0163398692810457,2629.0,4.295751633986928,32.7,-116.99,1.501
2.8202,52.0,4.330097087378641,1.1531823085221145,2070.0,2.233009708737864,37.78,-122.43,4.429
3.1528,23.0,5.652985074626866,1.0867537313432836,2920.0,2.7238805970149254,34.88,-116.99,0.69
2.4028,41.0,3.896135265700483,1.0748792270531402,1481.0,3.577294685990338,37.74,-122.17,0.977
4.0694,16.0,5.651408450704225,0.9929577464788732,866.0,3.0492957746478875,37.36,-120.63,1.102
3.5341,52.0,4.929203539823009,1.0508849557522124,1311.0,2.900442477876106,34.13,-118.18,1.821
3.1821,9.0,5.675156174915906,1.0480538202787122,6716.0,3.2272945699183087,34.44,-117.35,0.956
2.3571,36.0,5.069026548672566,1.0672566371681416,1155.0,2.0442477876106198,37.99,-120.38,1.134
3.6815,17.0,4.765864332603939,1.0437636761487965,1077.0,2.3566739606126914,33.82,-118.03,2.453
4.9103,4.0,5.502212389380531,0.9734513274336284,1545.0,3.418141592920354,38.25,-121.98,1.404
5.7843,15.0,4.835579514824798,0.9865229110512128,1533.0,4.132075471698113,37.31,-121.81,2.099
4.5817,30.0,4.146135265700483,1.108695652173913,1526.0,1.8429951690821256,33.82,-118.39,5.00001
6.0704,26.0,7.359090909090909,1.018181818181818,706.0,3.209090909090909,37.94,-122.01,2.68
3.3393,26.0,4.122270742358078,0.9366812227074236,1550.0,3.3842794759825328,33.85,-117.94,1.686
3.65,10.0,5.502092050209205,1.0603705917513448,5935.0,3.547519426180514,37.82,-121.28,1.194
4.835,11.0,6.515513126491647,1.0250596658711215,2645.0,3.156324582338902,38.73,-120.91,2.306
8.1344,5.0,7.04186046511628,1.0232558139534884,1355.0,6.3023255813953485,34.5,-118.44,3.59
2.6397,29.0,4.469026548672566,1.0,411.0,3.637168141592921,33.91,-118.1,1.644
2.8438,21.0,4.714953271028038,1.0514018691588785,2018.0,3.143302180685358,38.37,-121.98,1.115
3.5795,35.0,5.50763358778626,1.015267175572519,861.0,3.286259541984733,34.08,-117.91,1.869
2.7411,14.0,4.285714285714286,1.4761904761904765,134.0,1.5952380952380951,37.3,-121.87,1.125
1.5417,51.0,2.7005988023952097,0.9580838323353292,650.0,1.9461077844311376,34.14,-118.26,2.688
1.4653,7.0,3.5257936507936507,1.0178571428571428,4479.0,8.886904761904763,38.54,-121.79,3.1
2.65,28.0,4.262987012987013,1.0357142857142858,827.0,2.685064935064935,33.88,-118.36,2.608
5.5312,27.0,5.623376623376624,0.9837662337662336,1115.0,3.6201298701298703,33.68,-117.95,2.392
1.6552,32.0,4.865853658536586,1.275609756097561,1069.0,2.607317073170732,33.24,-115.51,0.433
3.9519,15.0,6.907496012759171,1.1148325358851674,2046.0,3.263157894736842,32.64,-116.99,1.935
4.2297,47.0,3.873741994510522,1.0576395242451968,1808.0,1.6541628545288198,37.45,-122.16,4.25
3.1932,17.0,3.7431781701444624,1.0224719101123596,1636.0,2.626003210272873,37.25,-121.83,1.234
1.9464,27.0,3.971128608923885,1.036745406824147,1121.0,2.942257217847769,32.98,-115.54,0.606
7.9068,17.0,7.66219723183391,1.0250865051903115,7665.0,3.315311418685121,34.15,-117.71,3.491
3.0742,23.0,6.20259319286872,1.1280388978930307,1993.0,3.2301458670988654,35.27,-119.5,0.579
2.0956,35.0,3.201550387596899,1.2222222222222223,1524.0,3.937984496124031,33.78,-118.26,1.547
1.8798,40.0,3.961864406779661,0.9576271186440678,818.0,3.4661016949152543,33.95,-118.27,1.013
2.7188,32.0,5.511627906976744,1.067829457364341,1337.0,2.5910852713178296,34.94,-120.42,1.337
3.994,30.0,5.083832335329341,0.9680638722554892,1547.0,3.0878243512974053,38.01,-121.3,0.955
4.2875,17.0,5.235514018691589,1.2130841121495326,1473.0,2.7532710280373838,33.72,-117.99,1.348
1.7292,31.0,5.298755186721992,1.0912863070539418,600.0,2.489626556016597,41.46,-122.9,0.617
4.5075,39.0,5.2509855453350855,1.0420499342969776,1744.0,2.2917214191852824,37.51,-122.27,3.649
4.1731,36.0,5.491803278688525,0.9057377049180328,848.0,3.4754098360655736,34.05,-117.93,2.051
2.7201,52.0,4.939338235294118,1.1029411764705883,1716.0,3.1544117647058822,34.17,-118.14,2.057
3.0917,48.0,4.939102564102564,1.0064102564102564,819.0,2.625,33.97,-118.31,1.361
2.7426,27.0,3.08641975308642,0.9814814814814816,732.0,4.518518518518518,33.91,-118.22,1.031
2.8728,8.0,3.7091503267973858,1.0468409586056644,1742.0,1.89760348583878,32.91,-117.12,1.146
4.0333,32.0,5.495176848874598,1.0643086816720255,2003.0,3.220257234726688,34.06,-117.94,2.102
2.5625,33.0,4.475524475524476,1.073426573426573,999.0,3.493006993006993,37.76,-122.17,0.893
1.724,52.0,2.2785657998423954,1.0823483057525611,4518.0,1.7801418439716312,37.79,-122.41,2.25
1.6136,27.0,2.7195121951219514,0.975609756097561,249.0,3.0365853658536586,34.07,-118.24,1.375
6.6137,26.0,7.25,1.0067567567567568,852.0,2.8783783783783785,33.78,-118.09,3.427
3.7404,16.0,5.376673040152964,0.982791586998088,1620.0,3.0975143403441683,36.32,-119.28,0.892
5.0808,24.0,5.008264462809917,1.037190082644628,799.0,3.301652892561984,37.44,-121.91,2.125
5.6407,39.0,5.351239669421488,0.987603305785124,566.0,2.338842975206612,37.47,-122.15,3.264
4.0234,38.0,4.9245283018867925,1.0,981.0,3.0849056603773586,33.9,-118.26,1.119
1.5954,27.0,2.2246376811594204,1.006340579710145,4137.0,3.747282608695652,34.06,-118.29,1.875
4.2969,30.0,5.864035087719298,0.9385964912280702,1404.0,3.0789473684210527,34.11,-117.63,1.656
2.9621,52.0,3.9790794979079496,1.0209205020920502,848.0,1.7740585774058577,34.08,-118.36,1.75
3.7262,52.0,5.631578947368421,1.0157894736842106,555.0,2.921052631578948,37.78,-122.19,1.669
5.3441,36.0,5.633484162895928,0.9547511312217196,508.0,2.2986425339366514,33.79,-118.13,4.806
3.3702,52.0,4.527318932655654,1.0571791613722998,1712.0,2.1753494282083863,37.77,-122.43,3.357
3.8571,36.0,5.446043165467626,0.9280575539568344,665.0,2.392086330935252,32.79,-117.19,2.351
4.6554,11.0,5.975945017182131,1.0103092783505154,1693.0,2.90893470790378,34.62,-120.08,2.723
4.1094,37.0,5.830985915492958,1.0375586854460097,565.0,2.652582159624413,33.84,-118.12,2.158
2.6375,19.0,3.4441717791411044,1.083435582822086,1546.0,1.8969325153374232,33.92,-118.36,2.338
2.375,11.0,5.965116279069767,1.2093023255813953,204.0,2.372093023255814,39.78,-120.48,1.0
3.3491,39.0,3.675675675675676,0.9369369369369368,1106.0,3.3213213213213213,33.91,-118.33,1.818
2.3843,29.0,5.328413284132841,1.2029520295202951,1038.0,3.830258302583026,33.82,-117.91,1.829
5.5067,41.0,5.666666666666667,0.9929078014184396,807.0,2.8617021276595747,34.12,-118.08,3.25
3.7644,14.0,5.7569573283859,1.0556586270871986,1704.0,3.161410018552876,33.26,-117.05,2.647
3.2052,21.0,4.056049822064057,1.0346975088967971,5124.0,4.5587188612099645,37.32,-121.83,1.79
1.4241,16.0,4.285285285285285,0.957957957957958,642.0,1.927927927927928,39.23,-121.02,1.25
4.0391,52.0,6.243902439024391,1.0627177700348431,782.0,2.724738675958188,37.76,-122.49,3.327
5.0907,21.0,6.239971346704871,1.1060171919770774,3173.0,2.272922636103152,33.54,-117.75,3.782
2.7474,43.0,4.418952618453865,1.0523690773067331,1573.0,3.9226932668329177,37.58,-122.33,2.331
3.0513,15.0,4.756916996047431,1.1640316205533596,1591.0,3.144268774703557,33.8,-118.18,1.481
2.7356,22.0,5.237076648841355,1.103386809269162,1501.0,2.6755793226381464,38.61,-121.28,0.961
2.4949,44.0,5.318284424379232,1.08803611738149,1043.0,2.3544018058690743,38.12,-121.27,1.08
4.4085,8.0,5.745810055865922,0.9916201117318436,2268.0,3.1675977653631286,38.85,-121.19,1.394
4.505,32.0,3.5763546798029555,1.0049261083743843,538.0,2.6502463054187197,37.38,-122.01,2.304
9.8346,13.0,6.013201320132013,1.033003300330033,643.0,2.122112211221122,33.73,-118.07,4.017
3.6335,8.0,5.059440559440559,1.0524475524475525,1566.0,2.737762237762238,38.26,-122.02,1.316
3.0078,42.0,3.333333333333333,1.0095238095238095,662.0,3.1523809523809523,34.09,-118.13,1.917
2.5437,6.0,4.506134969325154,1.0782208588957056,2877.0,2.206288343558282,35.46,-120.64,1.464
3.3368,11.0,5.923969072164948,1.0077319587628866,2534.0,3.265463917525773,34.43,-117.26,0.993
2.2917,44.0,3.514018691588785,0.8130841121495327,273.0,2.5514018691588785,34.09,-117.28,0.908
4.05,35.0,4.074742268041237,1.0876288659793814,580.0,1.4948453608247425,37.76,-122.44,4.231
5.0423,25.0,5.85590465872156,1.017334777898158,2831.0,3.067172264355363,37.53,-121.99,2.222
2.5517,52.0,5.845117845117845,1.2053872053872057,638.0,2.1481481481481484,38.05,-122.23,1.471
3.4327,24.0,5.015151515151516,1.0113636363636365,687.0,2.602272727272727,33.77,-118.0,1.928
3.6897,38.0,4.322115384615385,1.0360576923076923,2416.0,2.9038461538461537,33.85,-118.18,1.698
4.8333,34.0,4.647859922178989,1.0136186770428015,1560.0,3.035019455252918,34.21,-118.59,2.254
1.9375,23.0,4.389380530973451,1.168141592920354,1043.0,2.307522123893805,39.15,-121.62,0.653
5.5061,17.0,6.923128792987188,1.1348617666891436,4956.0,3.341874578556979,34.46,-118.5,2.394
2.3769,36.0,4.897155361050328,1.048140043763676,1949.0,4.264770240700219,37.48,-122.16,1.573
3.9514,27.0,5.017804154302671,0.8367952522255193,869.0,2.578635014836795,36.75,-119.72,0.869
3.3095,36.0,5.473118279569892,1.10752688172043,1154.0,4.136200716845878,33.89,-118.25,1.055
4.2743,28.0,6.077338129496403,0.9928057553956836,1543.0,2.775179856115108,38.68,-121.34,1.24
4.2386,44.0,5.959488272921109,1.0575692963752663,1235.0,2.633262260127932,34.16,-118.1,2.837
4.4882,15.0,6.573264781491003,1.070694087403599,2418.0,3.107969151670951,38.28,-122.03,1.44
5.4584,3.0,6.033160621761658,1.1523316062176163,7644.0,2.6404145077720207,32.97,-117.08,2.465
4.2898,40.0,5.224867724867725,1.029100529100529,1116.0,2.952380952380953,34.09,-118.06,2.516
3.8029,16.0,4.43952802359882,1.056047197640118,835.0,2.4631268436578173,33.7,-117.88,2.054
3.4269,26.0,3.376425855513308,1.067173637515843,1745.0,2.211660329531052,34.02,-118.42,3.019
4.6771,35.0,6.264845605700713,1.0724465558194771,2892.0,3.4346793349168645,37.67,-122.49,2.664
3.2857,32.0,5.099337748344371,1.0728476821192052,793.0,2.6258278145695364,37.62,-122.04,1.932
5.6277,14.0,5.72409823484267,1.0391404451266308,8012.0,3.074443591711435,37.58,-122.04,2.698
4.3586,8.0,5.744265080713679,1.048428207306712,3237.0,2.750212404418012,38.27,-122.07,1.734
2.507,30.0,3.96375,1.0775,2126.0,2.6575,32.64,-117.09,1.427
3.7361,45.0,5.233333333333333,1.0933333333333333,1321.0,4.403333333333333,33.94,-118.2,1.718
3.3088,39.0,4.568345323741007,1.0755395683453235,1073.0,3.8597122302158273,34.07,-118.11,1.866
6.1814,34.0,7.028880866425993,1.0252707581227436,841.0,3.036101083032491,33.94,-118.1,4.536
5.9401,34.0,6.226950354609929,0.9739952718676124,1114.0,2.6335697399527187,34.24,-118.5,3.153
3.1895,45.0,5.533333333333333,1.1666666666666667,302.0,5.033333333333333,34.04,-118.16,1.563
3.75,16.0,5.768718801996672,1.0232945091514145,1478.0,2.459234608985025,38.68,-121.28,1.473
4.9432,10.0,6.89873417721519,1.0379746835443038,470.0,2.9746835443037973,36.35,-119.67,1.188
3.4698,31.0,5.390243902439025,1.1986062717770034,956.0,3.3310104529616726,33.9,-118.35,2.25
5.0374,30.0,5.412955465587045,1.0242914979757085,838.0,3.3927125506072877,36.74,-121.62,1.654
2.5156,49.0,4.136246786632391,0.9537275064267352,896.0,2.303341902313625,34.02,-118.34,1.366
2.9583,35.0,3.8633540372670807,1.0062111801242235,1603.0,4.978260869565218,33.84,-117.91,1.754
5.5867,35.0,5.350574712643678,1.0402298850574712,516.0,2.9655172413793105,33.86,-117.93,1.825
3.0313,43.0,4.620052770448549,1.0554089709762533,1558.0,4.110817941952506,33.97,-118.21,1.661
5.3398,36.0,5.814220183486238,1.0344036697247707,1390.0,3.188073394495413,37.66,-122.46,2.609
3.5772,36.0,5.486590038314176,1.0153256704980842,749.0,2.8697318007662838,33.91,-118.12,2.074
4.3321,19.0,6.525773195876289,1.0382916053019149,1764.0,2.597938144329897,36.98,-121.83,2.986
2.9937,27.0,5.33806146572104,1.0094562647754135,1076.0,2.5437352245862885,36.79,-119.77,0.811
3.3831,30.0,4.785834738617201,1.0944350758853287,1758.0,2.9645868465430016,33.83,-117.96,1.974
3.2794,42.0,5.591760299625468,1.0374531835205991,671.0,2.51310861423221,33.82,-118.12,2.245
2.6307,36.0,4.803571428571429,1.2633928571428572,773.0,3.450892857142857,34.13,-117.31,0.664
5.5845,26.0,5.495356037151703,0.913312693498452,1004.0,3.108359133126935,34.22,-118.86,2.517
2.2907,39.0,3.297658862876254,1.2073578595317729,1347.0,4.505016722408027,34.08,-118.21,1.339
2.6544,12.0,5.958333333333333,1.2916666666666667,517.0,2.154166666666667,38.06,-120.4,1.281
3.6705,34.0,6.17515923566879,1.1305732484076434,817.0,2.6019108280254777,33.88,-117.95,2.75
5.2447,10.0,6.755936675461742,1.0065963060686016,2568.0,3.387862796833773,38.39,-121.36,1.481
3.5214,15.0,3.0499445061043287,1.106548279689234,1447.0,1.605993340732519,37.63,-122.43,1.442
1.9615,43.0,3.844884488448845,1.046204620462046,1279.0,4.221122112211221,34.05,-118.2,1.417
3.7431,19.0,6.240208877284595,1.1240208877284594,3043.0,3.972584856396866,33.93,-117.46,1.328
5.0965,19.0,5.973996175908222,1.0405353728489484,6109.0,2.3361376673040155,38.06,-122.56,2.953
3.0147,15.0,15.51127819548872,3.3947368421052637,723.0,2.718045112781955,39.27,-120.58,1.188
2.4286,25.0,4.0462633451957295,1.0427046263345197,800.0,2.846975088967972,34.06,-118.12,2.333
1.9224,36.0,3.902542372881356,0.847457627118644,585.0,2.4788135593220337,37.92,-122.35,0.94
5.4787,26.0,7.068,1.06,1040.0,4.16,34.26,-118.75,1.981
2.4012,18.0,5.234793187347932,1.020681265206813,5303.0,3.225669099756691,37.37,-120.5,0.797
2.6629,21.0,4.858156028368795,1.0904255319148937,2630.0,4.663120567375887,36.42,-121.31,1.027
3.5532,36.0,4.53494623655914,1.0,950.0,2.553763440860215,37.68,-121.77,1.584
2.5652,52.0,4.727987421383648,1.0864779874213837,1582.0,2.4874213836477987,37.86,-122.28,1.577
2.7236,19.0,5.77208480565371,1.0848056537102473,1252.0,2.2120141342756185,38.36,-120.69,1.099
2.0388,26.0,5.586466165413534,1.1334586466165413,1972.0,3.706766917293233,34.11,-117.22,0.804
9.7037,8.0,8.94675925925926,1.0717592592592593,1548.0,3.583333333333333,37.76,-121.96,4.251
1.3071,51.0,2.647294589178357,1.1022044088176353,781.0,1.565130260521042,32.72,-117.15,2.5
3.5036,29.0,5.0,1.0543478260869563,1278.0,3.472826086956522,34.07,-117.67,1.234
3.5562,32.0,5.052777777777778,1.0722222222222222,1679.0,4.663888888888889,33.89,-118.07,1.46
4.125,36.0,6.26984126984127,1.1224489795918366,1478.0,3.3514739229024944,37.99,-122.04,1.362
1.7321,44.0,4.919540229885057,1.0651340996168583,925.0,3.5440613026819925,34.16,-118.16,1.784
1.7348,43.0,3.9802371541501977,1.233201581027668,558.0,2.205533596837945,37.82,-122.27,1.375
7.3672,47.0,5.978456014362657,1.021543985637343,1220.0,2.190305206463196,33.75,-118.12,5.00001
3.0718,52.0,5.068965517241379,1.1130268199233715,1128.0,2.160919540229885,37.76,-122.24,2.667
3.3125,9.0,16.541284403669724,3.1162079510703364,594.0,1.81651376146789,38.7,-123.49,2.954
4.9732,35.0,4.975,1.046875,1238.0,3.86875,33.91,-118.1,1.65
3.1076,17.0,11.428005284015851,2.085865257595773,2071.0,2.7357992073976223,38.03,-120.19,1.158
5.943,35.0,6.940476190476191,1.0476190476190477,235.0,2.7976190476190474,37.92,-122.29,2.882
4.1875,24.0,4.538709677419355,1.0887096774193548,1463.0,2.359677419354839,34.17,-118.46,3.093
5.5136,19.0,6.62992125984252,1.0,1176.0,3.0866141732283463,34.18,-117.3,1.371
3.0139,35.0,3.606060606060606,1.2121212121212122,377.0,3.808080808080808,37.34,-121.92,2.042
5.6358,29.0,6.2837684449489215,0.978433598183882,2651.0,3.0090805902383657,37.27,-121.92,2.821
4.4306,52.0,5.4665012406947895,1.066997518610422,1238.0,3.0719602977667493,34.09,-118.15,2.258
6.6739,45.0,5.7926829268292686,1.017073170731707,751.0,1.8317073170731708,34.13,-118.34,5.00001
4.8542,36.0,4.365979381443299,0.9536082474226804,713.0,3.6752577319587623,33.92,-118.09,1.674
3.0357,39.0,3.5118110236220472,1.015748031496063,317.0,2.4960629921259843,37.37,-121.95,2.083
2.6127,36.0,4.858156028368795,1.024822695035461,812.0,2.879432624113475,36.78,-119.82,0.696
5.5048,24.0,7.018121911037891,1.1383855024711698,1581.0,2.6046128500823724,34.28,-119.23,3.036
3.0927,40.0,4.818181818181818,1.0129870129870129,584.0,2.528138528138528,33.98,-118.36,3.16
2.1107,16.0,5.9106529209622,1.6254295532646048,1427.0,4.903780068728523,36.21,-121.12,0.762
8.4352,14.0,8.106100795755967,0.9787798408488064,1209.0,3.206896551724138,37.87,-122.02,4.414
7.4185,35.0,6.518900343642612,0.9587628865979382,733.0,2.518900343642612,34.13,-118.08,5.00001
6.0194,44.0,5.735343383584589,1.0,1358.0,2.274706867671692,37.84,-122.21,2.923
2.505,11.0,5.459047619047619,1.2457142857142858,1404.0,2.6742857142857144,38.03,-121.3,0.95
4.869,35.0,5.372596153846154,0.9375,1148.0,2.7596153846153846,34.27,-118.5,2.216
3.0104,15.0,3.855218855218855,1.1144781144781144,1034.0,1.7407407407407407,32.87,-117.23,2.042
2.0335,33.0,4.448453608247423,1.0824742268041236,1371.0,3.533505154639175,36.0,-120.14,0.439
2.1289,52.0,3.021172638436482,0.995114006514658,1715.0,2.7931596091205213,37.75,-122.42,2.5
3.62,4.0,4.9629331184528604,1.216760676873489,2649.0,2.1345688960515714,37.69,-121.89,1.393
3.4506,10.0,5.356715141146279,1.0932420872540634,2954.0,2.5269461077844317,38.68,-121.22,1.39
3.6333,7.0,4.094545454545455,1.0363636363636364,1576.0,2.8654545454545453,33.77,-117.98,1.698
1.5227,22.0,5.746268656716418,1.3582089552238803,610.0,2.276119402985074,33.89,-116.63,0.71
6.1275,33.0,6.252830188679245,1.0515723270440251,1907.0,2.39874213836478,37.89,-122.54,4.244
3.4306,49.0,4.886792452830188,1.041509433962264,765.0,2.8867924528301887,34.03,-118.34,1.302
4.4615,16.0,4.774818401937046,0.973365617433414,1377.0,3.334140435835351,32.92,-117.15,1.683
4.1705,11.0,5.563758389261745,1.0100671140939597,913.0,3.063758389261745,37.66,-121.04,1.628
6.4958,37.0,6.872164948453608,1.0061855670103093,1171.0,2.414432989690721,34.16,-118.49,5.00001
4.3194,40.0,4.73404255319149,0.99645390070922,804.0,2.851063829787234,33.92,-118.15,1.984
1.97,41.0,4.695560253699789,1.0909090909090908,1106.0,2.3382663847780125,35.41,-119.02,0.519
3.4231,15.0,5.442508710801394,0.9581881533101044,961.0,3.3484320557491287,36.2,-119.32,0.833
1.6943,31.0,3.8689591078066914,1.154275092936803,3928.0,3.650557620817844,33.98,-117.35,0.859
1.8163,33.0,4.883720930232558,1.0963455149501662,1222.0,4.059800664451827,36.54,-119.28,0.574
2.25,32.0,4.851612903225806,1.0258064516129033,524.0,3.3806451612903228,36.11,-119.59,0.5
5.7117,16.0,5.774881516587678,1.037914691943128,986.0,2.3364928909952605,33.69,-117.98,2.472
3.25,37.0,4.2349726775956285,0.9781420765027322,726.0,3.9672131147540974,34.08,-118.03,1.592
3.3636,43.0,4.397394136807818,0.9348534201954396,811.0,2.6416938110749184,34.03,-118.37,1.409
2.9591,2.0,4.482808022922636,1.012893982808023,1606.0,2.3008595988538683,37.99,-121.96,2.101
2.7292,32.0,3.722488038277512,1.0861244019138756,933.0,4.464114832535885,33.9,-118.18,1.438
2.5434,36.0,4.600508905852418,0.9910941475826972,1994.0,2.536895674300254,36.78,-119.77,0.673
2.9286,20.0,2.337962962962963,1.0,326.0,1.5092592592592593,37.48,-122.21,2.375
4.8603,16.0,6.790155440414508,1.077720207253886,1247.0,3.2305699481865284,38.24,-122.6,1.984
2.2167,40.0,6.101123595505618,1.1348314606741574,259.0,2.9101123595505616,37.73,-122.38,1.938
3.875,46.0,4.0,1.0,59.0,4.538461538461538,33.12,-117.11,2.0
3.7857,19.0,20.2,4.05,187.0,2.3375,36.79,-118.91,0.786
2.125,52.0,3.617977528089888,0.9887640449438202,229.0,2.5730337078651684,34.13,-118.25,2.438
2.3015,36.0,5.284629981024668,1.094876660341556,1275.0,2.419354838709677,32.76,-117.06,1.568
4.675,36.0,5.09375,0.8854166666666666,475.0,2.473958333333333,34.19,-118.55,2.225
5.3925,51.0,5.0067796610169495,0.9491525423728814,750.0,2.542372881355932,34.2,-118.23,3.179
7.4141,20.0,7.712605042016807,0.9983193277310924,1660.0,2.7899159663865545,33.94,-117.34,2.365
3.95,45.0,4.5210084033613445,0.8949579831932774,781.0,3.2815126050420167,33.95,-118.35,1.64
1.6719,41.0,3.908011869436202,0.9169139465875372,856.0,2.540059347181009,39.13,-121.62,0.641
4.4643,40.0,5.47872340425532,0.9361702127659576,756.0,2.6808510638297878,37.62,-122.42,3.081
3.0865,52.0,4.893854748603352,0.9497206703910616,426.0,2.3798882681564244,37.74,-121.43,1.198
2.2138,47.0,5.3003003003003,0.978978978978979,796.0,2.3903903903903903,40.87,-124.07,0.992
4.2237,25.0,5.995226730310263,1.0513126491646778,1994.0,2.379474940334129,38.27,-122.45,2.623
8.0144,16.0,8.19186046511628,1.4186046511627908,970.0,5.6395348837209305,34.07,-118.86,5.00001
7.7382,38.0,5.482293423271501,1.1062394603709949,1251.0,2.109612141652614,34.07,-118.43,5.00001
3.7933,22.0,6.112860892388452,1.099737532808399,1456.0,3.8215223097112863,33.25,-117.3,1.31
5.0605,32.0,5.735238095238096,1.0076190476190476,1287.0,2.4514285714285715,34.18,-118.55,3.11
2.5417,41.0,3.632850241545894,0.9710144927536232,482.0,2.3285024154589373,34.01,-118.47,4.182
4.125,29.0,5.2642642642642645,1.027027027027027,1318.0,3.957957957957958,34.23,-118.54,2.414
0.8362,17.0,8.471698113207546,2.849056603773585,141.0,2.660377358490566,40.07,-123.41,0.875
3.5214,35.0,5.024570024570025,1.1056511056511056,1166.0,2.864864864864865,34.25,-118.28,1.976
4.9107,33.0,6.568965517241379,0.9885057471264368,508.0,2.9195402298850577,34.02,-118.1,2.799
5.5632,9.0,7.241086587436333,0.99660441426146,2280.0,3.870967741935484,34.02,-117.62,1.951
4.0,13.0,4.935185185185185,0.9837962962962964,1345.0,3.113425925925926,32.68,-117.04,0.893
3.015,36.0,4.088709677419355,1.0544354838709675,2751.0,5.546370967741935,34.2,-119.17,1.493
2.9013,19.0,6.090909090909091,1.1076555023923444,1257.0,3.007177033492823,36.65,-119.74,0.895
3.2292,34.0,5.33030303030303,1.0696969696969696,2083.0,6.3121212121212125,33.74,-117.89,1.606
1.7829,45.0,4.7,1.0478260869565217,821.0,3.5695652173913044,36.73,-119.77,0.526
3.675,43.0,4.871060171919771,1.0888252148997135,930.0,2.664756446991404,34.18,-118.52,2.131
0.7025,19.0,2.425196850393701,1.125984251968504,1799.0,2.8330708661417323,35.3,-120.67,5.00001
3.9712,46.0,6.410334346504559,1.17629179331307,922.0,2.802431610942249,37.79,-122.18,2.081
4.8977,41.0,5.957792207792208,1.0097402597402598,683.0,2.217532467532468,34.28,-119.26,3.582
2.7436,27.0,4.159169550173011,1.0602076124567474,3620.0,2.5051903114186853,34.1,-118.09,2.017
5.1064,16.0,4.142141863699583,1.1082058414464535,6270.0,1.7440890125173854,33.96,-118.43,2.832
3.4559,47.0,6.148550724637682,1.1521739130434785,775.0,2.807971014492753,38.69,-121.77,1.231
2.5158,22.0,4.006151742993849,1.036226930963773,5436.0,3.715652768284347,37.64,-122.07,1.349
3.5341,42.0,4.233766233766234,0.9902597402597404,2062.0,3.3474025974025974,33.95,-118.18,1.675
2.067,31.0,4.413566739606127,1.0109409190371992,1462.0,3.199124726477024,34.06,-117.96,1.673
5.7837,23.0,6.607940446650124,1.066997518610422,1499.0,3.7196029776674937,33.79,-118.01,2.58
4.0927,46.0,4.791925465838509,1.0527950310559009,777.0,2.4130434782608696,37.95,-122.33,1.426
3.0043,18.0,5.745424292845258,1.108153078202995,1958.0,3.257903494176373,37.74,-120.95,1.565
1.2222,32.0,4.401305057096248,1.0440456769983686,1953.0,3.1859706362153344,33.92,-118.23,1.072
3.2176,16.0,4.22671568627451,1.0049019607843137,1877.0,2.300245098039216,34.17,-118.84,1.875
1.3329,40.0,4.28021978021978,1.0208791208791208,1782.0,1.9582417582417584,40.58,-122.4,0.782
3.9044,20.0,3.714479025710419,1.0581867388362651,1161.0,1.5710419485791611,34.1,-118.35,4.364
4.4375,48.0,5.474725274725275,1.010989010989011,937.0,2.059340659340659,37.9,-122.54,3.7
6.5226,21.0,5.392996108949417,1.0116731517509727,946.0,3.6809338521400776,37.4,-121.86,2.585
2.9886,21.0,5.097130242825607,0.93598233995585,1047.0,2.3112582781456954,36.31,-119.32,0.875
1.473,35.0,3.069767441860465,1.0734883720930233,3120.0,2.902325581395349,37.33,-121.88,2.136
1.8299,24.0,5.24331550802139,1.1283422459893049,1559.0,4.168449197860962,36.72,-120.05,0.578
1.725,52.0,3.765151515151515,0.9772727272727272,623.0,2.359848484848485,37.74,-121.43,1.115
7.1497,21.0,6.755244755244755,0.93006993006993,860.0,3.006993006993007,33.61,-117.66,2.74
1.8843,16.0,4.414746543778802,1.0399385560675882,3078.0,4.728110599078341,35.68,-119.22,0.552
11.0138,16.0,7.306990881458966,1.060790273556231,868.0,2.6382978723404253,33.64,-117.81,4.421
2.4677,49.0,3.7938553022794848,1.1863230921704655,2862.0,2.836471754212091,34.09,-118.28,2.192
5.144,27.0,5.041237113402062,1.0103092783505154,403.0,4.154639175257732,33.85,-118.28,1.808
3.7454,52.0,4.60377358490566,1.0075471698113208,488.0,1.841509433962264,36.62,-121.91,2.438
6.0424,4.0,5.431554524361949,0.9466357308584686,1235.0,2.8654292343387477,38.03,-122.0,1.659
0.536,52.0,5.0,1.0,13.0,2.6,32.75,-117.19,1.625
3.2021,45.0,5.281437125748503,1.2005988023952097,679.0,2.032934131736527,33.99,-118.35,2.221
1.8413,28.0,5.041958041958042,1.1643356643356644,832.0,2.909090909090909,39.1,-121.57,0.623
1.3523,18.0,5.883116883116883,1.5194805194805194,152.0,1.974025974025974,39.39,-120.74,0.857
3.2154,20.0,4.133444338725024,1.0601807802093244,7450.0,1.7721217887725975,34.17,-118.52,2.596
3.5192,9.0,8.747474747474747,1.8451178451178447,796.0,2.68013468013468,38.61,-120.44,0.98
5.7395,24.0,6.26685393258427,0.9676966292134832,1943.0,2.728932584269663,33.65,-117.96,2.898
2.919,19.0,5.68941504178273,1.2200557103064067,2133.0,2.9707520891364902,32.69,-116.58,1.165
7.1978,18.0,7.34393063583815,1.0260115606936415,986.0,2.8497109826589595,37.95,-121.94,2.88
2.3618,38.0,5.074866310160428,1.0160427807486632,578.0,3.090909090909091,36.64,-119.39,0.8
5.7104,5.0,6.526867627785059,1.0144167758846658,2399.0,3.144167758846658,37.95,-121.74,1.863
1.8914,25.0,4.944320712694878,1.1380846325167038,912.0,2.0311804008908685,39.93,-120.98,0.878
4.7986,18.0,6.130890052356021,1.0523560209424083,1264.0,3.3089005235602094,34.03,-117.33,1.237
1.5,35.0,4.23061224489796,1.0081632653061223,1753.0,3.5775510204081638,33.95,-118.27,0.936
2.5833,37.0,4.158536585365853,0.9829268292682928,1839.0,4.485365853658537,33.92,-118.21,1.327
1.6315,29.0,4.426491994177583,0.9941775836972344,2106.0,3.0655021834061134,39.26,-121.67,0.58
4.275,26.0,6.028117359413203,1.0427872860635696,2249.0,2.749388753056235,33.77,-117.83,2.854
5.7295,25.0,6.032040472175379,0.9797639123102868,1753.0,2.9561551433389543,38.0,-122.03,1.783
2.1061,32.0,3.4592391304347827,0.9347826086956522,1148.0,3.119565217391304,34.06,-118.11,2.147
3.0263,15.0,2.5864864864864865,0.972972972972973,615.0,1.662162162162162,33.88,-117.88,1.625
4.4653,33.0,5.872909698996655,1.05685618729097,1971.0,3.2959866220735785,34.02,-117.98,1.932
1.947,24.0,3.88077336197637,1.045112781954887,2002.0,2.1503759398496243,32.64,-117.09,1.475
2.2656,15.0,4.755364806866953,1.1321888412017167,2383.0,2.04549356223176,35.26,-120.66,2.262
4.5812,18.0,6.066666666666666,1.0256410256410255,2975.0,3.051282051282051,36.8,-121.64,2.552
6.4755,36.0,5.81294964028777,1.0023980815347722,1123.0,2.693045563549161,34.01,-118.45,4.058
7.8453,21.0,6.527331189710611,1.022508038585209,910.0,2.9260450160771705,33.65,-117.96,3.433
6.1504,16.0,6.935229067930489,1.042654028436019,2146.0,3.390205371248025,33.86,-117.78,2.66
1.8316,40.0,3.783387622149837,1.0765472312703583,1847.0,3.00814332247557,34.03,-118.36,1.135
3.4205,43.0,4.877149877149877,1.0810810810810811,1085.0,2.6658476658476657,37.78,-122.18,1.367
3.8269,29.0,5.767543859649122,1.0526315789473684,650.0,2.8508771929824563,38.25,-122.68,3.06
3.3281,7.0,5.010462074978204,1.13949433304272,2578.0,2.2476024411508284,34.15,-117.31,1.222
2.0074,40.0,5.394805194805195,1.12987012987013,1454.0,3.7766233766233768,38.55,-121.46,0.57
1.1468,39.0,4.123015873015873,1.113095238095238,1901.0,3.7718253968253967,33.94,-118.27,0.969
15.0001,34.0,8.114173228346457,1.0236220472440944,825.0,3.248031496062992,34.19,-118.19,5.00001
2.9083,14.0,3.6482084690553744,1.0390879478827362,982.0,3.198697068403909,33.76,-118.0,1.792
2.7763,30.0,4.231884057971015,1.0614216701173222,3147.0,2.17184265010352,34.08,-117.88,1.878
4.2969,32.0,5.199346405228758,1.0457516339869282,1818.0,5.941176470588236,34.29,-118.41,1.458
3.1146,48.0,4.183028286189684,0.9900166389351082,2484.0,4.1331114808652245,34.1,-118.17,1.425
4.0313,39.0,5.266666666666667,1.0484848484848486,406.0,2.4606060606060605,36.62,-121.93,2.538
2.0938,16.0,6.444444444444445,1.8333333333333333,123.0,2.2777777777777777,32.75,-115.72,0.875
7.2655,25.0,7.98936170212766,1.0452127659574468,1145.0,3.0452127659574466,37.86,-122.03,4.94
9.3464,25.0,8.362530413625304,1.0413625304136254,1198.0,2.9148418491484187,37.28,-122.02,5.00001
2.9965,20.0,5.839160839160839,1.0909090909090908,1174.0,2.7365967365967365,39.49,-121.49,0.889
3.6071,7.0,4.887774594078319,1.0687679083094557,5271.0,2.517191977077364,33.9,-117.49,1.591
2.6953,36.0,3.4020356234096694,0.9720101781170484,1769.0,4.501272264631044,33.93,-118.21,1.21
2.5575,12.0,5.202676864244742,1.0497131931166348,1294.0,2.474187380497132,35.32,-119.03,1.002
3.066,17.0,5.346303501945525,1.0817120622568093,1174.0,2.284046692607004,39.71,-121.71,1.026
3.7738,48.0,4.378006872852234,1.075601374570447,971.0,3.336769759450172,37.32,-121.9,2.206
2.625,11.0,4.943201376936317,1.0499139414802066,2644.0,4.550774526678141,32.68,-115.51,0.727
7.7569,6.0,7.972727272727273,1.0298701298701298,2693.0,3.4974025974025973,33.0,-117.03,3.874
7.143,22.0,7.127717391304348,0.970108695652174,838.0,2.277173913043478,38.56,-121.4,3.278
1.7297,16.0,3.89727463312369,0.9979035639412998,1994.0,4.180293501048218,33.67,-116.19,0.675
2.1419,30.0,5.006864988558353,1.0411899313501145,1033.0,2.3638443935926774,39.22,-121.08,1.052
2.6607,30.0,3.8215384615384616,1.04,1438.0,4.424615384615384,37.32,-121.88,1.693
3.6736,2.0,5.7227722772277225,1.1707920792079207,2091.0,2.587871287128713,33.16,-117.23,2.145
5.748,16.0,6.091358024691358,1.0185185185185186,2668.0,3.293827160493827,33.88,-118.07,2.842
2.6528,45.0,4.154285714285714,0.96,520.0,2.9714285714285715,34.03,-118.45,3.0
3.0445,36.0,4.042813455657492,1.0305810397553516,1211.0,1.8516819571865444,32.76,-117.15,2.148
2.2262,4.0,4.012165450121654,1.1094890510948905,1030.0,2.506082725060827,33.65,-117.84,2.25
3.5982,52.0,5.447457627118644,1.1220338983050848,900.0,3.0508474576271185,33.98,-118.31,0.966
2.7262,34.0,5.570264765784114,1.0977596741344195,1390.0,2.830957230142566,38.36,-122.0,1.188
5.1586,29.0,5.357407407407408,1.0055555555555555,1636.0,3.0296296296296297,34.21,-118.42,2.374
3.996,36.0,6.257425742574258,1.0396039603960396,937.0,3.092409240924092,35.41,-118.97,0.855
2.5444,35.0,3.3746223564954683,1.040785498489426,1334.0,2.015105740181269,34.09,-118.35,2.361
6.5356,15.0,5.233333333333333,0.9733333333333334,747.0,1.66,33.66,-117.83,2.728
4.1439,36.0,6.132478632478633,1.064102564102564,606.0,2.58974358974359,33.85,-118.15,2.126
1.9773,21.0,5.841509433962264,1.0943396226415094,744.0,2.807547169811321,40.07,-122.19,0.55
3.1964,31.0,5.230569948186528,1.0803108808290156,872.0,2.2590673575129534,32.79,-117.09,1.777
1.8652,35.0,3.498533724340176,1.0410557184750733,1784.0,5.231671554252199,34.01,-118.27,1.161
3.4219,35.0,5.6157407407407405,0.9791666666666666,982.0,2.2731481481481484,40.78,-124.14,0.928
2.4735,43.0,5.185792349726776,1.1420765027322404,971.0,2.6530054644808745,34.1,-117.43,0.899
2.225,26.0,3.2,0.8,27.0,2.7,36.62,-121.84,1.5
2.131,38.0,3.208823529411765,1.026470588235294,1786.0,5.252941176470588,34.02,-118.26,1.365
3.5569,19.0,7.112558139534884,1.5051162790697674,2496.0,2.321860465116279,33.72,-116.39,1.28
4.1842,34.0,7.020576131687243,1.1358024691358024,628.0,2.5843621399176957,34.36,-119.71,3.64
3.9844,18.0,5.54983388704319,1.0149501661129567,1952.0,3.242524916943521,32.74,-116.99,2.153
2.8456,30.0,4.970588235294118,1.156862745098039,537.0,2.6323529411764706,37.92,-122.31,1.833
8.8467,17.0,7.608040201005025,1.0402010050251256,2144.0,3.591289782244556,34.3,-118.52,4.507
5.5622,43.0,5.93900481540931,1.0979133226324238,1488.0,2.388443017656501,37.73,-122.44,3.136
4.1279,7.0,7.508298755186722,1.5975103734439835,1134.0,2.3526970954356847,32.96,-117.1,1.676
3.0417,18.0,4.730769230769231,1.0769230769230769,121.0,4.653846153846154,34.11,-117.97,1.375
3.8295,13.0,6.186046511627907,1.0046511627906978,719.0,3.344186046511628,32.72,-116.99,1.496
1.475,45.0,3.3065693430656933,1.0656934306569343,749.0,5.467153284671533,37.88,-122.3,1.875
3.0729,23.0,4.866766467065868,1.031437125748503,1890.0,2.829341317365269,38.02,-121.32,1.048
4.337,26.0,5.994263862332696,1.001912045889101,1385.0,2.6481835564053537,37.37,-118.45,1.397
6.8591,52.0,7.599388379204893,0.9571865443425076,953.0,2.914373088685015,37.81,-122.24,3.524
1.3222,31.0,3.842880523731588,1.147299509001637,1413.0,2.312602291325696,35.41,-119.02,0.514
3.8929,35.0,6.362745098039215,1.156862745098039,632.0,3.0980392156862746,37.62,-122.03,2.095
5.0877,26.0,6.097058823529411,1.088235294117647,952.0,2.8,33.46,-117.66,2.881
4.4375,26.0,6.442724458204334,1.0495356037151702,906.0,2.804953560371517,38.45,-122.66,2.935
1.6654,15.0,4.90625,1.115625,1645.0,2.5703125,41.78,-124.19,0.746
0.8131,8.0,3.114343029087262,1.259779338014042,1086.0,1.0892678034102308,34.05,-118.25,2.75
4.0,26.0,4.587234042553192,1.0829787234042554,1142.0,2.429787234042553,34.19,-118.5,2.247
3.0964,31.0,4.566795366795367,1.0108108108108107,2999.0,2.315830115830116,37.69,-122.07,1.905
8.496,34.0,7.825970548862115,1.0508701472556894,1817.0,2.43239625167336,32.82,-117.26,5.00001
5.1271,36.0,6.026706231454006,1.0059347181008902,817.0,2.4243323442136497,33.81,-118.37,4.583
2.3333,52.0,3.8073701842546064,1.1105527638190955,1480.0,2.479061976549413,34.09,-118.28,1.965
2.6667,52.0,5.342512908777969,1.1101549053356283,1498.0,2.5783132530120483,34.01,-118.32,1.28
6.234,7.0,6.511551155115511,1.0825082508250825,1047.0,3.4554455445544554,37.31,-121.78,2.922
3.5313,16.0,5.384615384615385,1.0649038461538465,1104.0,2.6538461538461537,33.03,-117.27,1.487
1.7546,52.0,4.733333333333333,1.0466666666666666,1085.0,3.6166666666666663,37.76,-122.21,0.806
2.225,37.0,5.270114942528736,1.1293103448275863,1198.0,3.442528735632184,34.14,-117.34,0.816
6.227,45.0,5.650273224043716,0.9508196721311476,844.0,2.3060109289617485,37.46,-122.16,4.178
3.7167,52.0,4.94,1.12,768.0,2.56,34.06,-118.34,3.273
2.3194,20.0,5.778145695364239,1.152317880794702,1093.0,3.619205298013245,36.77,-120.21,0.906
4.3899,33.0,4.8121546961325965,1.0349907918968693,3150.0,5.801104972375691,33.72,-117.9,1.807
1.8125,23.0,4.899721448467966,1.0194986072423398,788.0,2.1949860724233985,39.77,-121.62,0.935
1.9928,42.0,4.077844311377246,1.0219560878243512,1634.0,3.261477045908184,34.03,-118.35,1.254
2.9459,32.0,4.656934306569343,1.051094890510949,2161.0,3.9434306569343063,34.12,-117.92,1.444
2.4375,37.0,3.549504950495049,0.9752475247524752,1667.0,4.126237623762377,34.19,-118.38,1.763
4.962,3.0,6.66350710900474,1.128909952606635,3238.0,3.0691943127962085,38.28,-122.0,1.617
2.3359,40.0,4.47976011994003,1.0344827586206895,2144.0,3.214392803598201,34.02,-118.13,1.893
1.9323,36.0,3.439121756487026,1.1357285429141717,1664.0,3.321357285429141,34.05,-118.3,1.611
3.4896,28.0,5.213414634146342,1.0533536585365857,1502.0,2.289634146341464,33.97,-117.31,1.403
2.4375,36.0,2.814814814814815,0.96011396011396,1508.0,4.296296296296297,33.99,-118.18,1.548
4.0581,7.0,7.054014598540146,1.235036496350365,3617.0,2.64014598540146,35.2,-118.66,1.629
2.75,27.0,5.003086419753086,0.9969135802469136,882.0,2.7222222222222223,36.55,-119.43,0.935
3.2685,52.0,4.844943820224719,1.0292134831460673,872.0,1.9595505617977529,37.77,-122.25,2.542
4.7298,30.0,5.941935483870968,1.118279569892473,1143.0,2.458064516129032,34.13,-118.15,5.00001
1.8942,45.0,4.861111111111111,0.9166666666666666,225.0,3.125,38.17,-122.23,2.167
4.45,31.0,5.154377880184332,0.9930875576036866,1135.0,2.615207373271889,33.94,-117.95,2.679
3.1625,28.0,4.319047619047619,1.2523809523809524,849.0,2.021428571428572,34.38,-119.67,3.643
2.2337,23.0,5.491428571428571,1.1742857142857144,872.0,2.4914285714285715,40.92,-121.63,0.645
2.0398,46.0,4.911528150134048,0.9785522788203752,975.0,2.613941018766756,37.96,-121.32,0.881
1.1638,35.0,4.558011049723757,0.988950276243094,670.0,3.701657458563536,35.37,-118.98,0.579
3.7198,13.0,5.692156862745098,1.0,1844.0,3.615686274509804,34.13,-117.38,1.129
3.0469,32.0,5.5625,1.0,1038.0,3.816176470588236,36.56,-119.73,0.827
5.2319,23.0,5.950173812282735,1.0556199304750868,2351.0,2.724217844727694,37.37,-122.04,4.301
2.2417,15.0,10.51530612244898,2.372448979591837,573.0,2.923469387755102,38.72,-119.93,0.979
3.1042,18.0,5.463414634146342,0.926829268292683,95.0,2.317073170731707,38.53,-121.28,1.65
4.7426,16.0,6.240196078431373,1.0514705882352942,1683.0,4.125,33.14,-117.07,1.606
5.0804,22.0,5.596923076923077,1.106153846153846,1329.0,2.0446153846153847,37.38,-122.11,5.00001
2.75,19.0,3.735632183908046,0.8505747126436781,354.0,4.068965517241379,33.93,-118.24,0.906
2.0331,37.0,4.824657534246575,1.2136986301369863,911.0,2.495890410958904,35.41,-119.03,0.532
5.3062,16.0,6.572072072072072,1.0,1697.0,3.822072072072072,32.93,-117.13,1.955
2.2188,52.0,3.604010025062657,1.1829573934837092,1018.0,2.5513784461152884,33.74,-118.29,3.067
5.3015,40.0,6.696296296296296,1.1185185185185185,746.0,2.762962962962963,37.71,-122.07,2.549
3.7721,25.0,4.008849557522124,1.1317600786627335,1719.0,1.6902654867256637,34.05,-118.46,3.375
4.375,34.0,4.532051282051282,1.0192307692307692,381.0,2.4423076923076925,37.6,-122.39,3.409
2.7308,31.0,4.47612551159618,1.0477489768076398,2385.0,3.2537517053206004,34.0,-118.12,1.738
7.9887,15.0,6.837133550488599,1.0488599348534202,873.0,2.8436482084690557,33.69,-117.8,3.28
8.5608,42.0,6.788461538461538,1.0115384615384615,753.0,2.896153846153846,34.42,-119.63,5.00001
6.0891,5.0,5.469594594594595,0.918918918918919,1063.0,3.591216216216216,32.91,-117.16,2.146
2.9688,43.0,4.44559585492228,1.0414507772020725,1343.0,3.479274611398964,34.08,-118.08,2.114
2.1071,31.0,3.587044534412956,0.9068825910931174,1154.0,4.672064777327935,33.89,-118.19,0.995
3.2596,48.0,5.145985401459854,1.1094890510948905,677.0,2.470802919708029,34.11,-118.05,2.724
1.3348,21.0,4.176848874598071,1.0868167202572347,1494.0,4.803858520900322,39.12,-121.6,2.25
2.0,31.0,3.894375857338821,1.0864197530864197,2390.0,3.2784636488340198,33.95,-118.29,1.098
2.75,28.0,5.342233009708738,1.0412621359223302,1524.0,3.699029126213592,36.53,-119.4,0.65
3.6196,38.0,4.964601769911504,0.967551622418879,1369.0,4.038348082595871,33.99,-118.08,1.707
2.0446,9.0,4.035335689045937,1.1095406360424027,620.0,2.190812720848057,36.77,-119.85,0.813
1.2404,52.0,4.757575757575758,0.8636363636363636,178.0,2.696969696969697,36.7,-119.81,0.525
6.1265,22.0,6.759557344064386,1.0744466800804828,2843.0,2.8601609657947686,37.73,-121.94,2.603
2.4706,31.0,4.156593406593407,1.0686813186813189,1396.0,3.8351648351648353,34.06,-118.03,1.706
3.9224,39.0,5.332727272727273,1.0727272727272728,1886.0,3.429090909090909,34.05,-117.78,1.313
4.3661,35.0,5.797665369649805,0.9766536964980544,629.0,2.4474708171206228,33.8,-117.84,2.221
3.1927,21.0,3.6355871886121,1.0747330960854091,3288.0,2.3402135231316725,37.66,-122.44,2.526
5.25,16.0,7.099337748344371,1.0242825607064017,1504.0,3.32008830022075,38.0,-121.86,1.617
4.8523,20.0,5.848341232227488,0.985781990521327,649.0,3.075829383886256,38.67,-121.3,1.43
5.0871,7.0,6.401388888888889,1.0291666666666666,1660.0,2.305555555555556,36.81,-121.36,2.905
2.0417,17.0,5.26063829787234,1.0833333333333333,1387.0,2.4592198581560285,38.19,-120.67,0.926
3.725,35.0,5.87468671679198,1.0902255639097744,1531.0,3.837092731829574,34.24,-118.44,1.782
6.2236,32.0,6.488789237668161,0.9573991031390134,1151.0,2.580717488789237,34.16,-117.27,1.597
3.9231,34.0,5.209718670076726,0.9846547314578004,1195.0,3.0562659846547318,34.15,-117.31,0.96
2.9844,11.0,5.700884955752213,1.0920353982300883,1351.0,2.391150442477876,36.33,-119.36,1.32
2.6218,14.0,4.684076433121019,1.0993630573248407,2191.0,2.7910828025477707,36.31,-119.77,0.691
14.5833,24.0,5.613333333333333,0.8533333333333334,163.0,2.1733333333333333,37.92,-122.52,5.00001
3.6364,42.0,5.087533156498674,1.030503978779841,2118.0,2.8090185676392574,34.07,-118.16,2.546
1.6458,43.0,4.033333333333333,1.0375,664.0,2.7666666666666666,37.88,-121.27,0.836
4.8355,17.0,5.346153846153846,1.0701357466063348,1369.0,3.0972850678733037,37.25,-121.84,1.416
2.8333,37.0,5.561320754716981,0.9740566037735848,1060.0,2.5,39.51,-122.2,0.697
4.615,48.0,5.396825396825397,1.0396825396825398,268.0,2.126984126984127,34.15,-118.42,3.714
1.84,45.0,3.9836065573770494,1.0585480093676816,1484.0,3.4754098360655736,33.99,-118.3,0.914
2.75,24.0,3.5291073738680465,1.093143596377749,2023.0,2.617076326002587,33.92,-118.35,2.397
2.2538,36.0,3.5,1.0513126491646778,2077.0,2.478520286396181,33.77,-118.17,1.813
3.0156,38.0,3.5866558177379986,1.053702196908055,1690.0,1.3751017087062654,34.09,-118.37,3.0
2.3611,31.0,6.151079136690647,1.5611510791366907,280.0,2.014388489208633,38.46,-123.07,1.125
2.3147,18.0,4.626865671641791,1.0298507462686568,941.0,2.808955223880597,40.94,-124.08,0.701
5.6194,32.0,6.746594005449591,1.002724795640327,1048.0,2.8555858310626703,37.72,-122.08,2.747
4.0966,20.0,5.780068728522337,1.0171821305841924,706.0,2.4261168384879723,33.94,-117.37,1.401
4.0508,27.0,4.962318840579711,0.9420289855072465,1036.0,3.002898550724637,33.76,-117.97,1.839
4.5592,25.0,4.651234567901234,1.0401234567901234,4458.0,2.29320987654321,33.81,-118.36,3.788
2.2625,48.0,4.427038626609442,1.03862660944206,1054.0,2.2618025751072963,37.85,-122.28,1.329
3.274,39.0,5.218503937007874,1.1614173228346456,1103.0,2.171259842519685,33.72,-118.29,2.543
3.825,52.0,5.465753424657534,1.0547945205479452,671.0,3.063926940639269,34.04,-118.37,2.785
2.8542,52.0,5.457831325301205,0.993975903614458,257.0,1.5481927710843373,38.56,-121.44,1.394
1.6178,21.0,3.487562189054726,1.2056384742951909,1064.0,1.7645107794361523,33.77,-118.19,1.375
2.8924,52.0,5.355353075170843,1.0455580865603644,1169.0,2.662870159453303,36.67,-121.65,1.696
2.1935,15.0,5.299047619047619,1.1028571428571428,983.0,1.8723809523809525,33.49,-117.67,1.833
1.0548,31.0,3.054117647058824,1.0141176470588236,1131.0,2.6611764705882357,34.14,-118.0,1.781
