dataset,seed,model,mode,batch_size,n_rows,n_batches,crash_rate,row_coverage,rows_dropped_by_preprocessor,transform_crash_rate,transform_rows_per_s,agreement_vs_offline,served_Accuracy,served_F1,offline_Accuracy,offline_F1,preprocessing,stream,top_error,agreement_vs_stateful_app,rows_served_by_both_app,agreement_vs_stateful_aligned,rows_served_by_both_aligned,mean_abs_pred_diff,served_RMSE,served_R2,offline_RMSE,offline_R2
adult,0,XGBoost,app,1,1024,1024,0.0,1.0,0,0.0,388.5184452356228,1.0,0.861328125,0.706611570247934,0.861328125,0.706611570247934,stateful,random,,,,,,,,,,
adult,0,XGBoost,aligned,1,1024,1024,0.0,1.0,0,0.0,388.5184452356228,1.0,0.861328125,0.706611570247934,0.861328125,0.706611570247934,stateful,random,,,,,,,,,,
adult,0,Random Forest,app,1,1024,1024,0.0,1.0,0,0.0,388.5184452356228,1.0,0.865234375,0.7136929460580913,0.865234375,0.7136929460580913,stateful,random,,,,,,,,,,
adult,0,Random Forest,aligned,1,1024,1024,0.0,1.0,0,0.0,388.5184452356228,1.0,0.865234375,0.7136929460580913,0.865234375,0.7136929460580913,stateful,random,,,,,,,,,,
adult,0,Logistic Regression,app,1,1024,1024,0.0,1.0,0,0.0,388.5184452356228,1.0,0.8505859375,0.6751592356687899,0.8505859375,0.6751592356687899,stateful,random,,,,,,,,,,
adult,0,Logistic Regression,aligned,1,1024,1024,0.0,1.0,0,0.0,388.5184452356228,1.0,0.8505859375,0.6751592356687899,0.8505859375,0.6751592356687899,stateful,random,,,,,,,,,,
adult,0,XGBoost,app,16,1024,64,0.0,1.0,0,0.0,6321.674453520899,1.0,0.861328125,0.706611570247934,0.861328125,0.706611570247934,stateful,random,,,,,,,,,,
adult,0,XGBoost,aligned,16,1024,64,0.0,1.0,0,0.0,6321.674453520899,1.0,0.861328125,0.706611570247934,0.861328125,0.706611570247934,stateful,random,,,,,,,,,,
adult,0,Random Forest,app,16,1024,64,0.0,1.0,0,0.0,6321.674453520899,1.0,0.865234375,0.7136929460580913,0.865234375,0.7136929460580913,stateful,random,,,,,,,,,,
adult,0,Random Forest,aligned,16,1024,64,0.0,1.0,0,0.0,6321.674453520899,1.0,0.865234375,0.7136929460580913,0.865234375,0.7136929460580913,stateful,random,,,,,,,,,,
adult,0,Logistic Regression,app,16,1024,64,0.0,1.0,0,0.0,6321.674453520899,1.0,0.8505859375,0.6751592356687899,0.8505859375,0.6751592356687899,stateful,random,,,,,,,,,,
adult,0,Logistic Regression,aligned,16,1024,64,0.0,1.0,0,0.0,6321.674453520899,1.0,0.8505859375,0.6751592356687899,0.8505859375,0.6751592356687899,stateful,random,,,,,,,,,,
adult,0,XGBoost,app,256,1024,4,0.0,1.0,0,0.0,47642.0888077379,1.0,0.861328125,0.706611570247934,0.861328125,0.706611570247934,stateful,random,,,,,,,,,,
adult,0,XGBoost,aligned,256,1024,4,0.0,1.0,0,0.0,47642.0888077379,1.0,0.861328125,0.706611570247934,0.861328125,0.706611570247934,stateful,random,,,,,,,,,,
adult,0,Random Forest,app,256,1024,4,0.0,1.0,0,0.0,47642.0888077379,1.0,0.865234375,0.7136929460580913,0.865234375,0.7136929460580913,stateful,random,,,,,,,,,,
adult,0,Random Forest,aligned,256,1024,4,0.0,1.0,0,0.0,47642.0888077379,1.0,0.865234375,0.7136929460580913,0.865234375,0.7136929460580913,stateful,random,,,,,,,,,,
adult,0,Logistic Regression,app,256,1024,4,0.0,1.0,0,0.0,47642.0888077379,1.0,0.8505859375,0.6751592356687899,0.8505859375,0.6751592356687899,stateful,random,,,,,,,,,,
adult,0,Logistic Regression,aligned,256,1024,4,0.0,1.0,0,0.0,47642.0888077379,1.0,0.8505859375,0.6751592356687899,0.8505859375,0.6751592356687899,stateful,random,,,,,,,,,,
adult,0,XGBoost,app,full,9758,1,0.0,1.0,0,0.0,215287.67534306977,1.0,0.8679032588645215,0.702926941691634,0.8679032588645215,0.702926941691634,stateful,full test set,,,,,,,,,,
adult,0,XGBoost,aligned,full,9758,1,0.0,1.0,0,0.0,215287.67534306977,1.0,0.8679032588645215,0.702926941691634,0.8679032588645215,0.702926941691634,stateful,full test set,,,,,,,,,,
adult,0,Random Forest,app,full,9758,1,0.0,1.0,0,0.0,215287.67534306977,1.0,0.8641114982578397,0.6910531220876049,0.8641114982578397,0.6910531220876049,stateful,full test set,,,,,,,,,,
adult,0,Random Forest,aligned,full,9758,1,0.0,1.0,0,0.0,215287.67534306977,1.0,0.8641114982578397,0.6910531220876049,0.8641114982578397,0.6910531220876049,stateful,full test set,,,,,,,,,,
adult,0,Logistic Regression,app,full,9758,1,0.0,1.0,0,0.0,215287.67534306977,1.0,0.8461774953883993,0.6411666268228544,0.8461774953883993,0.6411666268228544,stateful,full test set,,,,,,,,,,
adult,0,Logistic Regression,aligned,full,9758,1,0.0,1.0,0,0.0,215287.67534306977,1.0,0.8461774953883993,0.6411666268228544,0.8461774953883993,0.6411666268228544,stateful,full test set,,,,,,,,,,
adult,0,XGBoost,app,1,1024,1024,1.0,0.0,0,0.0,32.98706939737738,,,,,,stateless,random,"ValueError: feature_names mismatch: ['age', 'workclass_Federal-gov', 'workclass_Local-gov', 'workclass_Never-worked', 'workclass_Private', 'workclass_Self-emp-inc', 'workcl",,0.0,,0.0,,,,,
adult,0,XGBoost,aligned,1,1024,1024,0.0,1.0,0,0.0,32.98706939737738,0.775390625,0.751953125,0.0,0.861328125,0.706611570247934,stateless,random,,0.775390625,1.0,0.775390625,1.0,,,,,
adult,0,Random Forest,app,1,1024,1024,1.0,0.0,0,0.0,32.98706939737738,,,,,,stateless,random,ValueError: at least one array or dtype is required,,0.0,,0.0,,,,,
adult,0,Random Forest,aligned,1,1024,1024,0.0,1.0,0,0.0,32.98706939737738,0.77734375,0.751953125,0.0,0.865234375,0.7136929460580913,stateless,random,,0.77734375,1.0,0.77734375,1.0,,,,,
adult,0,Logistic Regression,app,1,1024,1024,1.0,0.0,0,0.0,32.98706939737738,,,,,,stateless,random,ValueError: at least one array or dtype is required,,0.0,,0.0,,,,,
adult,0,Logistic Regression,aligned,1,1024,1024,0.0,1.0,0,0.0,32.98706939737738,0.7880859375,0.751953125,0.0,0.8505859375,0.6751592356687899,stateless,random,,0.7880859375,1.0,0.7880859375,1.0,,,,,
adult,0,XGBoost,app,16,1024,64,1.0,0.0,0,0.0,445.6726168167398,,,,,,stateless,random,"ValueError: feature_names mismatch: ['age', 'workclass_Federal-gov', 'workclass_Local-gov', 'workclass_Never-worked', 'workclass_Private', 'workclass_Self-emp-inc', 'workcl",,0.0,,0.0,,,,,
adult,0,XGBoost,aligned,16,1024,64,0.0,1.0,0,0.0,445.6726168167398,0.822265625,0.791015625,0.3742690058479532,0.861328125,0.706611570247934,stateless,random,,0.822265625,1.0,0.822265625,1.0,,,,,
adult,0,Random Forest,app,16,1024,64,1.0,0.0,0,0.0,445.6726168167398,,,,,,stateless,random,ValueError: The feature names should match those that were passed during fit.,,0.0,,0.0,,,,,
adult,0,Random Forest,aligned,16,1024,64,0.0,1.0,0,0.0,445.6726168167398,0.841796875,0.798828125,0.3941176470588235,0.865234375,0.7136929460580913,stateless,random,,0.841796875,1.0,0.841796875,1.0,,,,,
adult,0,Logistic Regression,app,16,1024,64,1.0,0.0,0,0.0,445.6726168167398,,,,,,stateless,random,ValueError: The feature names should match those that were passed during fit.,,0.0,,0.0,,,,,
adult,0,Logistic Regression,aligned,16,1024,64,0.0,1.0,0,0.0,445.6726168167398,0.8916015625,0.8125,0.5151515151515151,0.8505859375,0.6751592356687899,stateless,random,,0.8916015625,1.0,0.8916015625,1.0,,,,,
adult,0,XGBoost,app,256,1024,4,1.0,0.0,0,0.0,4649.789987509787,,,,,,stateless,random,"ValueError: feature_names mismatch: ['age', 'workclass_Federal-gov', 'workclass_Local-gov', 'workclass_Never-worked', 'workclass_Private', 'workclass_Self-emp-inc', 'workcl",,0.0,,0.0,,,,,
adult,0,XGBoost,aligned,256,1024,4,0.0,1.0,0,0.0,4649.789987509787,0.796875,0.763671875,0.2530864197530864,0.861328125,0.706611570247934,stateless,random,,0.796875,1.0,0.796875,1.0,,,,,
adult,0,Random Forest,app,256,1024,4,1.0,0.0,0,0.0,4649.789987509787,,,,,,stateless,random,ValueError: The feature names should match those that were passed during fit.,,0.0,,0.0,,,,,
adult,0,Random Forest,aligned,256,1024,4,0.0,1.0,0,0.0,4649.789987509787,0.859375,0.796875,0.40229885057471265,0.865234375,0.7136929460580913,stateless,random,,0.859375,1.0,0.859375,1.0,,,,,
adult,0,Logistic Regression,app,256,1024,4,1.0,0.0,0,0.0,4649.789987509787,,,,,,stateless,random,ValueError: The feature names should match those that were passed during fit.,,0.0,,0.0,,,,,
adult,0,Logistic Regression,aligned,256,1024,4,0.0,1.0,0,0.0,4649.789987509787,0.90234375,0.8173828125,0.5117493472584855,0.8505859375,0.6751592356687899,stateless,random,,0.90234375,1.0,0.90234375,1.0,,,,,
adult,0,XGBoost,app,full,9758,1,0.0,1.0,0,0.0,30147.356869564574,0.8893215822914532,0.8373642139782742,0.5709651257096512,0.8679032588645215,0.702926941691634,stateless,full test set,,0.8893215822914532,1.0,0.8893215822914532,1.0,,,,,
adult,0,XGBoost,aligned,full,9758,1,0.0,1.0,0,0.0,30147.356869564574,0.8893215822914532,0.8373642139782742,0.5709651257096512,0.8679032588645215,0.702926941691634,stateless,full test set,,0.8893215822914532,1.0,0.8893215822914532,1.0,,,,,
adult,0,Random Forest,app,full,9758,1,0.0,1.0,0,0.0,30147.356869564574,0.9316458290633326,0.8558106169296987,0.6426212852425705,0.8641114982578397,0.6910531220876049,stateless,full test set,,0.9316458290633326,1.0,0.9316458290633326,1.0,,,,,
adult,0,Random Forest,aligned,full,9758,1,0.0,1.0,0,0.0,30147.356869564574,0.9316458290633326,0.8558106169296987,0.6426212852425705,0.8641114982578397,0.6910531220876049,stateless,full test set,,0.9316458290633326,1.0,0.9316458290633326,1.0,,,,,
adult,0,Logistic Regression,app,full,9758,1,0.0,1.0,0,0.0,30147.356869564574,0.9303135888501742,0.833879893420783,0.6134032911996185,0.8461774953883993,0.6411666268228544,stateless,full test set,,0.9303135888501742,1.0,0.9303135888501742,1.0,,,,,
adult,0,Logistic Regression,aligned,full,9758,1,0.0,1.0,0,0.0,30147.356869564574,0.9303135888501742,0.833879893420783,0.6134032911996185,0.8461774953883993,0.6411666268228544,stateless,full test set,,0.9303135888501742,1.0,0.9303135888501742,1.0,,,,,
adult,1,XGBoost,app,1,1024,1024,0.0,1.0,0,0.0,494.0917911734356,1.0,0.8583984375,0.6813186813186813,0.8583984375,0.6813186813186813,stateful,random,,,,,,,,,,
adult,1,XGBoost,aligned,1,1024,1024,0.0,1.0,0,0.0,494.0917911734356,1.0,0.8583984375,0.6813186813186813,0.8583984375,0.6813186813186813,stateful,random,,,,,,,,,,
adult,1,Random Forest,app,1,1024,1024,0.0,1.0,0,0.0,494.0917911734356,1.0,0.865234375,0.6805555555555555,0.865234375,0.6805555555555555,stateful,random,,,,,,,,,,
adult,1,Random Forest,aligned,1,1024,1024,0.0,1.0,0,0.0,494.0917911734356,1.0,0.865234375,0.6805555555555555,0.865234375,0.6805555555555555,stateful,random,,,,,,,,,,
adult,1,Logistic Regression,app,1,1024,1024,0.0,1.0,0,0.0,494.0917911734356,1.0,0.8564453125,0.6573426573426573,0.8564453125,0.6573426573426573,stateful,random,,,,,,,,,,
adult,1,Logistic Regression,aligned,1,1024,1024,0.0,1.0,0,0.0,494.0917911734356,1.0,0.8564453125,0.6573426573426573,0.8564453125,0.6573426573426573,stateful,random,,,,,,,,,,
adult,1,XGBoost,app,16,1024,64,0.0,1.0,0,0.0,8916.311218382512,1.0,0.8583984375,0.6813186813186813,0.8583984375,0.6813186813186813,stateful,random,,,,,,,,,,
adult,1,XGBoost,aligned,16,1024,64,0.0,1.0,0,0.0,8916.311218382512,1.0,0.8583984375,0.6813186813186813,0.8583984375,0.6813186813186813,stateful,random,,,,,,,,,,
adult,1,Random Forest,app,16,1024,64,0.0,1.0,0,0.0,8916.311218382512,1.0,0.865234375,0.6805555555555555,0.865234375,0.6805555555555555,stateful,random,,,,,,,,,,
adult,1,Random Forest,aligned,16,1024,64,0.0,1.0,0,0.0,8916.311218382512,1.0,0.865234375,0.6805555555555555,0.865234375,0.6805555555555555,stateful,random,,,,,,,,,,
adult,1,Logistic Regression,app,16,1024,64,0.0,1.0,0,0.0,8916.311218382512,1.0,0.8564453125,0.6573426573426573,0.8564453125,0.6573426573426573,stateful,random,,,,,,,,,,
adult,1,Logistic Regression,aligned,16,1024,64,0.0,1.0,0,0.0,8916.311218382512,1.0,0.8564453125,0.6573426573426573,0.8564453125,0.6573426573426573,stateful,random,,,,,,,,,,
adult,1,XGBoost,app,256,1024,4,0.0,1.0,0,0.0,98242.38209175578,1.0,0.8583984375,0.6813186813186813,0.8583984375,0.6813186813186813,stateful,random,,,,,,,,,,
adult,1,XGBoost,aligned,256,1024,4,0.0,1.0,0,0.0,98242.38209175578,1.0,0.8583984375,0.6813186813186813,0.8583984375,0.6813186813186813,stateful,random,,,,,,,,,,
adult,1,Random Forest,app,256,1024,4,0.0,1.0,0,0.0,98242.38209175578,1.0,0.865234375,0.6805555555555555,0.865234375,0.6805555555555555,stateful,random,,,,,,,,,,
adult,1,Random Forest,aligned,256,1024,4,0.0,1.0,0,0.0,98242.38209175578,1.0,0.865234375,0.6805555555555555,0.865234375,0.6805555555555555,stateful,random,,,,,,,,,,
adult,1,Logistic Regression,app,256,1024,4,0.0,1.0,0,0.0,98242.38209175578,1.0,0.8564453125,0.6573426573426573,0.8564453125,0.6573426573426573,stateful,random,,,,,,,,,,
adult,1,Logistic Regression,aligned,256,1024,4,0.0,1.0,0,0.0,98242.38209175578,1.0,0.8564453125,0.6573426573426573,0.8564453125,0.6573426573426573,stateful,random,,,,,,,,,,
adult,1,XGBoost,app,full,9758,1,0.0,1.0,0,0.0,278643.95932531846,1.0,0.868108218897315,0.7032510952271155,0.868108218897315,0.7032510952271155,stateful,full test set,,,,,,,,,,
adult,1,XGBoost,aligned,full,9758,1,0.0,1.0,0,0.0,278643.95932531846,1.0,0.868108218897315,0.7032510952271155,0.868108218897315,0.7032510952271155,stateful,full test set,,,,,,,,,,
adult,1,Random Forest,app,full,9758,1,0.0,1.0,0,0.0,278643.95932531846,1.0,0.8674933387989342,0.6945428773919207,0.8674933387989342,0.6945428773919207,stateful,full test set,,,,,,,,,,
adult,1,Random Forest,aligned,full,9758,1,0.0,1.0,0,0.0,278643.95932531846,1.0,0.8674933387989342,0.6945428773919207,0.8674933387989342,0.6945428773919207,stateful,full test set,,,,,,,,,,
adult,1,Logistic Regression,app,full,9758,1,0.0,1.0,0,0.0,278643.95932531846,1.0,0.8500717360114778,0.6499162479061976,0.8500717360114778,0.6499162479061976,stateful,full test set,,,,,,,,,,
adult,1,Logistic Regression,aligned,full,9758,1,0.0,1.0,0,0.0,278643.95932531846,1.0,0.8500717360114778,0.6499162479061976,0.8500717360114778,0.6499162479061976,stateful,full test set,,,,,,,,,,
adult,1,XGBoost,app,1,1024,1024,1.0,0.0,0,0.0,37.10569478828746,,,,,,stateless,random,"ValueError: feature_names mismatch: ['age', 'workclass_Federal-gov', 'workclass_Local-gov', 'workclass_Never-worked', 'workclass_Private', 'workclass_Self-emp-inc', 'workcl",,0.0,,0.0,,,,,
adult,1,XGBoost,aligned,1,1024,1024,0.0,1.0,0,0.0,37.10569478828746,0.7939453125,0.76171875,0.0,0.8583984375,0.6813186813186813,stateless,random,,0.7939453125,1.0,0.7939453125,1.0,,,,,
adult,1,Random Forest,app,1,1024,1024,1.0,0.0,0,0.0,37.10569478828746,,,,,,stateless,random,ValueError: at least one array or dtype is required,,0.0,,0.0,,,,,
adult,1,Random Forest,aligned,1,1024,1024,0.0,1.0,0,0.0,37.10569478828746,0.81640625,0.76171875,0.0,0.865234375,0.6805555555555555,stateless,random,,0.81640625,1.0,0.81640625,1.0,,,,,
adult,1,Logistic Regression,app,1,1024,1024,1.0,0.0,0,0.0,37.10569478828746,,,,,,stateless,random,ValueError: at least one array or dtype is required,,0.0,,0.0,,,,,
adult,1,Logistic Regression,aligned,1,1024,1024,0.0,1.0,0,0.0,37.10569478828746,0.8193359375,0.76171875,0.0,0.8564453125,0.6573426573426573,stateless,random,,0.8193359375,1.0,0.8193359375,1.0,,,,,
adult,1,XGBoost,app,16,1024,64,1.0,0.0,0,0.0,346.3643564178922,,,,,,stateless,random,"ValueError: feature_names mismatch: ['age', 'workclass_Federal-gov', 'workclass_Local-gov', 'workclass_Never-worked', 'workclass_Private', 'workclass_Self-emp-inc', 'workcl",,0.0,,0.0,,,,,
adult,1,XGBoost,aligned,16,1024,64,0.0,1.0,0,0.0,346.3643564178922,0.826171875,0.7900390625,0.3465045592705167,0.8583984375,0.6813186813186813,stateless,random,,0.826171875,1.0,0.826171875,1.0,,,,,
adult,1,Random Forest,app,16,1024,64,1.0,0.0,0,0.0,346.3643564178922,,,,,,stateless,random,ValueError: The feature names should match those that were passed during fit.,,0.0,,0.0,,,,,
adult,1,Random Forest,aligned,16,1024,64,0.0,1.0,0,0.0,346.3643564178922,0.8486328125,0.7861328125,0.2772277227722772,0.865234375,0.6805555555555555,stateless,random,,0.8486328125,1.0,0.8486328125,1.0,,,,,
adult,1,Logistic Regression,app,16,1024,64,1.0,0.0,0,0.0,346.3643564178922,,,,,,stateless,random,ValueError: The feature names should match those that were passed during fit.,,0.0,,0.0,,,,,
adult,1,Logistic Regression,aligned,16,1024,64,0.0,1.0,0,0.0,346.3643564178922,0.9208984375,0.81640625,0.5392156862745098,0.8564453125,0.6573426573426573,stateless,random,,0.9208984375,1.0,0.9208984375,1.0,,,,,
adult,1,XGBoost,app,256,1024,4,1.0,0.0,0,0.0,4432.040886295622,,,,,,stateless,random,"ValueError: feature_names mismatch: ['age', 'workclass_Federal-gov', 'workclass_Local-gov', 'workclass_Never-worked', 'workclass_Private', 'workclass_Self-emp-inc', 'workcl",,0.0,,0.0,,,,,
adult,1,XGBoost,aligned,256,1024,4,0.0,1.0,0,0.0,4432.040886295622,0.8173828125,0.7734375,0.22666666666666666,0.8583984375,0.6813186813186813,stateless,random,,0.8173828125,1.0,0.8173828125,1.0,,,,,
adult,1,Random Forest,app,256,1024,4,1.0,0.0,0,0.0,4432.040886295622,,,,,,stateless,random,ValueError: The feature names should match those that were passed during fit.,,0.0,,0.0,,,,,
adult,1,Random Forest,aligned,256,1024,4,0.0,1.0,0,0.0,4432.040886295622,0.85546875,0.7890625,0.3609467455621302,0.865234375,0.6805555555555555,stateless,random,,0.85546875,1.0,0.85546875,1.0,,,,,
adult,1,Logistic Regression,app,256,1024,4,1.0,0.0,0,0.0,4432.040886295622,,,,,,stateless,random,ValueError: The feature names should match those that were passed during fit.,,0.0,,0.0,,,,,
adult,1,Logistic Regression,aligned,256,1024,4,0.0,1.0,0,0.0,4432.040886295622,0.9091796875,0.822265625,0.5284974093264249,0.8564453125,0.6573426573426573,stateless,random,,0.9091796875,1.0,0.9091796875,1.0,,,,,
adult,1,XGBoost,app,full,9758,1,0.0,1.0,0,0.0,32407.741060715358,0.8319327731092437,0.7896085263373642,0.36103330220977276,0.868108218897315,0.7032510952271155,stateless,full test set,,0.8319327731092437,1.0,0.8319327731092437,1.0,,,,,
adult,1,XGBoost,aligned,full,9758,1,0.0,1.0,0,0.0,32407.741060715358,0.8319327731092437,0.7896085263373642,0.36103330220977276,0.868108218897315,0.7032510952271155,stateless,full test set,,0.8319327731092437,1.0,0.8319327731092437,1.0,,,,,
adult,1,Random Forest,app,full,9758,1,0.0,1.0,0,0.0,32407.741060715358,0.8700553392088543,0.8074400491904079,0.4504241006142147,0.8674933387989342,0.6945428773919207,stateless,full test set,,0.8700553392088543,1.0,0.8700553392088543,1.0,,,,,
adult,1,Random Forest,aligned,full,9758,1,0.0,1.0,0,0.0,32407.741060715358,0.8700553392088543,0.8074400491904079,0.4504241006142147,0.8674933387989342,0.6945428773919207,stateless,full test set,,0.8700553392088543,1.0,0.8700553392088543,1.0,,,,,
adult,1,Logistic Regression,app,full,9758,1,0.0,1.0,0,0.0,32407.741060715358,0.9202705472432876,0.8230170116827219,0.5300680272108843,0.8500717360114778,0.6499162479061976,stateless,full test set,,0.9202705472432876,1.0,0.9202705472432876,1.0,,,,,
adult,1,Logistic Regression,aligned,full,9758,1,0.0,1.0,0,0.0,32407.741060715358,0.9202705472432876,0.8230170116827219,0.5300680272108843,0.8500717360114778,0.6499162479061976,stateless,full test set,,0.9202705472432876,1.0,0.9202705472432876,1.0,,,,,
adult,2,XGBoost,app,1,1024,1024,0.0,1.0,0,0.0,554.3172437160217,1.0,0.8720703125,0.6843373493975904,0.8720703125,0.6843373493975904,stateful,random,,,,,,,,,,
adult,2,XGBoost,aligned,1,1024,1024,0.0,1.0,0,0.0,554.3172437160217,1.0,0.8720703125,0.6843373493975904,0.8720703125,0.6843373493975904,stateful,random,,,,,,,,,,
adult,2,Random Forest,app,1,1024,1024,0.0,1.0,0,0.0,554.3172437160217,1.0,0.8671875,0.6633663366336634,0.8671875,0.6633663366336634,stateful,random,,,,,,,,,,
adult,2,Random Forest,aligned,1,1024,1024,0.0,1.0,0,0.0,554.3172437160217,1.0,0.8671875,0.6633663366336634,0.8671875,0.6633663366336634,stateful,random,,,,,,,,,,
adult,2,Logistic Regression,app,1,1024,1024,0.0,1.0,0,0.0,554.3172437160217,1.0,0.8505859375,0.6295399515738499,0.8505859375,0.6295399515738499,stateful,random,,,,,,,,,,
adult,2,Logistic Regression,aligned,1,1024,1024,0.0,1.0,0,0.0,554.3172437160217,1.0,0.8505859375,0.6295399515738499,0.8505859375,0.6295399515738499,stateful,random,,,,,,,,,,
adult,2,XGBoost,app,16,1024,64,0.0,1.0,0,0.0,7239.199706185752,1.0,0.8720703125,0.6843373493975904,0.8720703125,0.6843373493975904,stateful,random,,,,,,,,,,
adult,2,XGBoost,aligned,16,1024,64,0.0,1.0,0,0.0,7239.199706185752,1.0,0.8720703125,0.6843373493975904,0.8720703125,0.6843373493975904,stateful,random,,,,,,,,,,
adult,2,Random Forest,app,16,1024,64,0.0,1.0,0,0.0,7239.199706185752,1.0,0.8671875,0.6633663366336634,0.8671875,0.6633663366336634,stateful,random,,,,,,,,,,
adult,2,Random Forest,aligned,16,1024,64,0.0,1.0,0,0.0,7239.199706185752,1.0,0.8671875,0.6633663366336634,0.8671875,0.6633663366336634,stateful,random,,,,,,,,,,
adult,2,Logistic Regression,app,16,1024,64,0.0,1.0,0,0.0,7239.199706185752,1.0,0.8505859375,0.6295399515738499,0.8505859375,0.6295399515738499,stateful,random,,,,,,,,,,
adult,2,Logistic Regression,aligned,16,1024,64,0.0,1.0,0,0.0,7239.199706185752,1.0,0.8505859375,0.6295399515738499,0.8505859375,0.6295399515738499,stateful,random,,,,,,,,,,
adult,2,XGBoost,app,256,1024,4,0.0,1.0,0,0.0,82188.92221102607,1.0,0.8720703125,0.6843373493975904,0.8720703125,0.6843373493975904,stateful,random,,,,,,,,,,
adult,2,XGBoost,aligned,256,1024,4,0.0,1.0,0,0.0,82188.92221102607,1.0,0.8720703125,0.6843373493975904,0.8720703125,0.6843373493975904,stateful,random,,,,,,,,,,
adult,2,Random Forest,app,256,1024,4,0.0,1.0,0,0.0,82188.92221102607,1.0,0.8671875,0.6633663366336634,0.8671875,0.6633663366336634,stateful,random,,,,,,,,,,
adult,2,Random Forest,aligned,256,1024,4,0.0,1.0,0,0.0,82188.92221102607,1.0,0.8671875,0.6633663366336634,0.8671875,0.6633663366336634,stateful,random,,,,,,,,,,
adult,2,Logistic Regression,app,256,1024,4,0.0,1.0,0,0.0,82188.92221102607,1.0,0.8505859375,0.6295399515738499,0.8505859375,0.6295399515738499,stateful,random,,,,,,,,,,
adult,2,Logistic Regression,aligned,256,1024,4,0.0,1.0,0,0.0,82188.92221102607,1.0,0.8505859375,0.6295399515738499,0.8505859375,0.6295399515738499,stateful,random,,,,,,,,,,
adult,2,XGBoost,app,full,9758,1,0.0,1.0,0,0.0,215185.6025163037,1.0,0.8720024595203936,0.7087899277220797,0.8720024595203936,0.7087899277220797,stateful,full test set,,,,,,,,,,
adult,2,XGBoost,aligned,full,9758,1,0.0,1.0,0,0.0,215185.6025163037,1.0,0.8720024595203936,0.7087899277220797,0.8720024595203936,0.7087899277220797,stateful,full test set,,,,,,,,,,
adult,2,Random Forest,app,full,9758,1,0.0,1.0,0,0.0,215185.6025163037,1.0,0.8623693379790941,0.679398424444975,0.8623693379790941,0.679398424444975,stateful,full test set,,,,,,,,,,
adult,2,Random Forest,aligned,full,9758,1,0.0,1.0,0,0.0,215185.6025163037,1.0,0.8623693379790941,0.679398424444975,0.8623693379790941,0.679398424444975,stateful,full test set,,,,,,,,,,
adult,2,Logistic Regression,app,full,9758,1,0.0,1.0,0,0.0,215185.6025163037,1.0,0.8479196556671449,0.645145863223338,0.8479196556671449,0.645145863223338,stateful,full test set,,,,,,,,,,
adult,2,Logistic Regression,aligned,full,9758,1,0.0,1.0,0,0.0,215185.6025163037,1.0,0.8479196556671449,0.645145863223338,0.8479196556671449,0.645145863223338,stateful,full test set,,,,,,,,,,
adult,2,XGBoost,app,1,1024,1024,1.0,0.0,0,0.0,27.274820949783148,,,,,,stateless,random,"ValueError: feature_names mismatch: ['age', 'workclass_Federal-gov', 'workclass_Local-gov', 'workclass_Never-worked', 'workclass_Private', 'workclass_Self-emp-inc', 'workcl",,0.0,,0.0,,,,,
adult,2,XGBoost,aligned,1,1024,1024,0.0,1.0,0,0.0,27.274820949783148,0.81640625,0.7783203125,0.0,0.8720703125,0.6843373493975904,stateless,random,,0.81640625,1.0,0.81640625,1.0,,,,,
adult,2,Random Forest,app,1,1024,1024,1.0,0.0,0,0.0,27.274820949783148,,,,,,stateless,random,ValueError: at least one array or dtype is required,,0.0,,0.0,,,,,
adult,2,Random Forest,aligned,1,1024,1024,0.0,1.0,0,0.0,27.274820949783148,0.8271484375,0.7783203125,0.0,0.8671875,0.6633663366336634,stateless,random,,0.8271484375,1.0,0.8271484375,1.0,,,,,
adult,2,Logistic Regression,app,1,1024,1024,1.0,0.0,0,0.0,27.274820949783148,,,,,,stateless,random,ValueError: at least one array or dtype is required,,0.0,,0.0,,,,,
adult,2,Logistic Regression,aligned,1,1024,1024,0.0,1.0,0,0.0,27.274820949783148,0.818359375,0.7783203125,0.0,0.8505859375,0.6295399515738499,stateless,random,,0.818359375,1.0,0.818359375,1.0,,,,,
adult,2,XGBoost,app,16,1024,64,1.0,0.0,0,0.0,318.14237658505937,,,,,,stateless,random,"ValueError: feature_names mismatch: ['age', 'workclass_Federal-gov', 'workclass_Local-gov', 'workclass_Never-worked', 'workclass_Private', 'workclass_Self-emp-inc', 'workcl",,0.0,,0.0,,,,,
adult,2,XGBoost,aligned,16,1024,64,0.0,1.0,0,0.0,318.14237658505937,0.84765625,0.7939453125,0.3426791277258567,0.8720703125,0.6843373493975904,stateless,random,,0.84765625,1.0,0.84765625,1.0,,,,,
adult,2,Random Forest,app,16,1024,64,1.0,0.0,0,0.0,318.14237658505937,,,,,,stateless,random,ValueError: The feature names should match those that were passed during fit.,,0.0,,0.0,,,,,
adult,2,Random Forest,aligned,16,1024,64,0.0,1.0,0,0.0,318.14237658505937,0.849609375,0.80078125,0.31543624161073824,0.8671875,0.6633663366336634,stateless,random,,0.849609375,1.0,0.849609375,1.0,,,,,
adult,2,Logistic Regression,app,16,1024,64,1.0,0.0,0,0.0,318.14237658505937,,,,,,stateless,random,ValueError: The feature names should match those that were passed during fit.,,0.0,,0.0,,,,,
adult,2,Logistic Regression,aligned,16,1024,64,0.0,1.0,0,0.0,318.14237658505937,0.9052734375,0.833984375,0.5707070707070707,0.8505859375,0.6295399515738499,stateless,random,,0.9052734375,1.0,0.9052734375,1.0,,,,,
adult,2,XGBoost,app,256,1024,4,1.0,0.0,0,0.0,5100.59732817214,,,,,,stateless,random,"ValueError: feature_names mismatch: ['age', 'workclass_Federal-gov', 'workclass_Local-gov', 'workclass_Never-worked', 'workclass_Private', 'workclass_Self-emp-inc', 'workcl",,0.0,,0.0,,,,,
adult,2,XGBoost,aligned,256,1024,4,0.0,1.0,0,0.0,5100.59732817214,0.828125,0.7880859375,0.24390243902439027,0.8720703125,0.6843373493975904,stateless,random,,0.828125,1.0,0.828125,1.0,,,,,
adult,2,Random Forest,app,256,1024,4,1.0,0.0,0,0.0,5100.59732817214,,,,,,stateless,random,ValueError: The feature names should match those that were passed during fit.,,0.0,,0.0,,,,,
adult,2,Random Forest,aligned,256,1024,4,0.0,1.0,0,0.0,5100.59732817214,0.876953125,0.80859375,0.3717948717948718,0.8671875,0.6633663366336634,stateless,random,,0.876953125,1.0,0.876953125,1.0,,,,,
adult,2,Logistic Regression,app,256,1024,4,1.0,0.0,0,0.0,5100.59732817214,,,,,,stateless,random,ValueError: The feature names should match those that were passed during fit.,,0.0,,0.0,,,,,
adult,2,Logistic Regression,aligned,256,1024,4,0.0,1.0,0,0.0,5100.59732817214,0.9248046875,0.828125,0.5643564356435643,0.8505859375,0.6295399515738499,stateless,random,,0.9248046875,1.0,0.9248046875,1.0,,,,,
adult,2,XGBoost,app,full,9758,1,0.0,1.0,0,0.0,34137.33438315022,0.8766140602582496,0.8322402131584341,0.5350752627094575,0.8720024595203936,0.7087899277220797,stateless,full test set,,0.8766140602582496,1.0,0.8766140602582496,1.0,,,,,
adult,2,XGBoost,aligned,full,9758,1,0.0,1.0,0,0.0,34137.33438315022,0.8766140602582496,0.8322402131584341,0.5350752627094575,0.8720024595203936,0.7087899277220797,stateless,full test set,,0.8766140602582496,1.0,0.8766140602582496,1.0,,,,,
adult,2,Random Forest,app,full,9758,1,0.0,1.0,0,0.0,34137.33438315022,0.9207829473252716,0.8505841360934617,0.6193211488250653,0.8623693379790941,0.679398424444975,stateless,full test set,,0.9207829473252716,1.0,0.9207829473252716,1.0,,,,,
adult,2,Random Forest,aligned,full,9758,1,0.0,1.0,0,0.0,34137.33438315022,0.9207829473252716,0.8505841360934617,0.6193211488250653,0.8623693379790941,0.679398424444975,stateless,full test set,,0.9207829473252716,1.0,0.9207829473252716,1.0,,,,,
adult,2,Logistic Regression,app,full,9758,1,0.0,1.0,0,0.0,34137.33438315022,0.9318507890961263,0.8240418118466899,0.6073633661102218,0.8479196556671449,0.645145863223338,stateless,full test set,,0.9318507890961263,1.0,0.9318507890961263,1.0,,,,,
adult,2,Logistic Regression,aligned,full,9758,1,0.0,1.0,0,0.0,34137.33438315022,0.9318507890961263,0.8240418118466899,0.6073633661102218,0.8479196556671449,0.645145863223338,stateless,full test set,,0.9318507890961263,1.0,0.9318507890961263,1.0,,,,,
adult,3,XGBoost,app,1,1024,1024,0.0,1.0,0,0.0,420.3097961829655,1.0,0.8583984375,0.7128712871287127,0.8583984375,0.7128712871287127,stateful,random,,,,,,,,,,
adult,3,XGBoost,aligned,1,1024,1024,0.0,1.0,0,0.0,420.3097961829655,1.0,0.8583984375,0.7128712871287127,0.8583984375,0.7128712871287127,stateful,random,,,,,,,,,,
adult,3,Random Forest,app,1,1024,1024,0.0,1.0,0,0.0,420.3097961829655,1.0,0.845703125,0.6775510204081633,0.845703125,0.6775510204081633,stateful,random,,,,,,,,,,
adult,3,Random Forest,aligned,1,1024,1024,0.0,1.0,0,0.0,420.3097961829655,1.0,0.845703125,0.6775510204081633,0.845703125,0.6775510204081633,stateful,random,,,,,,,,,,
adult,3,Logistic Regression,app,1,1024,1024,0.0,1.0,0,0.0,420.3097961829655,1.0,0.8466796875,0.6815415821501014,0.8466796875,0.6815415821501014,stateful,random,,,,,,,,,,
adult,3,Logistic Regression,aligned,1,1024,1024,0.0,1.0,0,0.0,420.3097961829655,1.0,0.8466796875,0.6815415821501014,0.8466796875,0.6815415821501014,stateful,random,,,,,,,,,,
adult,3,XGBoost,app,16,1024,64,0.0,1.0,0,0.0,5882.281975385874,1.0,0.8583984375,0.7128712871287127,0.8583984375,0.7128712871287127,stateful,random,,,,,,,,,,
adult,3,XGBoost,aligned,16,1024,64,0.0,1.0,0,0.0,5882.281975385874,1.0,0.8583984375,0.7128712871287127,0.8583984375,0.7128712871287127,stateful,random,,,,,,,,,,
adult,3,Random Forest,app,16,1024,64,0.0,1.0,0,0.0,5882.281975385874,1.0,0.845703125,0.6775510204081633,0.845703125,0.6775510204081633,stateful,random,,,,,,,,,,
adult,3,Random Forest,aligned,16,1024,64,0.0,1.0,0,0.0,5882.281975385874,1.0,0.845703125,0.6775510204081633,0.845703125,0.6775510204081633,stateful,random,,,,,,,,,,
adult,3,Logistic Regression,app,16,1024,64,0.0,1.0,0,0.0,5882.281975385874,1.0,0.8466796875,0.6815415821501014,0.8466796875,0.6815415821501014,stateful,random,,,,,,,,,,
adult,3,Logistic Regression,aligned,16,1024,64,0.0,1.0,0,0.0,5882.281975385874,1.0,0.8466796875,0.6815415821501014,0.8466796875,0.6815415821501014,stateful,random,,,,,,,,,,
adult,3,XGBoost,app,256,1024,4,0.0,1.0,0,0.0,75129.49566522299,1.0,0.8583984375,0.7128712871287127,0.8583984375,0.7128712871287127,stateful,random,,,,,,,,,,
adult,3,XGBoost,aligned,256,1024,4,0.0,1.0,0,0.0,75129.49566522299,1.0,0.8583984375,0.7128712871287127,0.8583984375,0.7128712871287127,stateful,random,,,,,,,,,,
adult,3,Random Forest,app,256,1024,4,0.0,1.0,0,0.0,75129.49566522299,1.0,0.845703125,0.6775510204081633,0.845703125,0.6775510204081633,stateful,random,,,,,,,,,,
adult,3,Random Forest,aligned,256,1024,4,0.0,1.0,0,0.0,75129.49566522299,1.0,0.845703125,0.6775510204081633,0.845703125,0.6775510204081633,stateful,random,,,,,,,,,,
adult,3,Logistic Regression,app,256,1024,4,0.0,1.0,0,0.0,75129.49566522299,1.0,0.8466796875,0.6815415821501014,0.8466796875,0.6815415821501014,stateful,random,,,,,,,,,,
adult,3,Logistic Regression,aligned,256,1024,4,0.0,1.0,0,0.0,75129.49566522299,1.0,0.8466796875,0.6815415821501014,0.8466796875,0.6815415821501014,stateful,random,,,,,,,,,,
adult,3,XGBoost,app,full,9758,1,0.0,1.0,0,0.0,195637.74741851373,1.0,0.875384300061488,0.714016933207902,0.875384300061488,0.714016933207902,stateful,full test set,,,,,,,,,,
adult,3,XGBoost,aligned,full,9758,1,0.0,1.0,0,0.0,195637.74741851373,1.0,0.875384300061488,0.714016933207902,0.875384300061488,0.714016933207902,stateful,full test set,,,,,,,,,,
adult,3,Random Forest,app,full,9758,1,0.0,1.0,0,0.0,195637.74741851373,1.0,0.8621643779463005,0.679838133777672,0.8621643779463005,0.679838133777672,stateful,full test set,,,,,,,,,,
adult,3,Random Forest,aligned,full,9758,1,0.0,1.0,0,0.0,195637.74741851373,1.0,0.8621643779463005,0.679838133777672,0.8621643779463005,0.679838133777672,stateful,full test set,,,,,,,,,,
adult,3,Logistic Regression,app,full,9758,1,0.0,1.0,0,0.0,195637.74741851373,1.0,0.8495593359294937,0.6491395793499044,0.8495593359294937,0.6491395793499044,stateful,full test set,,,,,,,,,,
adult,3,Logistic Regression,aligned,full,9758,1,0.0,1.0,0,0.0,195637.74741851373,1.0,0.8495593359294937,0.6491395793499044,0.8495593359294937,0.6491395793499044,stateful,full test set,,,,,,,,,,
adult,3,XGBoost,app,1,1024,1024,1.0,0.0,0,0.0,31.73142629822703,,,,,,stateless,random,"ValueError: feature_names mismatch: ['age', 'workclass_Federal-gov', 'workclass_Local-gov', 'workclass_Never-worked', 'workclass_Private', 'workclass_Self-emp-inc', 'workcl",,0.0,,0.0,,,,,
adult,3,XGBoost,aligned,1,1024,1024,0.0,1.0,0,0.0,31.73142629822703,0.7705078125,0.736328125,0.0,0.8583984375,0.7128712871287127,stateless,random,,0.7705078125,1.0,0.7705078125,1.0,,,,,
adult,3,Random Forest,app,1,1024,1024,1.0,0.0,0,0.0,31.73142629822703,,,,,,stateless,random,ValueError: at least one array or dtype is required,,0.0,,0.0,,,,,
adult,3,Random Forest,aligned,1,1024,1024,0.0,1.0,0,0.0,31.73142629822703,0.78515625,0.736328125,0.0,0.845703125,0.6775510204081633,stateless,random,,0.78515625,1.0,0.78515625,1.0,,,,,
adult,3,Logistic Regression,app,1,1024,1024,1.0,0.0,0,0.0,31.73142629822703,,,,,,stateless,random,ValueError: at least one array or dtype is required,,0.0,,0.0,,,,,
adult,3,Logistic Regression,aligned,1,1024,1024,0.0,1.0,0,0.0,31.73142629822703,0.7822265625,0.736328125,0.0,0.8466796875,0.6815415821501014,stateless,random,,0.7822265625,1.0,0.7822265625,1.0,,,,,
adult,3,XGBoost,app,16,1024,64,1.0,0.0,0,0.0,420.7685435330743,,,,,,stateless,random,"ValueError: feature_names mismatch: ['age', 'workclass_Federal-gov', 'workclass_Local-gov', 'workclass_Never-worked', 'workclass_Private', 'workclass_Self-emp-inc', 'workcl",,0.0,,0.0,,,,,
adult,3,XGBoost,aligned,16,1024,64,0.0,1.0,0,0.0,420.7685435330743,0.81640625,0.7880859375,0.39554317548746515,0.8583984375,0.7128712871287127,stateless,random,,0.81640625,1.0,0.81640625,1.0,,,,,
adult,3,Random Forest,app,16,1024,64,1.0,0.0,0,0.0,420.7685435330743,,,,,,stateless,random,ValueError: The feature names should match those that were passed during fit.,,0.0,,0.0,,,,,
adult,3,Random Forest,aligned,16,1024,64,0.0,1.0,0,0.0,420.7685435330743,0.8173828125,0.7744140625,0.28037383177570085,0.845703125,0.6775510204081633,stateless,random,,0.8173828125,1.0,0.8173828125,1.0,,,,,
adult,3,Logistic Regression,app,16,1024,64,1.0,0.0,0,0.0,420.7685435330743,,,,,,stateless,random,ValueError: The feature names should match those that were passed during fit.,,0.0,,0.0,,,,,
adult,3,Logistic Regression,aligned,16,1024,64,0.0,1.0,0,0.0,420.7685435330743,0.87890625,0.8076171875,0.5386416861826698,0.8466796875,0.6815415821501014,stateless,random,,0.87890625,1.0,0.87890625,1.0,,,,,
adult,3,XGBoost,app,256,1024,4,1.0,0.0,0,0.0,5295.385825203824,,,,,,stateless,random,"ValueError: feature_names mismatch: ['age', 'workclass_Federal-gov', 'workclass_Local-gov', 'workclass_Never-worked', 'workclass_Private', 'workclass_Self-emp-inc', 'workcl",,0.0,,0.0,,,,,
adult,3,XGBoost,aligned,256,1024,4,0.0,1.0,0,0.0,5295.385825203824,0.7998046875,0.755859375,0.2469879518072289,0.8583984375,0.7128712871287127,stateless,random,,0.7998046875,1.0,0.7998046875,1.0,,,,,
adult,3,Random Forest,app,256,1024,4,1.0,0.0,0,0.0,5295.385825203824,,,,,,stateless,random,ValueError: The feature names should match those that were passed during fit.,,0.0,,0.0,,,,,
adult,3,Random Forest,aligned,256,1024,4,0.0,1.0,0,0.0,5295.385825203824,0.84375,0.775390625,0.3611111111111111,0.845703125,0.6775510204081633,stateless,random,,0.84375,1.0,0.84375,1.0,,,,,
adult,3,Logistic Regression,app,256,1024,4,1.0,0.0,0,0.0,5295.385825203824,,,,,,stateless,random,ValueError: The feature names should match those that were passed during fit.,,0.0,,0.0,,,,,
adult,3,Logistic Regression,aligned,256,1024,4,0.0,1.0,0,0.0,5295.385825203824,0.8974609375,0.806640625,0.5194174757281554,0.8466796875,0.6815415821501014,stateless,random,,0.8974609375,1.0,0.8974609375,1.0,,,,,
adult,3,XGBoost,app,full,9758,1,0.0,1.0,0,0.0,37339.16187965489,0.8829678212748514,0.8339823734371797,0.5479910714285714,0.875384300061488,0.714016933207902,stateless,full test set,,0.8829678212748514,1.0,0.8829678212748514,1.0,,,,,
adult,3,XGBoost,aligned,full,9758,1,0.0,1.0,0,0.0,37339.16187965489,0.8829678212748514,0.8339823734371797,0.5479910714285714,0.875384300061488,0.714016933207902,stateless,full test set,,0.8829678212748514,1.0,0.8829678212748514,1.0,,,,,
adult,3,Random Forest,app,full,9758,1,0.0,1.0,0,0.0,37339.16187965489,0.9117647058823529,0.846279975404796,0.6058854440357331,0.8621643779463005,0.679838133777672,stateless,full test set,,0.9117647058823529,1.0,0.9117647058823529,1.0,,,,,
adult,3,Random Forest,aligned,full,9758,1,0.0,1.0,0,0.0,37339.16187965489,0.9117647058823529,0.846279975404796,0.6058854440357331,0.8621643779463005,0.679838133777672,stateless,full test set,,0.9117647058823529,1.0,0.9117647058823529,1.0,,,,,
adult,3,Logistic Regression,app,full,9758,1,0.0,1.0,0,0.0,37339.16187965489,0.930416068866571,0.8316253330600533,0.6169270226159944,0.8495593359294937,0.6491395793499044,stateless,full test set,,0.930416068866571,1.0,0.930416068866571,1.0,,,,,
adult,3,Logistic Regression,aligned,full,9758,1,0.0,1.0,0,0.0,37339.16187965489,0.930416068866571,0.8316253330600533,0.6169270226159944,0.8495593359294937,0.6491395793499044,stateless,full test set,,0.930416068866571,1.0,0.930416068866571,1.0,,,,,
adult,4,XGBoost,app,1,1024,1024,0.0,1.0,0,0.0,605.272311900432,1.0,0.884765625,0.7242990654205607,0.884765625,0.7242990654205607,stateful,random,,,,,,,,,,
adult,4,XGBoost,aligned,1,1024,1024,0.0,1.0,0,0.0,605.272311900432,1.0,0.884765625,0.7242990654205607,0.884765625,0.7242990654205607,stateful,random,,,,,,,,,,
adult,4,Random Forest,app,1,1024,1024,0.0,1.0,0,0.0,605.272311900432,1.0,0.8642578125,0.6550868486352358,0.8642578125,0.6550868486352358,stateful,random,,,,,,,,,,
adult,4,Random Forest,aligned,1,1024,1024,0.0,1.0,0,0.0,605.272311900432,1.0,0.8642578125,0.6550868486352358,0.8642578125,0.6550868486352358,stateful,random,,,,,,,,,,
adult,4,Logistic Regression,app,1,1024,1024,0.0,1.0,0,0.0,605.272311900432,1.0,0.857421875,0.6421568627450981,0.857421875,0.6421568627450981,stateful,random,,,,,,,,,,
adult,4,Logistic Regression,aligned,1,1024,1024,0.0,1.0,0,0.0,605.272311900432,1.0,0.857421875,0.6421568627450981,0.857421875,0.6421568627450981,stateful,random,,,,,,,,,,
adult,4,XGBoost,app,16,1024,64,0.0,1.0,0,0.0,9026.336845016524,1.0,0.884765625,0.7242990654205607,0.884765625,0.7242990654205607,stateful,random,,,,,,,,,,
adult,4,XGBoost,aligned,16,1024,64,0.0,1.0,0,0.0,9026.336845016524,1.0,0.884765625,0.7242990654205607,0.884765625,0.7242990654205607,stateful,random,,,,,,,,,,
adult,4,Random Forest,app,16,1024,64,0.0,1.0,0,0.0,9026.336845016524,1.0,0.8642578125,0.6550868486352358,0.8642578125,0.6550868486352358,stateful,random,,,,,,,,,,
adult,4,Random Forest,aligned,16,1024,64,0.0,1.0,0,0.0,9026.336845016524,1.0,0.8642578125,0.6550868486352358,0.8642578125,0.6550868486352358,stateful,random,,,,,,,,,,
adult,4,Logistic Regression,app,16,1024,64,0.0,1.0,0,0.0,9026.336845016524,1.0,0.857421875,0.6421568627450981,0.857421875,0.6421568627450981,stateful,random,,,,,,,,,,
adult,4,Logistic Regression,aligned,16,1024,64,0.0,1.0,0,0.0,9026.336845016524,1.0,0.857421875,0.6421568627450981,0.857421875,0.6421568627450981,stateful,random,,,,,,,,,,
adult,4,XGBoost,app,256,1024,4,0.0,1.0,0,0.0,106645.56032635548,1.0,0.884765625,0.7242990654205607,0.884765625,0.7242990654205607,stateful,random,,,,,,,,,,
adult,4,XGBoost,aligned,256,1024,4,0.0,1.0,0,0.0,106645.56032635548,1.0,0.884765625,0.7242990654205607,0.884765625,0.7242990654205607,stateful,random,,,,,,,,,,
adult,4,Random Forest,app,256,1024,4,0.0,1.0,0,0.0,106645.56032635548,1.0,0.8642578125,0.6550868486352358,0.8642578125,0.6550868486352358,stateful,random,,,,,,,,,,
adult,4,Random Forest,aligned,256,1024,4,0.0,1.0,0,0.0,106645.56032635548,1.0,0.8642578125,0.6550868486352358,0.8642578125,0.6550868486352358,stateful,random,,,,,,,,,,
adult,4,Logistic Regression,app,256,1024,4,0.0,1.0,0,0.0,106645.56032635548,1.0,0.857421875,0.6421568627450981,0.857421875,0.6421568627450981,stateful,random,,,,,,,,,,
adult,4,Logistic Regression,aligned,256,1024,4,0.0,1.0,0,0.0,106645.56032635548,1.0,0.857421875,0.6421568627450981,0.857421875,0.6421568627450981,stateful,random,,,,,,,,,,
adult,4,XGBoost,app,full,9758,1,0.0,1.0,0,0.0,224537.6016410129,1.0,0.8735396597663455,0.7148798521256933,0.8735396597663455,0.7148798521256933,stateful,full test set,,,,,,,,,,
adult,4,XGBoost,aligned,full,9758,1,0.0,1.0,0,0.0,224537.6016410129,1.0,0.8735396597663455,0.7148798521256933,0.8735396597663455,0.7148798521256933,stateful,full test set,,,,,,,,,,
adult,4,Random Forest,app,full,9758,1,0.0,1.0,0,0.0,224537.6016410129,1.0,0.8638040582086494,0.6869257950530034,0.8638040582086494,0.6869257950530034,stateful,full test set,,,,,,,,,,
adult,4,Random Forest,aligned,full,9758,1,0.0,1.0,0,0.0,224537.6016410129,1.0,0.8638040582086494,0.6869257950530034,0.8638040582086494,0.6869257950530034,stateful,full test set,,,,,,,,,,
adult,4,Logistic Regression,app,full,9758,1,0.0,1.0,0,0.0,224537.6016410129,1.0,0.8504816560770649,0.6572703782006107,0.8504816560770649,0.6572703782006107,stateful,full test set,,,,,,,,,,
adult,4,Logistic Regression,aligned,full,9758,1,0.0,1.0,0,0.0,224537.6016410129,1.0,0.8504816560770649,0.6572703782006107,0.8504816560770649,0.6572703782006107,stateful,full test set,,,,,,,,,,
adult,4,XGBoost,app,1,1024,1024,1.0,0.0,0,0.0,37.64889490022427,,,,,,stateless,random,"ValueError: feature_names mismatch: ['age', 'workclass_Federal-gov', 'workclass_Local-gov', 'workclass_Never-worked', 'workclass_Private', 'workclass_Self-emp-inc', 'workcl",,0.0,,0.0,,,,,
adult,4,XGBoost,aligned,1,1024,1024,0.0,1.0,0,0.0,37.64889490022427,0.80859375,0.7734375,0.0,0.884765625,0.7242990654205607,stateless,random,,0.80859375,1.0,0.80859375,1.0,,,,,
adult,4,Random Forest,app,1,1024,1024,1.0,0.0,0,0.0,37.64889490022427,,,,,,stateless,random,ValueError: at least one array or dtype is required,,0.0,,0.0,,,,,
adult,4,Random Forest,aligned,1,1024,1024,0.0,1.0,0,0.0,37.64889490022427,0.8330078125,0.7734375,0.0,0.8642578125,0.6550868486352358,stateless,random,,0.8330078125,1.0,0.8330078125,1.0,,,,,
adult,4,Logistic Regression,app,1,1024,1024,1.0,0.0,0,0.0,37.64889490022427,,,,,,stateless,random,ValueError: at least one array or dtype is required,,0.0,,0.0,,,,,
adult,4,Logistic Regression,aligned,1,1024,1024,0.0,1.0,0,0.0,37.64889490022427,0.828125,0.7734375,0.0,0.857421875,0.6421568627450981,stateless,random,,0.828125,1.0,0.828125,1.0,,,,,
adult,4,XGBoost,app,16,1024,64,1.0,0.0,0,0.0,442.6151031179275,,,,,,stateless,random,"ValueError: feature_names mismatch: ['age', 'workclass_Federal-gov', 'workclass_Local-gov', 'workclass_Never-worked', 'workclass_Private', 'workclass_Self-emp-inc', 'workcl",,0.0,,0.0,,,,,
adult,4,XGBoost,aligned,16,1024,64,0.0,1.0,0,0.0,442.6151031179275,0.822265625,0.7890625,0.2702702702702703,0.884765625,0.7242990654205607,stateless,random,,0.822265625,1.0,0.822265625,1.0,,,,,
adult,4,Random Forest,app,16,1024,64,1.0,0.0,0,0.0,442.6151031179275,,,,,,stateless,random,ValueError: The feature names should match those that were passed during fit.,,0.0,,0.0,,,,,
adult,4,Random Forest,aligned,16,1024,64,0.0,1.0,0,0.0,442.6151031179275,0.865234375,0.8076171875,0.37854889589905366,0.8642578125,0.6550868486352358,stateless,random,,0.865234375,1.0,0.865234375,1.0,,,,,
adult,4,Logistic Regression,app,16,1024,64,1.0,0.0,0,0.0,442.6151031179275,,,,,,stateless,random,ValueError: The feature names should match those that were passed during fit.,,0.0,,0.0,,,,,
adult,4,Logistic Regression,aligned,16,1024,64,0.0,1.0,0,0.0,442.6151031179275,0.9111328125,0.8330078125,0.544,0.857421875,0.6421568627450981,stateless,random,,0.9111328125,1.0,0.9111328125,1.0,,,,,
adult,4,XGBoost,app,256,1024,4,1.0,0.0,0,0.0,3978.0956107770207,,,,,,stateless,random,"ValueError: feature_names mismatch: ['age', 'workclass_Federal-gov', 'workclass_Local-gov', 'workclass_Never-worked', 'workclass_Private', 'workclass_Self-emp-inc', 'workcl",,0.0,,0.0,,,,,
adult,4,XGBoost,aligned,256,1024,4,0.0,1.0,0,0.0,3978.0956107770207,0.814453125,0.78515625,0.2517006802721089,0.884765625,0.7242990654205607,stateless,random,,0.814453125,1.0,0.814453125,1.0,,,,,
adult,4,Random Forest,app,256,1024,4,1.0,0.0,0,0.0,3978.0956107770207,,,,,,stateless,random,ValueError: The feature names should match those that were passed during fit.,,0.0,,0.0,,,,,
adult,4,Random Forest,aligned,256,1024,4,0.0,1.0,0,0.0,3978.0956107770207,0.859375,0.8134765625,0.4264264264264263,0.8642578125,0.6550868486352358,stateless,random,,0.859375,1.0,0.859375,1.0,,,,,
adult,4,Logistic Regression,app,256,1024,4,1.0,0.0,0,0.0,3978.0956107770207,,,,,,stateless,random,ValueError: The feature names should match those that were passed during fit.,,0.0,,0.0,,,,,
adult,4,Logistic Regression,aligned,256,1024,4,0.0,1.0,0,0.0,3978.0956107770207,0.8935546875,0.8173828125,0.5241730279898219,0.857421875,0.6421568627450981,stateless,random,,0.8935546875,1.0,0.8935546875,1.0,,,,,
adult,4,XGBoost,app,full,9758,1,0.0,1.0,0,0.0,33635.86539004606,0.827628612420578,0.7841770854683336,0.32499999999999996,0.8735396597663455,0.7148798521256933,stateless,full test set,,0.827628612420578,1.0,0.827628612420578,1.0,,,,,
adult,4,XGBoost,aligned,full,9758,1,0.0,1.0,0,0.0,33635.86539004606,0.827628612420578,0.7841770854683336,0.32499999999999996,0.8735396597663455,0.7148798521256933,stateless,full test set,,0.827628612420578,1.0,0.827628612420578,1.0,,,,,
adult,4,Random Forest,app,full,9758,1,0.0,1.0,0,0.0,33635.86539004606,0.8720024595203936,0.8116417298626768,0.4526503871351995,0.8638040582086494,0.6869257950530034,stateless,full test set,,0.8720024595203936,1.0,0.8720024595203936,1.0,,,,,
adult,4,Random Forest,aligned,full,9758,1,0.0,1.0,0,0.0,33635.86539004606,0.8720024595203936,0.8116417298626768,0.4526503871351995,0.8638040582086494,0.6869257950530034,stateless,full test set,,0.8720024595203936,1.0,0.8720024595203936,1.0,,,,,
adult,4,Logistic Regression,app,full,9758,1,0.0,1.0,0,0.0,33635.86539004606,0.9150440664070506,0.8210698913711826,0.5288720992984349,0.8504816560770649,0.6572703782006107,stateless,full test set,,0.9150440664070506,1.0,0.9150440664070506,1.0,,,,,
adult,4,Logistic Regression,aligned,full,9758,1,0.0,1.0,0,0.0,33635.86539004606,0.9150440664070506,0.8210698913711826,0.5288720992984349,0.8504816560770649,0.6572703782006107,stateless,full test set,,0.9150440664070506,1.0,0.9150440664070506,1.0,,,,,
credit,0,XGBoost,app,1,1024,1024,0.0,1.0,0,0.0,598.3916238241899,1.0,0.978515625,0.869047619047619,0.978515625,0.869047619047619,stateful,minority-enriched (95 of 1024 rows are class 1),,,,,,,,,,
credit,0,XGBoost,aligned,1,1024,1024,0.0,1.0,0,0.0,598.3916238241899,1.0,0.978515625,0.869047619047619,0.978515625,0.869047619047619,stateful,minority-enriched (95 of 1024 rows are class 1),,,,,,,,,,
credit,0,Random Forest,app,1,1024,1024,0.0,1.0,0,0.0,598.3916238241899,1.0,0.9765625,0.8554216867469879,0.9765625,0.8554216867469879,stateful,minority-enriched (95 of 1024 rows are class 1),,,,,,,,,,
credit,0,Random Forest,aligned,1,1024,1024,0.0,1.0,0,0.0,598.3916238241899,1.0,0.9765625,0.8554216867469879,0.9765625,0.8554216867469879,stateful,minority-enriched (95 of 1024 rows are class 1),,,,,,,,,,
credit,0,Logistic Regression,app,1,1024,1024,0.0,1.0,0,0.0,598.3916238241899,1.0,0.9765625,0.8554216867469879,0.9765625,0.8554216867469879,stateful,minority-enriched (95 of 1024 rows are class 1),,,,,,,,,,
credit,0,Logistic Regression,aligned,1,1024,1024,0.0,1.0,0,0.0,598.3916238241899,1.0,0.9765625,0.8554216867469879,0.9765625,0.8554216867469879,stateful,minority-enriched (95 of 1024 rows are class 1),,,,,,,,,,
credit,0,XGBoost,app,16,1024,64,0.0,1.0,0,0.0,9788.289993467008,1.0,0.978515625,0.869047619047619,0.978515625,0.869047619047619,stateful,minority-enriched (95 of 1024 rows are class 1),,,,,,,,,,
credit,0,XGBoost,aligned,16,1024,64,0.0,1.0,0,0.0,9788.289993467008,1.0,0.978515625,0.869047619047619,0.978515625,0.869047619047619,stateful,minority-enriched (95 of 1024 rows are class 1),,,,,,,,,,
credit,0,Random Forest,app,16,1024,64,0.0,1.0,0,0.0,9788.289993467008,1.0,0.9765625,0.8554216867469879,0.9765625,0.8554216867469879,stateful,minority-enriched (95 of 1024 rows are class 1),,,,,,,,,,
credit,0,Random Forest,aligned,16,1024,64,0.0,1.0,0,0.0,9788.289993467008,1.0,0.9765625,0.8554216867469879,0.9765625,0.8554216867469879,stateful,minority-enriched (95 of 1024 rows are class 1),,,,,,,,,,
credit,0,Logistic Regression,app,16,1024,64,0.0,1.0,0,0.0,9788.289993467008,1.0,0.9765625,0.8554216867469879,0.9765625,0.8554216867469879,stateful,minority-enriched (95 of 1024 rows are class 1),,,,,,,,,,
credit,0,Logistic Regression,aligned,16,1024,64,0.0,1.0,0,0.0,9788.289993467008,1.0,0.9765625,0.8554216867469879,0.9765625,0.8554216867469879,stateful,minority-enriched (95 of 1024 rows are class 1),,,,,,,,,,
credit,0,XGBoost,app,256,1024,4,0.0,1.0,0,0.0,133934.9944437462,1.0,0.978515625,0.869047619047619,0.978515625,0.869047619047619,stateful,minority-enriched (95 of 1024 rows are class 1),,,,,,,,,,
credit,0,XGBoost,aligned,256,1024,4,0.0,1.0,0,0.0,133934.9944437462,1.0,0.978515625,0.869047619047619,0.978515625,0.869047619047619,stateful,minority-enriched (95 of 1024 rows are class 1),,,,,,,,,,
credit,0,Random Forest,app,256,1024,4,0.0,1.0,0,0.0,133934.9944437462,1.0,0.9765625,0.8554216867469879,0.9765625,0.8554216867469879,stateful,minority-enriched (95 of 1024 rows are class 1),,,,,,,,,,
credit,0,Random Forest,aligned,256,1024,4,0.0,1.0,0,0.0,133934.9944437462,1.0,0.9765625,0.8554216867469879,0.9765625,0.8554216867469879,stateful,minority-enriched (95 of 1024 rows are class 1),,,,,,,,,,
credit,0,Logistic Regression,app,256,1024,4,0.0,1.0,0,0.0,133934.9944437462,1.0,0.9765625,0.8554216867469879,0.9765625,0.8554216867469879,stateful,minority-enriched (95 of 1024 rows are class 1),,,,,,,,,,
credit,0,Logistic Regression,aligned,256,1024,4,0.0,1.0,0,0.0,133934.9944437462,1.0,0.9765625,0.8554216867469879,0.9765625,0.8554216867469879,stateful,minority-enriched (95 of 1024 rows are class 1),,,,,,,,,,
credit,0,XGBoost,app,full,55133,1,0.0,1.0,0,0.0,975805.3097359898,1.0,0.9994739992382058,0.8342857142857143,0.9994739992382058,0.8342857142857143,stateful,full test set,,,,,,,,,,
credit,0,XGBoost,aligned,full,55133,1,0.0,1.0,0,0.0,975805.3097359898,1.0,0.9994739992382058,0.8342857142857143,0.9994739992382058,0.8342857142857143,stateful,full test set,,,,,,,,,,
credit,0,Random Forest,app,full,55133,1,0.0,1.0,0,0.0,975805.3097359898,1.0,0.999492137195509,0.8352941176470587,0.999492137195509,0.8352941176470587,stateful,full test set,,,,,,,,,,
credit,0,Random Forest,aligned,full,55133,1,0.0,1.0,0,0.0,975805.3097359898,1.0,0.999492137195509,0.8352941176470587,0.999492137195509,0.8352941176470587,stateful,full test set,,,,,,,,,,
credit,0,Logistic Regression,app,full,55133,1,0.0,1.0,0,0.0,975805.3097359898,1.0,0.9993288955797798,0.7932960893854749,0.9993288955797798,0.7932960893854749,stateful,full test set,,,,,,,,,,
credit,0,Logistic Regression,aligned,full,55133,1,0.0,1.0,0,0.0,975805.3097359898,1.0,0.9993288955797798,0.7932960893854749,0.9993288955797798,0.7932960893854749,stateful,full test set,,,,,,,,,,
credit,0,XGBoost,app,1,1024,1024,1.0,0.0,0,0.0,30.758267406264192,,,,,,stateless,minority-enriched (95 of 1024 rows are class 1),"ValueError: feature_names mismatch: ['V1', 'V2', 'V3', 'V4', 'V5', 'V6', 'V7', 'V8', 'V9', 'V10', 'V11', 'V12', 'V13', 'V14', 'V15', 'V16', 'V17', 'V18', 'V19', 'V20', 'V21",,0.0,,0.0,,,,,
credit,0,XGBoost,aligned,1,1024,1024,0.0,1.0,0,0.0,30.758267406264192,0.9287109375,0.9072265625,0.0,0.978515625,0.869047619047619,stateless,minority-enriched (95 of 1024 rows are class 1),,0.9287109375,1.0,0.9287109375,1.0,,,,,
credit,0,Random Forest,app,1,1024,1024,1.0,0.0,0,0.0,30.758267406264192,,,,,,stateless,minority-enriched (95 of 1024 rows are class 1),ValueError: at least one array or dtype is required,,0.0,,0.0,,,,,
credit,0,Random Forest,aligned,1,1024,1024,0.0,1.0,0,0.0,30.758267406264192,0.9306640625,0.9072265625,0.0,0.9765625,0.8554216867469879,stateless,minority-enriched (95 of 1024 rows are class 1),,0.9306640625,1.0,0.9306640625,1.0,,,,,
credit,0,Logistic Regression,app,1,1024,1024,1.0,0.0,0,0.0,30.758267406264192,,,,,,stateless,minority-enriched (95 of 1024 rows are class 1),ValueError: at least one array or dtype is required,,0.0,,0.0,,,,,
credit,0,Logistic Regression,aligned,1,1024,1024,0.0,1.0,0,0.0,30.758267406264192,0.9306640625,0.9072265625,0.0,0.9765625,0.8554216867469879,stateless,minority-enriched (95 of 1024 rows are class 1),,0.9306640625,1.0,0.9306640625,1.0,,,,,
credit,0,XGBoost,app,16,1024,64,0.015625,0.984375,0,0.0,365.3521434501774,0.9404761904761905,0.9186507936507936,0.17999999999999997,0.9781746031746031,0.8624999999999999,stateless,minority-enriched (95 of 1024 rows are class 1),"ValueError: feature_names mismatch: ['V1', 'V2', 'V3', 'V4', 'V5', 'V6', 'V7', 'V8', 'V9', 'V10', 'V11', 'V12', 'V13', 'V14', 'V15', 'V16', 'V17', 'V18', 'V19', 'V20', 'V21",0.9404761904761905,0.984375,0.9404761904761905,0.984375,,,,,
credit,0,XGBoost,aligned,16,1024,64,0.0,1.0,0,0.0,365.3521434501774,0.9375,0.916015625,0.17307692307692307,0.978515625,0.869047619047619,stateless,minority-enriched (95 of 1024 rows are class 1),,0.9375,1.0,0.9375,1.0,,,,,
credit,0,Random Forest,app,16,1024,64,0.015625,0.984375,0,0.0,365.3521434501774,0.9345238095238095,0.9107142857142857,0.02173913043478261,0.9761904761904762,0.8481012658227849,stateless,minority-enriched (95 of 1024 rows are class 1),ValueError: The feature names should match those that were passed during fit.,0.9345238095238095,0.984375,0.9345238095238095,0.984375,,,,,
credit,0,Random Forest,aligned,16,1024,64,0.0,1.0,0,0.0,365.3521434501774,0.931640625,0.908203125,0.020833333333333332,0.9765625,0.8554216867469879,stateless,minority-enriched (95 of 1024 rows are class 1),,0.931640625,1.0,0.931640625,1.0,,,,,
credit,0,Logistic Regression,app,16,1024,64,0.015625,0.984375,0,0.0,365.3521434501774,0.9603174603174603,0.9384920634920635,0.4833333333333333,0.9761904761904762,0.8481012658227849,stateless,minority-enriched (95 of 1024 rows are class 1),ValueError: The feature names should match those that were passed during fit.,0.9603174603174603,0.984375,0.9603174603174603,0.984375,,,,,
credit,0,Logistic Regression,aligned,16,1024,64,0.0,1.0,0,0.0,365.3521434501774,0.95703125,0.935546875,0.46774193548387094,0.9765625,0.8554216867469879,stateless,minority-enriched (95 of 1024 rows are class 1),,0.95703125,1.0,0.95703125,1.0,,,,,
credit,0,XGBoost,app,256,1024,4,0.0,1.0,0,0.0,5548.376260098991,0.9404296875,0.9189453125,0.22429906542056077,0.978515625,0.869047619047619,stateless,minority-enriched (95 of 1024 rows are class 1),,0.9404296875,1.0,0.9404296875,1.0,,,,,
credit,0,XGBoost,aligned,256,1024,4,0.0,1.0,0,0.0,5548.376260098991,0.9404296875,0.9189453125,0.22429906542056077,0.978515625,0.869047619047619,stateless,minority-enriched (95 of 1024 rows are class 1),,0.9404296875,1.0,0.9404296875,1.0,,,,,
credit,0,Random Forest,app,256,1024,4,0.0,1.0,0,0.0,5548.376260098991,0.9306640625,0.9072265625,0.0,0.9765625,0.8554216867469879,stateless,minority-enriched (95 of 1024 rows are class 1),,0.9306640625,1.0,0.9306640625,1.0,,,,,
credit,0,Random Forest,aligned,256,1024,4,0.0,1.0,0,0.0,5548.376260098991,0.9306640625,0.9072265625,0.0,0.9765625,0.8554216867469879,stateless,minority-enriched (95 of 1024 rows are class 1),,0.9306640625,1.0,0.9306640625,1.0,,,,,
credit,0,Logistic Regression,app,256,1024,4,0.0,1.0,0,0.0,5548.376260098991,0.97265625,0.94921875,0.6231884057971014,0.9765625,0.8554216867469879,stateless,minority-enriched (95 of 1024 rows are class 1),,0.97265625,1.0,0.97265625,1.0,,,,,
credit,0,Logistic Regression,aligned,256,1024,4,0.0,1.0,0,0.0,5548.376260098991,0.97265625,0.94921875,0.6231884057971014,0.9765625,0.8554216867469879,stateless,minority-enriched (95 of 1024 rows are class 1),,0.97265625,1.0,0.97265625,1.0,,,,,
credit,0,XGBoost,app,full,55133,1,0.0,1.0,0,0.0,44397.70935424761,0.9999637240853935,0.9994739992382058,0.8361581920903954,0.9994739992382058,0.8342857142857143,stateless,full test set,,0.9999637240853935,1.0,0.9999637240853935,1.0,,,,,
credit,0,XGBoost,aligned,full,55133,1,0.0,1.0,0,0.0,44397.70935424761,0.9999637240853935,0.9994739992382058,0.8361581920903954,0.9994739992382058,0.8342857142857143,stateless,full test set,,0.9999637240853935,1.0,0.9999637240853935,1.0,,,,,
credit,0,Random Forest,app,full,55133,1,0.0,1.0,0,0.0,44397.70935424761,0.999782344512361,0.99927448170787,0.7499999999999999,0.999492137195509,0.8352941176470587,stateless,full test set,,0.999782344512361,1.0,0.999782344512361,1.0,,,,,
credit,0,Random Forest,aligned,full,55133,1,0.0,1.0,0,0.0,44397.70935424761,0.999782344512361,0.99927448170787,0.7499999999999999,0.999492137195509,0.8352941176470587,stateless,full test set,,0.999782344512361,1.0,0.999782344512361,1.0,,,,,
credit,0,Logistic Regression,app,full,55133,1,0.0,1.0,0,0.0,44397.70935424761,1.0,0.9993288955797798,0.7932960893854749,0.9993288955797798,0.7932960893854749,stateless,full test set,,1.0,1.0,1.0,1.0,,,,,
credit,0,Logistic Regression,aligned,full,55133,1,0.0,1.0,0,0.0,44397.70935424761,1.0,0.9993288955797798,0.7932960893854749,0.9993288955797798,0.7932960893854749,stateless,full test set,,1.0,1.0,1.0,1.0,,,,,
credit,1,XGBoost,app,1,1024,1024,0.0,1.0,0,0.0,464.90521767601075,1.0,0.9775390625,0.8622754491017963,0.9775390625,0.8622754491017963,stateful,minority-enriched (95 of 1024 rows are class 1),,,,,,,,,,
credit,1,XGBoost,aligned,1,1024,1024,0.0,1.0,0,0.0,464.90521767601075,1.0,0.9775390625,0.8622754491017963,0.9775390625,0.8622754491017963,stateful,minority-enriched (95 of 1024 rows are class 1),,,,,,,,,,
credit,1,Random Forest,app,1,1024,1024,0.0,1.0,0,0.0,464.90521767601075,1.0,0.9765625,0.8571428571428571,0.9765625,0.8571428571428571,stateful,minority-enriched (95 of 1024 rows are class 1),,,,,,,,,,
credit,1,Random Forest,aligned,1,1024,1024,0.0,1.0,0,0.0,464.90521767601075,1.0,0.9765625,0.8571428571428571,0.9765625,0.8571428571428571,stateful,minority-enriched (95 of 1024 rows are class 1),,,,,,,,,,
credit,1,Logistic Regression,app,1,1024,1024,0.0,1.0,0,0.0,464.90521767601075,1.0,0.9736328125,0.8363636363636364,0.9736328125,0.8363636363636364,stateful,minority-enriched (95 of 1024 rows are class 1),,,,,,,,,,
credit,1,Logistic Regression,aligned,1,1024,1024,0.0,1.0,0,0.0,464.90521767601075,1.0,0.9736328125,0.8363636363636364,0.9736328125,0.8363636363636364,stateful,minority-enriched (95 of 1024 rows are class 1),,,,,,,,,,
credit,1,XGBoost,app,16,1024,64,0.0,1.0,0,0.0,6513.7711555258165,1.0,0.9775390625,0.8622754491017963,0.9775390625,0.8622754491017963,stateful,minority-enriched (95 of 1024 rows are class 1),,,,,,,,,,
credit,1,XGBoost,aligned,16,1024,64,0.0,1.0,0,0.0,6513.7711555258165,1.0,0.9775390625,0.8622754491017963,0.9775390625,0.8622754491017963,stateful,minority-enriched (95 of 1024 rows are class 1),,,,,,,,,,
credit,1,Random Forest,app,16,1024,64,0.0,1.0,0,0.0,6513.7711555258165,1.0,0.9765625,0.8571428571428571,0.9765625,0.8571428571428571,stateful,minority-enriched (95 of 1024 rows are class 1),,,,,,,,,,
credit,1,Random Forest,aligned,16,1024,64,0.0,1.0,0,0.0,6513.7711555258165,1.0,0.9765625,0.8571428571428571,0.9765625,0.8571428571428571,stateful,minority-enriched (95 of 1024 rows are class 1),,,,,,,,,,
credit,1,Logistic Regression,app,16,1024,64,0.0,1.0,0,0.0,6513.7711555258165,1.0,0.9736328125,0.8363636363636364,0.9736328125,0.8363636363636364,stateful,minority-enriched (95 of 1024 rows are class 1),,,,,,,,,,
credit,1,Logistic Regression,aligned,16,1024,64,0.0,1.0,0,0.0,6513.7711555258165,1.0,0.9736328125,0.8363636363636364,0.9736328125,0.8363636363636364,stateful,minority-enriched (95 of 1024 rows are class 1),,,,,,,,,,
credit,1,XGBoost,app,256,1024,4,0.0,1.0,0,0.0,91966.4107052537,1.0,0.9775390625,0.8622754491017963,0.9775390625,0.8622754491017963,stateful,minority-enriched (95 of 1024 rows are class 1),,,,,,,,,,
credit,1,XGBoost,aligned,256,1024,4,0.0,1.0,0,0.0,91966.4107052537,1.0,0.9775390625,0.8622754491017963,0.9775390625,0.8622754491017963,stateful,minority-enriched (95 of 1024 rows are class 1),,,,,,,,,,
credit,1,Random Forest,app,256,1024,4,0.0,1.0,0,0.0,91966.4107052537,1.0,0.9765625,0.8571428571428571,0.9765625,0.8571428571428571,stateful,minority-enriched (95 of 1024 rows are class 1),,,,,,,,,,
credit,1,Random Forest,aligned,256,1024,4,0.0,1.0,0,0.0,91966.4107052537,1.0,0.9765625,0.8571428571428571,0.9765625,0.8571428571428571,stateful,minority-enriched (95 of 1024 rows are class 1),,,,,,,,,,
credit,1,Logistic Regression,app,256,1024,4,0.0,1.0,0,0.0,91966.4107052537,1.0,0.9736328125,0.8363636363636364,0.9736328125,0.8363636363636364,stateful,minority-enriched (95 of 1024 rows are class 1),,,,,,,,,,
credit,1,Logistic Regression,aligned,256,1024,4,0.0,1.0,0,0.0,91966.4107052537,1.0,0.9736328125,0.8363636363636364,0.9736328125,0.8363636363636364,stateful,minority-enriched (95 of 1024 rows are class 1),,,,,,,,,,
credit,1,XGBoost,app,full,55133,1,0.0,1.0,0,0.0,612388.8418684286,1.0,0.9995828269820253,0.8622754491017963,0.9995828269820253,0.8622754491017963,stateful,full test set,,,,,,,,,,
credit,1,XGBoost,aligned,full,55133,1,0.0,1.0,0,0.0,612388.8418684286,1.0,0.9995828269820253,0.8622754491017963,0.9995828269820253,0.8622754491017963,stateful,full test set,,,,,,,,,,
credit,1,Random Forest,app,full,55133,1,0.0,1.0,0,0.0,612388.8418684286,1.0,0.9995465510674187,0.8520710059171599,0.9995465510674187,0.8520710059171599,stateful,full test set,,,,,,,,,,
credit,1,Random Forest,aligned,full,55133,1,0.0,1.0,0,0.0,612388.8418684286,1.0,0.9995465510674187,0.8520710059171599,0.9995465510674187,0.8520710059171599,stateful,full test set,,,,,,,,,,
credit,1,Logistic Regression,app,full,55133,1,0.0,1.0,0,0.0,612388.8418684286,1.0,0.9993288955797798,0.7885714285714286,0.9993288955797798,0.7885714285714286,stateful,full test set,,,,,,,,,,
credit,1,Logistic Regression,aligned,full,55133,1,0.0,1.0,0,0.0,612388.8418684286,1.0,0.9993288955797798,0.7885714285714286,0.9993288955797798,0.7885714285714286,stateful,full test set,,,,,,,,,,
credit,1,XGBoost,app,1,1024,1024,1.0,0.0,0,0.0,19.933393267181778,,,,,,stateless,minority-enriched (95 of 1024 rows are class 1),"ValueError: feature_names mismatch: ['V1', 'V2', 'V3', 'V4', 'V5', 'V6', 'V7', 'V8', 'V9', 'V10', 'V11', 'V12', 'V13', 'V14', 'V15', 'V16', 'V17', 'V18', 'V19', 'V20', 'V21",,0.0,,0.0,,,,,
credit,1,XGBoost,aligned,1,1024,1024,0.0,1.0,0,0.0,19.933393267181778,0.9296875,0.9072265625,0.0,0.9775390625,0.8622754491017963,stateless,minority-enriched (95 of 1024 rows are class 1),,0.9296875,1.0,0.9296875,1.0,,,,,
credit,1,Random Forest,app,1,1024,1024,1.0,0.0,0,0.0,19.933393267181778,,,,,,stateless,minority-enriched (95 of 1024 rows are class 1),ValueError: at least one array or dtype is required,,0.0,,0.0,,,,,
credit,1,Random Forest,aligned,1,1024,1024,0.0,1.0,0,0.0,19.933393267181778,0.9287109375,0.9072265625,0.0,0.9765625,0.8571428571428571,stateless,minority-enriched (95 of 1024 rows are class 1),,0.9287109375,1.0,0.9287109375,1.0,,,,,
credit,1,Logistic Regression,app,1,1024,1024,1.0,0.0,0,0.0,19.933393267181778,,,,,,stateless,minority-enriched (95 of 1024 rows are class 1),ValueError: at least one array or dtype is required,,0.0,,0.0,,,,,
credit,1,Logistic Regression,aligned,1,1024,1024,0.0,1.0,0,0.0,19.933393267181778,0.931640625,0.9072265625,0.0,0.9736328125,0.8363636363636364,stateless,minority-enriched (95 of 1024 rows are class 1),,0.931640625,1.0,0.931640625,1.0,,,,,
credit,1,XGBoost,app,16,1024,64,0.03125,0.96875,0,0.0,177.12820314473615,0.938508064516129,0.9153225806451613,0.17647058823529413,0.9768145161290323,0.8588957055214724,stateless,minority-enriched (95 of 1024 rows are class 1),"ValueError: feature_names mismatch: ['V1', 'V2', 'V3', 'V4', 'V5', 'V6', 'V7', 'V8', 'V9', 'V10', 'V11', 'V12', 'V13', 'V14', 'V15', 'V16', 'V17', 'V18', 'V19', 'V20', 'V21",0.938508064516129,0.96875,0.938508064516129,0.96875,,,,,
credit,1,XGBoost,aligned,16,1024,64,0.0,1.0,0,0.0,177.12820314473615,0.9384765625,0.916015625,0.17307692307692307,0.9775390625,0.8622754491017963,stateless,minority-enriched (95 of 1024 rows are class 1),,0.9384765625,1.0,0.9384765625,1.0,,,,,
credit,1,Random Forest,app,16,1024,64,0.03125,0.96875,0,0.0,177.12820314473615,0.9284274193548387,0.90625,0.0,0.9758064516129032,0.8536585365853658,stateless,minority-enriched (95 of 1024 rows are class 1),ValueError: The feature names should match those that were passed during fit.,0.9284274193548387,0.96875,0.9284274193548387,0.96875,,,,,
credit,1,Random Forest,aligned,16,1024,64,0.0,1.0,0,0.0,177.12820314473615,0.9287109375,0.9072265625,0.0,0.9765625,0.8571428571428571,stateless,minority-enriched (95 of 1024 rows are class 1),,0.9287109375,1.0,0.9287109375,1.0,,,,,
credit,1,Logistic Regression,app,16,1024,64,0.03125,0.96875,0,0.0,177.12820314473615,0.9606854838709677,0.9354838709677419,0.4754098360655738,0.9727822580645161,0.8322981366459629,stateless,minority-enriched (95 of 1024 rows are class 1),ValueError: The feature names should match those that were passed during fit.,0.9606854838709677,0.96875,0.9606854838709677,0.96875,,,,,
credit,1,Logistic Regression,aligned,16,1024,64,0.0,1.0,0,0.0,177.12820314473615,0.9609375,0.9365234375,0.4799999999999999,0.9736328125,0.8363636363636364,stateless,minority-enriched (95 of 1024 rows are class 1),,0.9609375,1.0,0.9609375,1.0,,,,,
credit,1,XGBoost,app,256,1024,4,0.0,1.0,0,0.0,3104.215548967012,0.9462890625,0.923828125,0.30357142857142855,0.9775390625,0.8622754491017963,stateless,minority-enriched (95 of 1024 rows are class 1),,0.9462890625,1.0,0.9462890625,1.0,,,,,
credit,1,XGBoost,aligned,256,1024,4,0.0,1.0,0,0.0,3104.215548967012,0.9462890625,0.923828125,0.30357142857142855,0.9775390625,0.8622754491017963,stateless,minority-enriched (95 of 1024 rows are class 1),,0.9462890625,1.0,0.9462890625,1.0,,,,,
credit,1,Random Forest,app,256,1024,4,0.0,1.0,0,0.0,3104.215548967012,0.9287109375,0.9072265625,0.0,0.9765625,0.8571428571428571,stateless,minority-enriched (95 of 1024 rows are class 1),,0.9287109375,1.0,0.9287109375,1.0,,,,,
credit,1,Random Forest,aligned,256,1024,4,0.0,1.0,0,0.0,3104.215548967012,0.9287109375,0.9072265625,0.0,0.9765625,0.8571428571428571,stateless,minority-enriched (95 of 1024 rows are class 1),,0.9287109375,1.0,0.9287109375,1.0,,,,,
credit,1,Logistic Regression,app,256,1024,4,0.0,1.0,0,0.0,3104.215548967012,0.982421875,0.9580078125,0.707482993197279,0.9736328125,0.8363636363636364,stateless,minority-enriched (95 of 1024 rows are class 1),,0.982421875,1.0,0.982421875,1.0,,,,,
credit,1,Logistic Regression,aligned,256,1024,4,0.0,1.0,0,0.0,3104.215548967012,0.982421875,0.9580078125,0.707482993197279,0.9736328125,0.8363636363636364,stateless,minority-enriched (95 of 1024 rows are class 1),,0.982421875,1.0,0.982421875,1.0,,,,,
credit,1,XGBoost,app,full,55133,1,0.0,1.0,0,0.0,32104.040079129314,1.0,0.9995828269820253,0.8622754491017963,0.9995828269820253,0.8622754491017963,stateless,full test set,,1.0,1.0,1.0,1.0,,,,,
credit,1,XGBoost,aligned,full,55133,1,0.0,1.0,0,0.0,32104.040079129314,1.0,0.9995828269820253,0.8622754491017963,0.9995828269820253,0.8622754491017963,stateless,full test set,,1.0,1.0,1.0,1.0,,,,,
credit,1,Random Forest,app,full,55133,1,0.0,1.0,0,0.0,32104.040079129314,0.999927448170787,0.9994739992382058,0.8242424242424242,0.9995465510674187,0.8520710059171599,stateless,full test set,,0.999927448170787,1.0,0.999927448170787,1.0,,,,,
credit,1,Random Forest,aligned,full,55133,1,0.0,1.0,0,0.0,32104.040079129314,0.999927448170787,0.9994739992382058,0.8242424242424242,0.9995465510674187,0.8520710059171599,stateless,full test set,,0.999927448170787,1.0,0.999927448170787,1.0,,,,,
credit,1,Logistic Regression,app,full,55133,1,0.0,1.0,0,0.0,32104.040079129314,0.9999818620426968,0.9993470335370831,0.7931034482758621,0.9993288955797798,0.7885714285714286,stateless,full test set,,0.9999818620426968,1.0,0.9999818620426968,1.0,,,,,
credit,1,Logistic Regression,aligned,full,55133,1,0.0,1.0,0,0.0,32104.040079129314,0.9999818620426968,0.9993470335370831,0.7931034482758621,0.9993288955797798,0.7885714285714286,stateless,full test set,,0.9999818620426968,1.0,0.9999818620426968,1.0,,,,,
credit,2,XGBoost,app,1,1024,1024,0.0,1.0,0,0.0,445.9214817699562,1.0,0.9833984375,0.9017341040462429,0.9833984375,0.9017341040462429,stateful,minority-enriched (95 of 1024 rows are class 1),,,,,,,,,,
credit,2,XGBoost,aligned,1,1024,1024,0.0,1.0,0,0.0,445.9214817699562,1.0,0.9833984375,0.9017341040462429,0.9833984375,0.9017341040462429,stateful,minority-enriched (95 of 1024 rows are class 1),,,,,,,,,,
credit,2,Random Forest,app,1,1024,1024,0.0,1.0,0,0.0,445.9214817699562,1.0,0.9775390625,0.8622754491017963,0.9775390625,0.8622754491017963,stateful,minority-enriched (95 of 1024 rows are class 1),,,,,,,,,,
credit,2,Random Forest,aligned,1,1024,1024,0.0,1.0,0,0.0,445.9214817699562,1.0,0.9775390625,0.8622754491017963,0.9775390625,0.8622754491017963,stateful,minority-enriched (95 of 1024 rows are class 1),,,,,,,,,,
credit,2,Logistic Regression,app,1,1024,1024,0.0,1.0,0,0.0,445.9214817699562,1.0,0.9775390625,0.8622754491017963,0.9775390625,0.8622754491017963,stateful,minority-enriched (95 of 1024 rows are class 1),,,,,,,,,,
credit,2,Logistic Regression,aligned,1,1024,1024,0.0,1.0,0,0.0,445.9214817699562,1.0,0.9775390625,0.8622754491017963,0.9775390625,0.8622754491017963,stateful,minority-enriched (95 of 1024 rows are class 1),,,,,,,,,,
credit,2,XGBoost,app,16,1024,64,0.0,1.0,0,0.0,6991.297736732335,1.0,0.9833984375,0.9017341040462429,0.9833984375,0.9017341040462429,stateful,minority-enriched (95 of 1024 rows are class 1),,,,,,,,,,
credit,2,XGBoost,aligned,16,1024,64,0.0,1.0,0,0.0,6991.297736732335,1.0,0.9833984375,0.9017341040462429,0.9833984375,0.9017341040462429,stateful,minority-enriched (95 of 1024 rows are class 1),,,,,,,,,,
credit,2,Random Forest,app,16,1024,64,0.0,1.0,0,0.0,6991.297736732335,1.0,0.9775390625,0.8622754491017963,0.9775390625,0.8622754491017963,stateful,minority-enriched (95 of 1024 rows are class 1),,,,,,,,,,
credit,2,Random Forest,aligned,16,1024,64,0.0,1.0,0,0.0,6991.297736732335,1.0,0.9775390625,0.8622754491017963,0.9775390625,0.8622754491017963,stateful,minority-enriched (95 of 1024 rows are class 1),,,,,,,,,,
credit,2,Logistic Regression,app,16,1024,64,0.0,1.0,0,0.0,6991.297736732335,1.0,0.9775390625,0.8622754491017963,0.9775390625,0.8622754491017963,stateful,minority-enriched (95 of 1024 rows are class 1),,,,,,,,,,
credit,2,Logistic Regression,aligned,16,1024,64,0.0,1.0,0,0.0,6991.297736732335,1.0,0.9775390625,0.8622754491017963,0.9775390625,0.8622754491017963,stateful,minority-enriched (95 of 1024 rows are class 1),,,,,,,,,,
credit,2,XGBoost,app,256,1024,4,0.0,1.0,0,0.0,105279.39174299326,1.0,0.9833984375,0.9017341040462429,0.9833984375,0.9017341040462429,stateful,minority-enriched (95 of 1024 rows are class 1),,,,,,,,,,
credit,2,XGBoost,aligned,256,1024,4,0.0,1.0,0,0.0,105279.39174299326,1.0,0.9833984375,0.9017341040462429,0.9833984375,0.9017341040462429,stateful,minority-enriched (95 of 1024 rows are class 1),,,,,,,,,,
credit,2,Random Forest,app,256,1024,4,0.0,1.0,0,0.0,105279.39174299326,1.0,0.9775390625,0.8622754491017963,0.9775390625,0.8622754491017963,stateful,minority-enriched (95 of 1024 rows are class 1),,,,,,,,,,
credit,2,Random Forest,aligned,256,1024,4,0.0,1.0,0,0.0,105279.39174299326,1.0,0.9775390625,0.8622754491017963,0.9775390625,0.8622754491017963,stateful,minority-enriched (95 of 1024 rows are class 1),,,,,,,,,,
credit,2,Logistic Regression,app,256,1024,4,0.0,1.0,0,0.0,105279.39174299326,1.0,0.9775390625,0.8622754491017963,0.9775390625,0.8622754491017963,stateful,minority-enriched (95 of 1024 rows are class 1),,,,,,,,,,
credit,2,Logistic Regression,aligned,256,1024,4,0.0,1.0,0,0.0,105279.39174299326,1.0,0.9775390625,0.8622754491017963,0.9775390625,0.8622754491017963,stateful,minority-enriched (95 of 1024 rows are class 1),,,,,,,,,,
credit,2,XGBoost,app,full,55133,1,0.0,1.0,0,0.0,739180.0419816313,1.0,0.9996191028966318,0.8813559322033899,0.9996191028966318,0.8813559322033899,stateful,full test set,,,,,,,,,,
credit,2,XGBoost,aligned,full,55133,1,0.0,1.0,0,0.0,739180.0419816313,1.0,0.9996191028966318,0.8813559322033899,0.9996191028966318,0.8813559322033899,stateful,full test set,,,,,,,,,,
credit,2,Random Forest,app,full,55133,1,0.0,1.0,0,0.0,739180.0419816313,1.0,0.9995102751528123,0.8421052631578948,0.9995102751528123,0.8421052631578948,stateful,full test set,,,,,,,,,,
credit,2,Random Forest,aligned,full,55133,1,0.0,1.0,0,0.0,739180.0419816313,1.0,0.9995102751528123,0.8421052631578948,0.9995102751528123,0.8421052631578948,stateful,full test set,,,,,,,,,,
credit,2,Logistic Regression,app,full,55133,1,0.0,1.0,0,0.0,739180.0419816313,1.0,0.9993651714943863,0.8044692737430167,0.9993651714943863,0.8044692737430167,stateful,full test set,,,,,,,,,,
credit,2,Logistic Regression,aligned,full,55133,1,0.0,1.0,0,0.0,739180.0419816313,1.0,0.9993651714943863,0.8044692737430167,0.9993651714943863,0.8044692737430167,stateful,full test set,,,,,,,,,,
credit,2,XGBoost,app,1,1024,1024,1.0,0.0,0,0.0,23.565213019523544,,,,,,stateless,minority-enriched (95 of 1024 rows are class 1),"ValueError: feature_names mismatch: ['V1', 'V2', 'V3', 'V4', 'V5', 'V6', 'V7', 'V8', 'V9', 'V10', 'V11', 'V12', 'V13', 'V14', 'V15', 'V16', 'V17', 'V18', 'V19', 'V20', 'V21",,0.0,,0.0,,,,,
credit,2,XGBoost,aligned,1,1024,1024,0.0,1.0,0,0.0,23.565213019523544,0.923828125,0.9072265625,0.0,0.9833984375,0.9017341040462429,stateless,minority-enriched (95 of 1024 rows are class 1),,0.923828125,1.0,0.923828125,1.0,,,,,
credit,2,Random Forest,app,1,1024,1024,1.0,0.0,0,0.0,23.565213019523544,,,,,,stateless,minority-enriched (95 of 1024 rows are class 1),ValueError: at least one array or dtype is required,,0.0,,0.0,,,,,
credit,2,Random Forest,aligned,1,1024,1024,0.0,1.0,0,0.0,23.565213019523544,0.9296875,0.9072265625,0.0,0.9775390625,0.8622754491017963,stateless,minority-enriched (95 of 1024 rows are class 1),,0.9296875,1.0,0.9296875,1.0,,,,,
credit,2,Logistic Regression,app,1,1024,1024,1.0,0.0,0,0.0,23.565213019523544,,,,,,stateless,minority-enriched (95 of 1024 rows are class 1),ValueError: at least one array or dtype is required,,0.0,,0.0,,,,,
credit,2,Logistic Regression,aligned,1,1024,1024,0.0,1.0,0,0.0,23.565213019523544,0.9296875,0.9072265625,0.0,0.9775390625,0.8622754491017963,stateless,minority-enriched (95 of 1024 rows are class 1),,0.9296875,1.0,0.9296875,1.0,,,,,
credit,2,XGBoost,app,16,1024,64,0.015625,0.984375,0,0.0,232.3013798227803,0.9325396825396826,0.9166666666666666,0.14285714285714288,0.9841269841269841,0.9036144578313253,stateless,minority-enriched (95 of 1024 rows are class 1),"ValueError: feature_names mismatch: ['V1', 'V2', 'V3', 'V4', 'V5', 'V6', 'V7', 'V8', 'V9', 'V10', 'V11', 'V12', 'V13', 'V14', 'V15', 'V16', 'V17', 'V18', 'V19', 'V20', 'V21",0.9325396825396826,0.984375,0.9325396825396826,0.984375,,,,,
credit,2,XGBoost,aligned,16,1024,64,0.0,1.0,0,0.0,232.3013798227803,0.9306640625,0.9140625,0.1372549019607843,0.9833984375,0.9017341040462429,stateless,minority-enriched (95 of 1024 rows are class 1),,0.9306640625,1.0,0.9306640625,1.0,,,,,
credit,2,Random Forest,app,16,1024,64,0.015625,0.984375,0,0.0,232.3013798227803,0.9325396825396826,0.9107142857142857,0.02173913043478261,0.9781746031746031,0.8624999999999999,stateless,minority-enriched (95 of 1024 rows are class 1),ValueError: The feature names should match those that were passed during fit.,0.9325396825396826,0.984375,0.9325396825396826,0.984375,,,,,
credit,2,Random Forest,aligned,16,1024,64,0.0,1.0,0,0.0,232.3013798227803,0.9306640625,0.908203125,0.020833333333333332,0.9775390625,0.8622754491017963,stateless,minority-enriched (95 of 1024 rows are class 1),,0.9306640625,1.0,0.9306640625,1.0,,,,,
credit,2,Logistic Regression,app,16,1024,64,0.015625,0.984375,0,0.0,232.3013798227803,0.9642857142857143,0.941468253968254,0.5203252032520326,0.9771825396825397,0.8553459119496856,stateless,minority-enriched (95 of 1024 rows are class 1),ValueError: The feature names should match those that were passed during fit.,0.9642857142857143,0.984375,0.9642857142857143,0.984375,,,,,
credit,2,Logistic Regression,aligned,16,1024,64,0.0,1.0,0,0.0,232.3013798227803,0.9609375,0.9384765625,0.5039370078740157,0.9775390625,0.8622754491017963,stateless,minority-enriched (95 of 1024 rows are class 1),,0.9609375,1.0,0.9609375,1.0,,,,,
credit,2,XGBoost,app,256,1024,4,0.0,1.0,0,0.0,3900.5704960406097,0.923828125,0.9072265625,0.0,0.9833984375,0.9017341040462429,stateless,minority-enriched (95 of 1024 rows are class 1),,0.923828125,1.0,0.923828125,1.0,,,,,
credit,2,XGBoost,aligned,256,1024,4,0.0,1.0,0,0.0,3900.5704960406097,0.923828125,0.9072265625,0.0,0.9833984375,0.9017341040462429,stateless,minority-enriched (95 of 1024 rows are class 1),,0.923828125,1.0,0.923828125,1.0,,,,,
credit,2,Random Forest,app,256,1024,4,0.0,1.0,0,0.0,3900.5704960406097,0.9296875,0.9072265625,0.0,0.9775390625,0.8622754491017963,stateless,minority-enriched (95 of 1024 rows are class 1),,0.9296875,1.0,0.9296875,1.0,,,,,
credit,2,Random Forest,aligned,256,1024,4,0.0,1.0,0,0.0,3900.5704960406097,0.9296875,0.9072265625,0.0,0.9775390625,0.8622754491017963,stateless,minority-enriched (95 of 1024 rows are class 1),,0.9296875,1.0,0.9296875,1.0,,,,,
credit,2,Logistic Regression,app,256,1024,4,0.0,1.0,0,0.0,3900.5704960406097,0.97265625,0.9501953125,0.6330935251798561,0.9775390625,0.8622754491017963,stateless,minority-enriched (95 of 1024 rows are class 1),,0.97265625,1.0,0.97265625,1.0,,,,,
credit,2,Logistic Regression,aligned,256,1024,4,0.0,1.0,0,0.0,3900.5704960406097,0.97265625,0.9501953125,0.6330935251798561,0.9775390625,0.8622754491017963,stateless,minority-enriched (95 of 1024 rows are class 1),,0.97265625,1.0,0.97265625,1.0,,,,,
credit,2,XGBoost,app,full,55133,1,0.0,1.0,0,0.0,32951.5374581297,0.9999818620426968,0.9996009649393285,0.8749999999999999,0.9996191028966318,0.8813559322033899,stateless,full test set,,0.9999818620426968,1.0,0.9999818620426968,1.0,,,,,
credit,2,XGBoost,aligned,full,55133,1,0.0,1.0,0,0.0,32951.5374581297,0.9999818620426968,0.9996009649393285,0.8749999999999999,0.9996191028966318,0.8813559322033899,stateless,full test set,,0.9999818620426968,1.0,0.9999818620426968,1.0,,,,,
credit,2,Random Forest,app,full,55133,1,0.0,1.0,0,0.0,32951.5374581297,0.9999455861280903,0.9994558612809026,0.8214285714285715,0.9995102751528123,0.8421052631578948,stateless,full test set,,0.9999455861280903,1.0,0.9999455861280903,1.0,,,,,
credit,2,Random Forest,aligned,full,55133,1,0.0,1.0,0,0.0,32951.5374581297,0.9999455861280903,0.9994558612809026,0.8214285714285715,0.9995102751528123,0.8421052631578948,stateless,full test set,,0.9999455861280903,1.0,0.9999455861280903,1.0,,,,,
credit,2,Logistic Regression,app,full,55133,1,0.0,1.0,0,0.0,32951.5374581297,1.0,0.9993651714943863,0.8044692737430167,0.9993651714943863,0.8044692737430167,stateless,full test set,,1.0,1.0,1.0,1.0,,,,,
credit,2,Logistic Regression,aligned,full,55133,1,0.0,1.0,0,0.0,32951.5374581297,1.0,0.9993651714943863,0.8044692737430167,0.9993651714943863,0.8044692737430167,stateless,full test set,,1.0,1.0,1.0,1.0,,,,,
credit,3,XGBoost,app,1,1024,1024,0.0,1.0,0,0.0,350.4382688249525,1.0,0.9775390625,0.8622754491017963,0.9775390625,0.8622754491017963,stateful,minority-enriched (95 of 1024 rows are class 1),,,,,,,,,,
credit,3,XGBoost,aligned,1,1024,1024,0.0,1.0,0,0.0,350.4382688249525,1.0,0.9775390625,0.8622754491017963,0.9775390625,0.8622754491017963,stateful,minority-enriched (95 of 1024 rows are class 1),,,,,,,,,,
credit,3,Random Forest,app,1,1024,1024,0.0,1.0,0,0.0,350.4382688249525,1.0,0.9755859375,0.8484848484848484,0.9755859375,0.8484848484848484,stateful,minority-enriched (95 of 1024 rows are class 1),,,,,,,,,,
credit,3,Random Forest,aligned,1,1024,1024,0.0,1.0,0,0.0,350.4382688249525,1.0,0.9755859375,0.8484848484848484,0.9755859375,0.8484848484848484,stateful,minority-enriched (95 of 1024 rows are class 1),,,,,,,,,,
credit,3,Logistic Regression,app,1,1024,1024,0.0,1.0,0,0.0,350.4382688249525,1.0,0.978515625,0.869047619047619,0.978515625,0.869047619047619,stateful,minority-enriched (95 of 1024 rows are class 1),,,,,,,,,,
credit,3,Logistic Regression,aligned,1,1024,1024,0.0,1.0,0,0.0,350.4382688249525,1.0,0.978515625,0.869047619047619,0.978515625,0.869047619047619,stateful,minority-enriched (95 of 1024 rows are class 1),,,,,,,,,,
credit,3,XGBoost,app,16,1024,64,0.0,1.0,0,0.0,5742.121548332574,1.0,0.9775390625,0.8622754491017963,0.9775390625,0.8622754491017963,stateful,minority-enriched (95 of 1024 rows are class 1),,,,,,,,,,
credit,3,XGBoost,aligned,16,1024,64,0.0,1.0,0,0.0,5742.121548332574,1.0,0.9775390625,0.8622754491017963,0.9775390625,0.8622754491017963,stateful,minority-enriched (95 of 1024 rows are class 1),,,,,,,,,,
credit,3,Random Forest,app,16,1024,64,0.0,1.0,0,0.0,5742.121548332574,1.0,0.9755859375,0.8484848484848484,0.9755859375,0.8484848484848484,stateful,minority-enriched (95 of 1024 rows are class 1),,,,,,,,,,
credit,3,Random Forest,aligned,16,1024,64,0.0,1.0,0,0.0,5742.121548332574,1.0,0.9755859375,0.8484848484848484,0.9755859375,0.8484848484848484,stateful,minority-enriched (95 of 1024 rows are class 1),,,,,,,,,,
credit,3,Logistic Regression,app,16,1024,64,0.0,1.0,0,0.0,5742.121548332574,1.0,0.978515625,0.869047619047619,0.978515625,0.869047619047619,stateful,minority-enriched (95 of 1024 rows are class 1),,,,,,,,,,
credit,3,Logistic Regression,aligned,16,1024,64,0.0,1.0,0,0.0,5742.121548332574,1.0,0.978515625,0.869047619047619,0.978515625,0.869047619047619,stateful,minority-enriched (95 of 1024 rows are class 1),,,,,,,,,,
credit,3,XGBoost,app,256,1024,4,0.0,1.0,0,0.0,86850.31874359843,1.0,0.9775390625,0.8622754491017963,0.9775390625,0.8622754491017963,stateful,minority-enriched (95 of 1024 rows are class 1),,,,,,,,,,
credit,3,XGBoost,aligned,256,1024,4,0.0,1.0,0,0.0,86850.31874359843,1.0,0.9775390625,0.8622754491017963,0.9775390625,0.8622754491017963,stateful,minority-enriched (95 of 1024 rows are class 1),,,,,,,,,,
credit,3,Random Forest,app,256,1024,4,0.0,1.0,0,0.0,86850.31874359843,1.0,0.9755859375,0.8484848484848484,0.9755859375,0.8484848484848484,stateful,minority-enriched (95 of 1024 rows are class 1),,,,,,,,,,
credit,3,Random Forest,aligned,256,1024,4,0.0,1.0,0,0.0,86850.31874359843,1.0,0.9755859375,0.8484848484848484,0.9755859375,0.8484848484848484,stateful,minority-enriched (95 of 1024 rows are class 1),,,,,,,,,,
credit,3,Logistic Regression,app,256,1024,4,0.0,1.0,0,0.0,86850.31874359843,1.0,0.978515625,0.869047619047619,0.978515625,0.869047619047619,stateful,minority-enriched (95 of 1024 rows are class 1),,,,,,,,,,
credit,3,Logistic Regression,aligned,256,1024,4,0.0,1.0,0,0.0,86850.31874359843,1.0,0.978515625,0.869047619047619,0.978515625,0.869047619047619,stateful,minority-enriched (95 of 1024 rows are class 1),,,,,,,,,,
credit,3,XGBoost,app,full,55133,1,0.0,1.0,0,0.0,491024.35299668345,1.0,0.9995284131101155,0.8470588235294118,0.9995284131101155,0.8470588235294118,stateful,full test set,,,,,,,,,,
credit,3,XGBoost,aligned,full,55133,1,0.0,1.0,0,0.0,491024.35299668345,1.0,0.9995284131101155,0.8470588235294118,0.9995284131101155,0.8470588235294118,stateful,full test set,,,,,,,,,,
credit,3,Random Forest,app,full,55133,1,0.0,1.0,0,0.0,491024.35299668345,1.0,0.9995102751528123,0.8383233532934131,0.9995102751528123,0.8383233532934131,stateful,full test set,,,,,,,,,,
credit,3,Random Forest,aligned,full,55133,1,0.0,1.0,0,0.0,491024.35299668345,1.0,0.9995102751528123,0.8383233532934131,0.9995102751528123,0.8383233532934131,stateful,full test set,,,,,,,,,,
credit,3,Logistic Regression,app,full,55133,1,0.0,1.0,0,0.0,491024.35299668345,1.0,0.999419585366296,0.8202247191011235,0.999419585366296,0.8202247191011235,stateful,full test set,,,,,,,,,,
credit,3,Logistic Regression,aligned,full,55133,1,0.0,1.0,0,0.0,491024.35299668345,1.0,0.999419585366296,0.8202247191011235,0.999419585366296,0.8202247191011235,stateful,full test set,,,,,,,,,,
credit,3,XGBoost,app,1,1024,1024,1.0,0.0,0,0.0,20.550159848582933,,,,,,stateless,minority-enriched (95 of 1024 rows are class 1),"ValueError: feature_names mismatch: ['V1', 'V2', 'V3', 'V4', 'V5', 'V6', 'V7', 'V8', 'V9', 'V10', 'V11', 'V12', 'V13', 'V14', 'V15', 'V16', 'V17', 'V18', 'V19', 'V20', 'V21",,0.0,,0.0,,,,,
credit,3,XGBoost,aligned,1,1024,1024,0.0,1.0,0,0.0,20.550159848582933,0.9296875,0.9072265625,0.0,0.9775390625,0.8622754491017963,stateless,minority-enriched (95 of 1024 rows are class 1),,0.9296875,1.0,0.9296875,1.0,,,,,
credit,3,Random Forest,app,1,1024,1024,1.0,0.0,0,0.0,20.550159848582933,,,,,,stateless,minority-enriched (95 of 1024 rows are class 1),ValueError: at least one array or dtype is required,,0.0,,0.0,,,,,
credit,3,Random Forest,aligned,1,1024,1024,0.0,1.0,0,0.0,20.550159848582933,0.931640625,0.9072265625,0.0,0.9755859375,0.8484848484848484,stateless,minority-enriched (95 of 1024 rows are class 1),,0.931640625,1.0,0.931640625,1.0,,,,,
credit,3,Logistic Regression,app,1,1024,1024,1.0,0.0,0,0.0,20.550159848582933,,,,,,stateless,minority-enriched (95 of 1024 rows are class 1),ValueError: at least one array or dtype is required,,0.0,,0.0,,,,,
credit,3,Logistic Regression,aligned,1,1024,1024,0.0,1.0,0,0.0,20.550159848582933,0.9287109375,0.9072265625,0.0,0.978515625,0.869047619047619,stateless,minority-enriched (95 of 1024 rows are class 1),,0.9287109375,1.0,0.9287109375,1.0,,,,,
credit,3,XGBoost,app,16,1024,64,0.015625,0.984375,0,0.0,206.97908407919334,0.9345238095238095,0.9136904761904762,0.1553398058252427,0.9771825396825397,0.8622754491017963,stateless,minority-enriched (95 of 1024 rows are class 1),"ValueError: feature_names mismatch: ['V1', 'V2', 'V3', 'V4', 'V5', 'V6', 'V7', 'V8', 'V9', 'V10', 'V11', 'V12', 'V13', 'V14', 'V15', 'V16', 'V17', 'V18', 'V19', 'V20', 'V21",0.9345238095238095,0.984375,0.9345238095238095,0.984375,,,,,
credit,3,XGBoost,aligned,16,1024,64,0.0,1.0,0,0.0,206.97908407919334,0.935546875,0.9150390625,0.1553398058252427,0.9775390625,0.8622754491017963,stateless,minority-enriched (95 of 1024 rows are class 1),,0.935546875,1.0,0.935546875,1.0,,,,,
credit,3,Random Forest,app,16,1024,64,0.015625,0.984375,0,0.0,206.97908407919334,0.9315476190476191,0.9067460317460317,0.020833333333333332,0.9751984126984127,0.8484848484848484,stateless,minority-enriched (95 of 1024 rows are class 1),ValueError: The feature names should match those that were passed during fit.,0.9315476190476191,0.984375,0.9315476190476191,0.984375,,,,,
credit,3,Random Forest,aligned,16,1024,64,0.0,1.0,0,0.0,206.97908407919334,0.9326171875,0.908203125,0.020833333333333332,0.9755859375,0.8484848484848484,stateless,minority-enriched (95 of 1024 rows are class 1),,0.9326171875,1.0,0.9326171875,1.0,,,,,
credit,3,Logistic Regression,app,16,1024,64,0.015625,0.984375,0,0.0,206.97908407919334,0.9523809523809523,0.9305555555555556,0.4166666666666667,0.9781746031746031,0.869047619047619,stateless,minority-enriched (95 of 1024 rows are class 1),ValueError: The feature names should match those that were passed during fit.,0.9523809523809523,0.984375,0.9523809523809523,0.984375,,,,,
credit,3,Logistic Regression,aligned,16,1024,64,0.0,1.0,0,0.0,206.97908407919334,0.953125,0.931640625,0.4166666666666667,0.978515625,0.869047619047619,stateless,minority-enriched (95 of 1024 rows are class 1),,0.953125,1.0,0.953125,1.0,,,,,
credit,3,XGBoost,app,256,1024,4,0.0,1.0,0,0.0,3355.003246172752,0.9345703125,0.912109375,0.1,0.9775390625,0.8622754491017963,stateless,minority-enriched (95 of 1024 rows are class 1),,0.9345703125,1.0,0.9345703125,1.0,,,,,
credit,3,XGBoost,aligned,256,1024,4,0.0,1.0,0,0.0,3355.003246172752,0.9345703125,0.912109375,0.1,0.9775390625,0.8622754491017963,stateless,minority-enriched (95 of 1024 rows are class 1),,0.9345703125,1.0,0.9345703125,1.0,,,,,
credit,3,Random Forest,app,256,1024,4,0.0,1.0,0,0.0,3355.003246172752,0.931640625,0.9072265625,0.0,0.9755859375,0.8484848484848484,stateless,minority-enriched (95 of 1024 rows are class 1),,0.931640625,1.0,0.931640625,1.0,,,,,
credit,3,Random Forest,aligned,256,1024,4,0.0,1.0,0,0.0,3355.003246172752,0.931640625,0.9072265625,0.0,0.9755859375,0.8484848484848484,stateless,minority-enriched (95 of 1024 rows are class 1),,0.931640625,1.0,0.931640625,1.0,,,,,
credit,3,Logistic Regression,app,256,1024,4,0.0,1.0,0,0.0,3355.003246172752,0.974609375,0.953125,0.6619718309859155,0.978515625,0.869047619047619,stateless,minority-enriched (95 of 1024 rows are class 1),,0.974609375,1.0,0.974609375,1.0,,,,,
credit,3,Logistic Regression,aligned,256,1024,4,0.0,1.0,0,0.0,3355.003246172752,0.974609375,0.953125,0.6619718309859155,0.978515625,0.869047619047619,stateless,minority-enriched (95 of 1024 rows are class 1),,0.974609375,1.0,0.974609375,1.0,,,,,
credit,3,XGBoost,app,full,55133,1,0.0,1.0,0,0.0,27907.822436009166,0.9999818620426968,0.9995102751528123,0.8402366863905325,0.9995284131101155,0.8470588235294118,stateless,full test set,,0.9999818620426968,1.0,0.9999818620426968,1.0,,,,,
credit,3,XGBoost,aligned,full,55133,1,0.0,1.0,0,0.0,27907.822436009166,0.9999818620426968,0.9995102751528123,0.8402366863905325,0.9995284131101155,0.8470588235294118,stateless,full test set,,0.9999818620426968,1.0,0.9999818620426968,1.0,,,,,
credit,3,Random Forest,app,full,55133,1,0.0,1.0,0,0.0,27907.822436009166,0.9998004824696642,0.999419585366296,0.8048780487804877,0.9995102751528123,0.8383233532934131,stateless,full test set,,0.9998004824696642,1.0,0.9998004824696642,1.0,,,,,
credit,3,Random Forest,aligned,full,55133,1,0.0,1.0,0,0.0,27907.822436009166,0.9998004824696642,0.999419585366296,0.8048780487804877,0.9995102751528123,0.8383233532934131,stateless,full test set,,0.9998004824696642,1.0,0.9998004824696642,1.0,,,,,
credit,3,Logistic Regression,app,full,55133,1,0.0,1.0,0,0.0,27907.822436009166,1.0,0.999419585366296,0.8202247191011235,0.999419585366296,0.8202247191011235,stateless,full test set,,1.0,1.0,1.0,1.0,,,,,
credit,3,Logistic Regression,aligned,full,55133,1,0.0,1.0,0,0.0,27907.822436009166,1.0,0.999419585366296,0.8202247191011235,0.999419585366296,0.8202247191011235,stateless,full test set,,1.0,1.0,1.0,1.0,,,,,
credit,4,XGBoost,app,1,1024,1024,0.0,1.0,0,0.0,543.1145430130347,1.0,0.98046875,0.8823529411764706,0.98046875,0.8823529411764706,stateful,minority-enriched (95 of 1024 rows are class 1),,,,,,,,,,
credit,4,XGBoost,aligned,1,1024,1024,0.0,1.0,0,0.0,543.1145430130347,1.0,0.98046875,0.8823529411764706,0.98046875,0.8823529411764706,stateful,minority-enriched (95 of 1024 rows are class 1),,,,,,,,,,
credit,4,Random Forest,app,1,1024,1024,0.0,1.0,0,0.0,543.1145430130347,1.0,0.978515625,0.869047619047619,0.978515625,0.869047619047619,stateful,minority-enriched (95 of 1024 rows are class 1),,,,,,,,,,
credit,4,Random Forest,aligned,1,1024,1024,0.0,1.0,0,0.0,543.1145430130347,1.0,0.978515625,0.869047619047619,0.978515625,0.869047619047619,stateful,minority-enriched (95 of 1024 rows are class 1),,,,,,,,,,
credit,4,Logistic Regression,app,1,1024,1024,0.0,1.0,0,0.0,543.1145430130347,1.0,0.9765625,0.8571428571428571,0.9765625,0.8571428571428571,stateful,minority-enriched (95 of 1024 rows are class 1),,,,,,,,,,
credit,4,Logistic Regression,aligned,1,1024,1024,0.0,1.0,0,0.0,543.1145430130347,1.0,0.9765625,0.8571428571428571,0.9765625,0.8571428571428571,stateful,minority-enriched (95 of 1024 rows are class 1),,,,,,,,,,
credit,4,XGBoost,app,16,1024,64,0.0,1.0,0,0.0,8551.883790986834,1.0,0.98046875,0.8823529411764706,0.98046875,0.8823529411764706,stateful,minority-enriched (95 of 1024 rows are class 1),,,,,,,,,,
credit,4,XGBoost,aligned,16,1024,64,0.0,1.0,0,0.0,8551.883790986834,1.0,0.98046875,0.8823529411764706,0.98046875,0.8823529411764706,stateful,minority-enriched (95 of 1024 rows are class 1),,,,,,,,,,
credit,4,Random Forest,app,16,1024,64,0.0,1.0,0,0.0,8551.883790986834,1.0,0.978515625,0.869047619047619,0.978515625,0.869047619047619,stateful,minority-enriched (95 of 1024 rows are class 1),,,,,,,,,,
credit,4,Random Forest,aligned,16,1024,64,0.0,1.0,0,0.0,8551.883790986834,1.0,0.978515625,0.869047619047619,0.978515625,0.869047619047619,stateful,minority-enriched (95 of 1024 rows are class 1),,,,,,,,,,
credit,4,Logistic Regression,app,16,1024,64,0.0,1.0,0,0.0,8551.883790986834,1.0,0.9765625,0.8571428571428571,0.9765625,0.8571428571428571,stateful,minority-enriched (95 of 1024 rows are class 1),,,,,,,,,,
credit,4,Logistic Regression,aligned,16,1024,64,0.0,1.0,0,0.0,8551.883790986834,1.0,0.9765625,0.8571428571428571,0.9765625,0.8571428571428571,stateful,minority-enriched (95 of 1024 rows are class 1),,,,,,,,,,
credit,4,XGBoost,app,256,1024,4,0.0,1.0,0,0.0,134813.1152218544,1.0,0.98046875,0.8823529411764706,0.98046875,0.8823529411764706,stateful,minority-enriched (95 of 1024 rows are class 1),,,,,,,,,,
credit,4,XGBoost,aligned,256,1024,4,0.0,1.0,0,0.0,134813.1152218544,1.0,0.98046875,0.8823529411764706,0.98046875,0.8823529411764706,stateful,minority-enriched (95 of 1024 rows are class 1),,,,,,,,,,
credit,4,Random Forest,app,256,1024,4,0.0,1.0,0,0.0,134813.1152218544,1.0,0.978515625,0.869047619047619,0.978515625,0.869047619047619,stateful,minority-enriched (95 of 1024 rows are class 1),,,,,,,,,,
credit,4,Random Forest,aligned,256,1024,4,0.0,1.0,0,0.0,134813.1152218544,1.0,0.978515625,0.869047619047619,0.978515625,0.869047619047619,stateful,minority-enriched (95 of 1024 rows are class 1),,,,,,,,,,
credit,4,Logistic Regression,app,256,1024,4,0.0,1.0,0,0.0,134813.1152218544,1.0,0.9765625,0.8571428571428571,0.9765625,0.8571428571428571,stateful,minority-enriched (95 of 1024 rows are class 1),,,,,,,,,,
credit,4,Logistic Regression,aligned,256,1024,4,0.0,1.0,0,0.0,134813.1152218544,1.0,0.9765625,0.8571428571428571,0.9765625,0.8571428571428571,stateful,minority-enriched (95 of 1024 rows are class 1),,,,,,,,,,
credit,4,XGBoost,app,full,55133,1,0.0,1.0,0,0.0,906144.4523080162,1.0,0.9995284131101155,0.8522727272727273,0.9995284131101155,0.8522727272727273,stateful,full test set,,,,,,,,,,
credit,4,XGBoost,aligned,full,55133,1,0.0,1.0,0,0.0,906144.4523080162,1.0,0.9995284131101155,0.8522727272727273,0.9995284131101155,0.8522727272727273,stateful,full test set,,,,,,,,,,
credit,4,Random Forest,app,full,55133,1,0.0,1.0,0,0.0,906144.4523080162,1.0,0.9995284131101155,0.8488372093023255,0.9995284131101155,0.8488372093023255,stateful,full test set,,,,,,,,,,
credit,4,Random Forest,aligned,full,55133,1,0.0,1.0,0,0.0,906144.4523080162,1.0,0.9995284131101155,0.8488372093023255,0.9995284131101155,0.8488372093023255,stateful,full test set,,,,,,,,,,
credit,4,Logistic Regression,app,full,55133,1,0.0,1.0,0,0.0,906144.4523080162,1.0,0.9994014474089928,0.8135593220338984,0.9994014474089928,0.8135593220338984,stateful,full test set,,,,,,,,,,
credit,4,Logistic Regression,aligned,full,55133,1,0.0,1.0,0,0.0,906144.4523080162,1.0,0.9994014474089928,0.8135593220338984,0.9994014474089928,0.8135593220338984,stateful,full test set,,,,,,,,,,
credit,4,XGBoost,app,1,1024,1024,1.0,0.0,0,0.0,28.845331574876386,,,,,,stateless,minority-enriched (95 of 1024 rows are class 1),"ValueError: feature_names mismatch: ['V1', 'V2', 'V3', 'V4', 'V5', 'V6', 'V7', 'V8', 'V9', 'V10', 'V11', 'V12', 'V13', 'V14', 'V15', 'V16', 'V17', 'V18', 'V19', 'V20', 'V21",,0.0,,0.0,,,,,
credit,4,XGBoost,aligned,1,1024,1024,0.0,1.0,0,0.0,28.845331574876386,0.9267578125,0.9072265625,0.0,0.98046875,0.8823529411764706,stateless,minority-enriched (95 of 1024 rows are class 1),,0.9267578125,1.0,0.9267578125,1.0,,,,,
credit,4,Random Forest,app,1,1024,1024,1.0,0.0,0,0.0,28.845331574876386,,,,,,stateless,minority-enriched (95 of 1024 rows are class 1),ValueError: at least one array or dtype is required,,0.0,,0.0,,,,,
credit,4,Random Forest,aligned,1,1024,1024,0.0,1.0,0,0.0,28.845331574876386,0.9287109375,0.9072265625,0.0,0.978515625,0.869047619047619,stateless,minority-enriched (95 of 1024 rows are class 1),,0.9287109375,1.0,0.9287109375,1.0,,,,,
credit,4,Logistic Regression,app,1,1024,1024,1.0,0.0,0,0.0,28.845331574876386,,,,,,stateless,minority-enriched (95 of 1024 rows are class 1),ValueError: at least one array or dtype is required,,0.0,,0.0,,,,,
credit,4,Logistic Regression,aligned,1,1024,1024,0.0,1.0,0,0.0,28.845331574876386,0.9287109375,0.9072265625,0.0,0.9765625,0.8571428571428571,stateless,minority-enriched (95 of 1024 rows are class 1),,0.9287109375,1.0,0.9287109375,1.0,,,,,
credit,4,XGBoost,app,16,1024,64,0.015625,0.984375,0,0.0,297.1226773515924,0.9424603174603174,0.9226190476190477,0.27777777777777773,0.9801587301587301,0.8795180722891566,stateless,minority-enriched (95 of 1024 rows are class 1),"ValueError: feature_names mismatch: ['V1', 'V2', 'V3', 'V4', 'V5', 'V6', 'V7', 'V8', 'V9', 'V10', 'V11', 'V12', 'V13', 'V14', 'V15', 'V16', 'V17', 'V18', 'V19', 'V20', 'V21",0.9424603174603174,0.984375,0.9424603174603174,0.984375,,,,,
credit,4,XGBoost,aligned,16,1024,64,0.0,1.0,0,0.0,297.1226773515924,0.94140625,0.921875,0.2727272727272727,0.98046875,0.8823529411764706,stateless,minority-enriched (95 of 1024 rows are class 1),,0.94140625,1.0,0.94140625,1.0,,,,,
credit,4,Random Forest,app,16,1024,64,0.015625,0.984375,0,0.0,297.1226773515924,0.9295634920634921,0.9077380952380952,0.0,0.9781746031746031,0.8658536585365854,stateless,minority-enriched (95 of 1024 rows are class 1),ValueError: The feature names should match those that were passed during fit.,0.9295634920634921,0.984375,0.9295634920634921,0.984375,,,,,
credit,4,Random Forest,aligned,16,1024,64,0.0,1.0,0,0.0,297.1226773515924,0.9287109375,0.9072265625,0.0,0.978515625,0.869047619047619,stateless,minority-enriched (95 of 1024 rows are class 1),,0.9287109375,1.0,0.9287109375,1.0,,,,,
credit,4,Logistic Regression,app,16,1024,64,0.015625,0.984375,0,0.0,297.1226773515924,0.9642857142857143,0.9424603174603174,0.546875,0.9761904761904762,0.8536585365853658,stateless,minority-enriched (95 of 1024 rows are class 1),ValueError: The feature names should match those that were passed during fit.,0.9642857142857143,0.984375,0.9642857142857143,0.984375,,,,,
credit,4,Logistic Regression,aligned,16,1024,64,0.0,1.0,0,0.0,297.1226773515924,0.962890625,0.94140625,0.5384615384615384,0.9765625,0.8571428571428571,stateless,minority-enriched (95 of 1024 rows are class 1),,0.962890625,1.0,0.962890625,1.0,,,,,
credit,4,XGBoost,app,256,1024,4,0.0,1.0,0,0.0,4325.59569966747,0.95703125,0.9375,0.49206349206349204,0.98046875,0.8823529411764706,stateless,minority-enriched (95 of 1024 rows are class 1),,0.95703125,1.0,0.95703125,1.0,,,,,
credit,4,XGBoost,aligned,256,1024,4,0.0,1.0,0,0.0,4325.59569966747,0.95703125,0.9375,0.49206349206349204,0.98046875,0.8823529411764706,stateless,minority-enriched (95 of 1024 rows are class 1),,0.95703125,1.0,0.95703125,1.0,,,,,
credit,4,Random Forest,app,256,1024,4,0.0,1.0,0,0.0,4325.59569966747,0.9287109375,0.9072265625,0.0,0.978515625,0.869047619047619,stateless,minority-enriched (95 of 1024 rows are class 1),,0.9287109375,1.0,0.9287109375,1.0,,,,,
credit,4,Random Forest,aligned,256,1024,4,0.0,1.0,0,0.0,4325.59569966747,0.9287109375,0.9072265625,0.0,0.978515625,0.869047619047619,stateless,minority-enriched (95 of 1024 rows are class 1),,0.9287109375,1.0,0.9287109375,1.0,,,,,
credit,4,Logistic Regression,app,256,1024,4,0.0,1.0,0,0.0,4325.59569966747,0.9765625,0.955078125,0.6805555555555556,0.9765625,0.8571428571428571,stateless,minority-enriched (95 of 1024 rows are class 1),,0.9765625,1.0,0.9765625,1.0,,,,,
credit,4,Logistic Regression,aligned,256,1024,4,0.0,1.0,0,0.0,4325.59569966747,0.9765625,0.955078125,0.6805555555555556,0.9765625,0.8571428571428571,stateless,minority-enriched (95 of 1024 rows are class 1),,0.9765625,1.0,0.9765625,1.0,,,,,
credit,4,XGBoost,app,full,55133,1,0.0,1.0,0,0.0,34019.374994451704,1.0,0.9995284131101155,0.8522727272727273,0.9995284131101155,0.8522727272727273,stateless,full test set,,1.0,1.0,1.0,1.0,,,,,
credit,4,XGBoost,aligned,full,55133,1,0.0,1.0,0,0.0,34019.374994451704,1.0,0.9995284131101155,0.8522727272727273,0.9995284131101155,0.8522727272727273,stateless,full test set,,1.0,1.0,1.0,1.0,,,,,
credit,4,Random Forest,app,full,55133,1,0.0,1.0,0,0.0,34019.374994451704,0.9999637240853935,0.9995284131101155,0.8470588235294118,0.9995284131101155,0.8488372093023255,stateless,full test set,,0.9999637240853935,1.0,0.9999637240853935,1.0,,,,,
credit,4,Random Forest,aligned,full,55133,1,0.0,1.0,0,0.0,34019.374994451704,0.9999637240853935,0.9995284131101155,0.8470588235294118,0.9995284131101155,0.8488372093023255,stateless,full test set,,0.9999637240853935,1.0,0.9999637240853935,1.0,,,,,
credit,4,Logistic Regression,app,full,55133,1,0.0,1.0,0,0.0,34019.374994451704,1.0,0.9994014474089928,0.8135593220338984,0.9994014474089928,0.8135593220338984,stateless,full test set,,1.0,1.0,1.0,1.0,,,,,
credit,4,Logistic Regression,aligned,full,55133,1,0.0,1.0,0,0.0,34019.374994451704,1.0,0.9994014474089928,0.8135593220338984,0.9994014474089928,0.8135593220338984,stateless,full test set,,1.0,1.0,1.0,1.0,,,,,
california,0,XGBoost,app,1,1024,1024,0.0,1.0,0,0.0,702.4226791428379,1.0,,,,,stateful,random,,,,,,0.0,0.4215773463205007,0.8641237055528257,0.4215773463205007,0.8641237055528257
california,0,XGBoost,aligned,1,1024,1024,0.0,1.0,0,0.0,702.4226791428379,1.0,,,,,stateful,random,,,,,,0.0,0.4215773463205007,0.8641237055528257,0.4215773463205007,0.8641237055528257
california,0,Random Forest,app,1,1024,1024,0.0,1.0,0,0.0,702.4226791428379,1.0,,,,,stateful,random,,,,,,0.0,0.48202687061970895,0.8223637238693609,0.48202687061970895,0.8223637238693609
california,0,Random Forest,aligned,1,1024,1024,0.0,1.0,0,0.0,702.4226791428379,1.0,,,,,stateful,random,,,,,,0.0,0.48202687061970895,0.8223637238693609,0.48202687061970895,0.8223637238693609
california,0,Ridge,app,1,1024,1024,0.0,1.0,0,0.0,702.4226791428379,1.0,,,,,stateful,random,,,,,,1.0495077029659683e-16,0.6584729225714588,0.668514142423305,0.6584729225714588,0.668514142423305
california,0,Ridge,aligned,1,1024,1024,0.0,1.0,0,0.0,702.4226791428379,1.0,,,,,stateful,random,,,,,,1.0495077029659683e-16,0.6584729225714588,0.668514142423305,0.6584729225714588,0.668514142423305
california,0,XGBoost,app,16,1024,64,0.0,1.0,0,0.0,12017.904800304543,1.0,,,,,stateful,random,,,,,,0.0,0.4215773463205007,0.8641237055528257,0.4215773463205007,0.8641237055528257
california,0,XGBoost,aligned,16,1024,64,0.0,1.0,0,0.0,12017.904800304543,1.0,,,,,stateful,random,,,,,,0.0,0.4215773463205007,0.8641237055528257,0.4215773463205007,0.8641237055528257
california,0,Random Forest,app,16,1024,64,0.0,1.0,0,0.0,12017.904800304543,1.0,,,,,stateful,random,,,,,,0.0,0.48202687061970895,0.8223637238693609,0.48202687061970895,0.8223637238693609
california,0,Random Forest,aligned,16,1024,64,0.0,1.0,0,0.0,12017.904800304543,1.0,,,,,stateful,random,,,,,,0.0,0.48202687061970895,0.8223637238693609,0.48202687061970895,0.8223637238693609
california,0,Ridge,app,16,1024,64,0.0,1.0,0,0.0,12017.904800304543,1.0,,,,,stateful,random,,,,,,0.0,0.6584729225714588,0.668514142423305,0.6584729225714588,0.668514142423305
california,0,Ridge,aligned,16,1024,64,0.0,1.0,0,0.0,12017.904800304543,1.0,,,,,stateful,random,,,,,,9.90960785651751e-17,0.6584729225714588,0.668514142423305,0.6584729225714588,0.668514142423305
california,0,XGBoost,app,256,1024,4,0.0,1.0,0,0.0,219286.0355044502,1.0,,,,,stateful,random,,,,,,0.0,0.4215773463205007,0.8641237055528257,0.4215773463205007,0.8641237055528257
california,0,XGBoost,aligned,256,1024,4,0.0,1.0,0,0.0,219286.0355044502,1.0,,,,,stateful,random,,,,,,0.0,0.4215773463205007,0.8641237055528257,0.4215773463205007,0.8641237055528257
california,0,Random Forest,app,256,1024,4,0.0,1.0,0,0.0,219286.0355044502,1.0,,,,,stateful,random,,,,,,0.0,0.48202687061970895,0.8223637238693609,0.48202687061970895,0.8223637238693609
california,0,Random Forest,aligned,256,1024,4,0.0,1.0,0,0.0,219286.0355044502,1.0,,,,,stateful,random,,,,,,0.0,0.48202687061970895,0.8223637238693609,0.48202687061970895,0.8223637238693609
california,0,Ridge,app,256,1024,4,0.0,1.0,0,0.0,219286.0355044502,1.0,,,,,stateful,random,,,,,,0.0,0.6584729225714588,0.668514142423305,0.6584729225714588,0.668514142423305
california,0,Ridge,aligned,256,1024,4,0.0,1.0,0,0.0,219286.0355044502,1.0,,,,,stateful,random,,,,,,9.90960785651751e-17,0.6584729225714588,0.668514142423305,0.6584729225714588,0.668514142423305
california,0,XGBoost,app,full,4128,1,0.0,1.0,0,0.0,2031696.0330198063,1.0,,,,,stateful,full test set,,,,,,0.0,0.4575390686276935,0.8394561046942084,0.4575390686276935,0.8394561046942084
california,0,XGBoost,aligned,full,4128,1,0.0,1.0,0,0.0,2031696.0330198063,1.0,,,,,stateful,full test set,,,,,,0.0,0.4575390686276935,0.8394561046942084,0.4575390686276935,0.8394561046942084
california,0,Random Forest,app,full,4128,1,0.0,1.0,0,0.0,2031696.0330198063,1.0,,,,,stateful,full test set,,,,,,0.0,0.5137513080601117,0.7975847124276081,0.5137513080601117,0.7975847124276081
california,0,Random Forest,aligned,full,4128,1,0.0,1.0,0,0.0,2031696.0330198063,1.0,,,,,stateful,full test set,,,,,,0.0,0.5137513080601117,0.7975847124276081,0.5137513080601117,0.7975847124276081
california,0,Ridge,app,full,4128,1,0.0,1.0,0,0.0,2031696.0330198063,1.0,,,,,stateful,full test set,,,,,,0.0,0.6720052172044186,0.6536758969590936,0.6720052172044186,0.6536758969590936
california,0,Ridge,aligned,full,4128,1,0.0,1.0,0,0.0,2031696.0330198063,1.0,,,,,stateful,full test set,,,,,,9.67141956529085e-17,0.6720052172044186,0.6536758969590936,0.6720052172044186,0.6536758969590936
california,0,XGBoost,app,1,1024,1024,1.0,0.0,0,0.0,75.19186279534203,,,,,,stateless,random,"ValueError: feature_names mismatch: ['MedInc', 'HouseAge', 'AveRooms', 'AveBedrms', 'Population', 'AveOccup', 'Latitude', 'Longitude'] []",,0.0,,0.0,,,,,
california,0,XGBoost,aligned,1,1024,1024,0.0,1.0,0,0.0,75.19186279534203,0.0,,,,,stateless,random,,0.0,1.0,0.0,1.0,1.217997531814035,1.6399075671611485,-1.05602268759662,0.4215773463205007,0.8641237055528257
california,0,Random Forest,app,1,1024,1024,1.0,0.0,0,0.0,75.19186279534203,,,,,,stateless,random,ValueError: at least one array or dtype is required,,0.0,,0.0,,,,,
california,0,Random Forest,aligned,1,1024,1024,0.0,1.0,0,0.0,75.19186279534203,0.0,,,,,stateless,random,,0.0,1.0,0.0,1.0,1.2278019574218746,1.6455139509031205,-1.070104646770901,0.48202687061970895,0.8223637238693609
california,0,Ridge,app,1,1024,1024,1.0,0.0,0,0.0,75.19186279534203,,,,,,stateless,random,ValueError: at least one array or dtype is required,,0.0,,0.0,,,,,
california,0,Ridge,aligned,1,1024,1024,0.0,1.0,0,0.0,75.19186279534203,0.0,,,,,stateless,random,,0.0,1.0,0.0,1.0,0.739664019440098,1.1437628146812076,-0.0001407180092514171,0.6584729225714588,0.668514142423305
california,0,XGBoost,app,16,1024,64,0.375,0.625,0,0.0,645.390747227122,0.0,,,,,stateless,random,"ValueError: feature_names mismatch: ['MedInc', 'HouseAge', 'AveRooms', 'AveBedrms', 'Population', 'AveOccup', 'Latitude', 'Longitude'] ['MedInc', 'HouseAge', 'AveRooms', 'A",0.0,0.625,0.0,0.625,0.4976937652565539,0.7834504478934521,0.525752510443669,0.38782408574492505,0.8837878518743992
california,0,XGBoost,aligned,16,1024,64,0.0,1.0,0,0.0,645.390747227122,0.0,,,,,stateless,random,,0.0,1.0,0.0,1.0,0.7923448775400175,1.1912088022003928,-0.08483815315413179,0.4215773463205007,0.8641237055528257
california,0,Random Forest,app,16,1024,64,0.375,0.625,0,0.0,645.390747227122,0.0,,,,,stateless,random,ValueError: The feature names should match those that were passed during fit.,0.0,0.625,0.0,0.625,0.3788525332812497,0.6906113857166829,0.6314898601312811,0.44382748079564505,0.8478015068184033
california,0,Random Forest,aligned,16,1024,64,0.0,1.0,0,0.0,645.390747227122,0.0,,,,,stateless,random,,0.0,1.0,0.0,1.0,0.4493138634765622,0.7911744552378235,0.5214429965681375,0.48202687061970895,0.8223637238693609
california,0,Ridge,app,16,1024,64,0.375,0.625,0,0.0,645.390747227122,0.0,,,,,stateless,random,ValueError: The feature names should match those that were passed during fit.,0.0,0.625,0.0,0.625,0.24917979727936096,0.7006054045857523,0.6207470735067538,0.6079103346142658,0.7144638973934891
california,0,Ridge,aligned,16,1024,64,0.0,1.0,0,0.0,645.390747227122,0.0,,,,,stateless,random,,0.0,1.0,0.0,1.0,0.4310199255321098,0.8783661152413778,0.4101517297345355,0.6584729225714588,0.668514142423305
california,0,XGBoost,app,256,1024,4,0.0,1.0,0,0.0,10631.163011869456,0.0009765625,,,,,stateless,random,,0.0009765625,1.0,0.0009765625,1.0,0.2553129130101297,0.584226468191288,0.7390534134448403,0.4215773463205007,0.8641237055528257
california,0,XGBoost,aligned,256,1024,4,0.0,1.0,0,0.0,10631.163011869456,0.0009765625,,,,,stateless,random,,0.0009765625,1.0,0.0009765625,1.0,0.2553129130101297,0.584226468191288,0.7390534134448403,0.4215773463205007,0.8641237055528257
california,0,Random Forest,app,256,1024,4,0.0,1.0,0,0.0,10631.163011869456,0.0009765625,,,,,stateless,random,,0.0009765625,1.0,0.0009765625,1.0,0.1588082341796873,0.5578361924841652,0.7620955646943912,0.48202687061970895,0.8223637238693609
california,0,Random Forest,aligned,256,1024,4,0.0,1.0,0,0.0,10631.163011869456,0.0009765625,,,,,stateless,random,,0.0009765625,1.0,0.0009765625,1.0,0.1588082341796873,0.5578361924841652,0.7620955646943912,0.48202687061970895,0.8223637238693609
california,0,Ridge,app,256,1024,4,0.0,1.0,0,0.0,10631.163011869456,0.0,,,,,stateless,random,,0.0,1.0,0.0,1.0,0.05564626263616303,0.6657698488442051,0.6611266553819978,0.6584729225714588,0.668514142423305
california,0,Ridge,aligned,256,1024,4,0.0,1.0,0,0.0,10631.163011869456,0.0,,,,,stateless,random,,0.0,1.0,0.0,1.0,0.05564626263616301,0.6657698488442051,0.6611266553819978,0.6584729225714588,0.668514142423305
california,0,XGBoost,app,full,4128,1,0.0,1.0,0,0.0,81354.64951286397,0.04796511627906977,,,,,stateless,full test set,,0.04796511627906977,1.0,0.04796511627906977,1.0,0.14133081385187168,0.5060663684221494,0.803595071583113,0.4575390686276935,0.8394561046942084
california,0,XGBoost,aligned,full,4128,1,0.0,1.0,0,0.0,81354.64951286397,0.04796511627906977,,,,,stateless,full test set,,0.04796511627906977,1.0,0.04796511627906977,1.0,0.14133081385187168,0.5060663684221494,0.803595071583113,0.4575390686276935,0.8394561046942084
california,0,Random Forest,app,full,4128,1,0.0,1.0,0,0.0,81354.64951286397,0.003633720930232558,,,,,stateless,full test set,,0.003633720930232558,1.0,0.003633720930232558,1.0,0.06745249038275186,0.5354421769858059,0.7801317174494662,0.5137513080601117,0.7975847124276081
california,0,Random Forest,aligned,full,4128,1,0.0,1.0,0,0.0,81354.64951286397,0.003633720930232558,,,,,stateless,full test set,,0.003633720930232558,1.0,0.003633720930232558,1.0,0.06745249038275186,0.5354421769858059,0.7801317174494662,0.5137513080601117,0.7975847124276081
california,0,Ridge,app,full,4128,1,0.0,1.0,0,0.0,81354.64951286397,0.0,,,,,stateless,full test set,,0.0,1.0,0.0,1.0,0.010481421310097919,0.67277306088688,0.6528840141237972,0.6720052172044186,0.6536758969590936
california,0,Ridge,aligned,full,4128,1,0.0,1.0,0,0.0,81354.64951286397,0.0,,,,,stateless,full test set,,0.0,1.0,0.0,1.0,0.010481421310097914,0.67277306088688,0.6528840141237972,0.6720052172044186,0.6536758969590936
california,1,XGBoost,app,1,1024,1024,0.0,1.0,0,0.0,461.33788083644174,1.0,,,,,stateful,random,,,,,,0.0,0.461666715884062,0.8306677551986801,0.461666715884062,0.8306677551986801
california,1,XGBoost,aligned,1,1024,1024,0.0,1.0,0,0.0,461.33788083644174,1.0,,,,,stateful,random,,,,,,0.0,0.461666715884062,0.8306677551986801,0.461666715884062,0.8306677551986801
california,1,Random Forest,app,1,1024,1024,0.0,1.0,0,0.0,461.33788083644174,1.0,,,,,stateful,random,,,,,,0.0,0.4914798188771443,0.8080916307970545,0.4914798188771443,0.8080916307970545
california,1,Random Forest,aligned,1,1024,1024,0.0,1.0,0,0.0,461.33788083644174,1.0,,,,,stateful,random,,,,,,0.0,0.4914798188771443,0.8080916307970545,0.4914798188771443,0.8080916307970545
california,1,Ridge,app,1,1024,1024,0.0,1.0,0,0.0,461.33788083644174,1.0,,,,,stateful,random,,,,,,1.1123914289701275e-16,0.6550416165938854,0.6591052433128299,0.6550416165938854,0.6591052433128299
california,1,Ridge,aligned,1,1024,1024,0.0,1.0,0,0.0,461.33788083644174,1.0,,,,,stateful,random,,,,,,1.1123914289701275e-16,0.6550416165938854,0.6591052433128299,0.6550416165938854,0.6591052433128299
california,1,XGBoost,app,16,1024,64,0.0,1.0,0,0.0,5987.6072898620105,1.0,,,,,stateful,random,,,,,,0.0,0.461666715884062,0.8306677551986801,0.461666715884062,0.8306677551986801
california,1,XGBoost,aligned,16,1024,64,0.0,1.0,0,0.0,5987.6072898620105,1.0,,,,,stateful,random,,,,,,0.0,0.461666715884062,0.8306677551986801,0.461666715884062,0.8306677551986801
california,1,Random Forest,app,16,1024,64,0.0,1.0,0,0.0,5987.6072898620105,1.0,,,,,stateful,random,,,,,,0.0,0.4914798188771443,0.8080916307970545,0.4914798188771443,0.8080916307970545
california,1,Random Forest,aligned,16,1024,64,0.0,1.0,0,0.0,5987.6072898620105,1.0,,,,,stateful,random,,,,,,0.0,0.4914798188771443,0.8080916307970545,0.4914798188771443,0.8080916307970545
california,1,Ridge,app,16,1024,64,0.0,1.0,0,0.0,5987.6072898620105,1.0,,,,,stateful,random,,,,,,0.0,0.6550416165938854,0.6591052433128299,0.6550416165938854,0.6591052433128299
california,1,Ridge,aligned,16,1024,64,0.0,1.0,0,0.0,5987.6072898620105,1.0,,,,,stateful,random,,,,,,9.69276742202041e-17,0.6550416165938854,0.6591052433128299,0.6550416165938854,0.6591052433128299
california,1,XGBoost,app,256,1024,4,0.0,1.0,0,0.0,139247.73476810174,1.0,,,,,stateful,random,,,,,,0.0,0.461666715884062,0.8306677551986801,0.461666715884062,0.8306677551986801
california,1,XGBoost,aligned,256,1024,4,0.0,1.0,0,0.0,139247.73476810174,1.0,,,,,stateful,random,,,,,,0.0,0.461666715884062,0.8306677551986801,0.461666715884062,0.8306677551986801
california,1,Random Forest,app,256,1024,4,0.0,1.0,0,0.0,139247.73476810174,1.0,,,,,stateful,random,,,,,,0.0,0.4914798188771443,0.8080916307970545,0.4914798188771443,0.8080916307970545
california,1,Random Forest,aligned,256,1024,4,0.0,1.0,0,0.0,139247.73476810174,1.0,,,,,stateful,random,,,,,,0.0,0.4914798188771443,0.8080916307970545,0.4914798188771443,0.8080916307970545
california,1,Ridge,app,256,1024,4,0.0,1.0,0,0.0,139247.73476810174,1.0,,,,,stateful,random,,,,,,0.0,0.6550416165938854,0.6591052433128299,0.6550416165938854,0.6591052433128299
california,1,Ridge,aligned,256,1024,4,0.0,1.0,0,0.0,139247.73476810174,1.0,,,,,stateful,random,,,,,,9.69276742202041e-17,0.6550416165938854,0.6591052433128299,0.6550416165938854,0.6591052433128299
california,1,XGBoost,app,full,4128,1,0.0,1.0,0,0.0,1496953.8812052472,1.0,,,,,stateful,full test set,,,,,,0.0,0.4691649235273458,0.8321893252904667,0.4691649235273458,0.8321893252904667
california,1,XGBoost,aligned,full,4128,1,0.0,1.0,0,0.0,1496953.8812052472,1.0,,,,,stateful,full test set,,,,,,0.0,0.4691649235273458,0.8321893252904667,0.4691649235273458,0.8321893252904667
california,1,Random Forest,app,full,4128,1,0.0,1.0,0,0.0,1496953.8812052472,1.0,,,,,stateful,full test set,,,,,,0.0,0.5054510616465838,0.805227903378572,0.5054510616465838,0.805227903378572
california,1,Random Forest,aligned,full,4128,1,0.0,1.0,0,0.0,1496953.8812052472,1.0,,,,,stateful,full test set,,,,,,0.0,0.5054510616465838,0.805227903378572,0.5054510616465838,0.805227903378572
california,1,Ridge,app,full,4128,1,0.0,1.0,0,0.0,1496953.8812052472,1.0,,,,,stateful,full test set,,,,,,0.0,0.667452015420388,0.6603679936660676,0.667452015420388,0.6603679936660676
california,1,Ridge,aligned,full,4128,1,0.0,1.0,0,0.0,1496953.8812052472,1.0,,,,,stateful,full test set,,,,,,9.359438288991146e-17,0.667452015420388,0.6603679936660676,0.667452015420388,0.6603679936660676
california,1,XGBoost,app,1,1024,1024,1.0,0.0,0,0.0,68.61401872520763,,,,,,stateless,random,"ValueError: feature_names mismatch: ['MedInc', 'HouseAge', 'AveRooms', 'AveBedrms', 'Population', 'AveOccup', 'Latitude', 'Longitude'] []",,0.0,,0.0,,,,,
california,1,XGBoost,aligned,1,1024,1024,0.0,1.0,0,0.0,68.61401872520763,0.0,,,,,stateless,random,,0.0,1.0,0.0,1.0,1.2126789689064026,1.6304196788270915,-1.1119389160766535,0.461666715884062,0.8306677551986801
california,1,Random Forest,app,1,1024,1024,1.0,0.0,0,0.0,68.61401872520763,,,,,,stateless,random,ValueError: at least one array or dtype is required,,0.0,,0.0,,,,,
california,1,Random Forest,aligned,1,1024,1024,0.0,1.0,0,0.0,68.61401872520763,0.0,,,,,stateless,random,,0.0,1.0,0.0,1.0,1.140581459082031,1.5554908186749388,-0.9222835073664546,0.4914798188771443,0.8080916307970545
california,1,Ridge,app,1,1024,1024,1.0,0.0,0,0.0,68.61401872520763,,,,,,stateless,random,ValueError: at least one array or dtype is required,,0.0,,0.0,,,,,
california,1,Ridge,aligned,1,1024,1024,0.0,1.0,0,0.0,68.61401872520763,0.0,,,,,stateless,random,,0.0,1.0,0.0,1.0,0.7854704348864148,1.1254916905067773,-0.006391874612161175,0.6550416165938854,0.6591052433128299
california,1,XGBoost,app,16,1024,64,0.265625,0.734375,0,0.0,938.9622284799615,0.0,,,,,stateless,random,"ValueError: feature_names mismatch: ['MedInc', 'HouseAge', 'AveRooms', 'AveBedrms', 'Population', 'AveOccup', 'Latitude', 'Longitude'] ['MedInc', 'HouseAge', 'AveRooms', 'A",0.0,0.734375,0.0,0.734375,0.49405045910401546,0.8097492725151589,0.4881670843199656,0.481947556872905,0.8186879598127804
california,1,XGBoost,aligned,16,1024,64,0.0,1.0,0,0.0,938.9622284799615,0.0,,,,,stateless,random,,0.0,1.0,0.0,1.0,0.6971086599805858,1.091523569484927,0.053438640560138806,0.461666715884062,0.8306677551986801
california,1,Random Forest,app,16,1024,64,0.265625,0.734375,0,0.0,938.9622284799615,0.0,,,,,stateless,random,ValueError: The feature names should match those that were passed during fit.,0.0,0.734375,0.0,0.734375,0.3764501432180848,0.722553905615344,0.5924624930532951,0.5173547498059216,0.7910684818312262
california,1,Random Forest,aligned,16,1024,64,0.0,1.0,0,0.0,938.9622284799615,0.0,,,,,stateless,random,,0.0,1.0,0.0,1.0,0.4463448137695309,0.7733660954548056,0.5248258648150474,0.4914798188771443,0.8080916307970545
california,1,Ridge,app,16,1024,64,0.265625,0.734375,0,0.0,938.9622284799615,0.0,,,,,stateless,random,ValueError: The feature names should match those that were passed during fit.,0.0,0.734375,0.0,0.734375,0.29896771086355317,0.7683703238547468,0.5391408177542023,0.6659757689802752,0.6537865508661731
california,1,Ridge,aligned,16,1024,64,0.0,1.0,0,0.0,938.9622284799615,0.0,,,,,stateless,random,,0.0,1.0,0.0,1.0,0.41095249063672695,0.8420991195948107,0.4366102227544031,0.6550416165938854,0.6591052433128299
california,1,XGBoost,app,256,1024,4,0.0,1.0,0,0.0,10638.80629768582,0.0,,,,,stateless,random,,0.0,1.0,0.0,1.0,0.27368862490402535,0.5878642260913881,0.7254404207399516,0.461666715884062,0.8306677551986801
california,1,XGBoost,aligned,256,1024,4,0.0,1.0,0,0.0,10638.80629768582,0.0,,,,,stateless,random,,0.0,1.0,0.0,1.0,0.27368862490402535,0.5878642260913881,0.7254404207399516,0.461666715884062,0.8306677551986801
california,1,Random Forest,app,256,1024,4,0.0,1.0,0,0.0,10638.80629768582,0.0,,,,,stateless,random,,0.0,1.0,0.0,1.0,0.18881980302734355,0.5627874534765201,0.7483648247411062,0.4914798188771443,0.8080916307970545
california,1,Random Forest,aligned,256,1024,4,0.0,1.0,0,0.0,10638.80629768582,0.0,,,,,stateless,random,,0.0,1.0,0.0,1.0,0.18881980302734355,0.5627874534765201,0.7483648247411062,0.4914798188771443,0.8080916307970545
california,1,Ridge,app,256,1024,4,0.0,1.0,0,0.0,10638.80629768582,0.0,,,,,stateless,random,,0.0,1.0,0.0,1.0,0.10506027581658657,0.6673552141415656,0.6461683710282089,0.6550416165938854,0.6591052433128299
california,1,Ridge,aligned,256,1024,4,0.0,1.0,0,0.0,10638.80629768582,0.0,,,,,stateless,random,,0.0,1.0,0.0,1.0,0.10506027581658658,0.6673552141415656,0.6461683710282089,0.6550416165938854,0.6591052433128299
california,1,XGBoost,app,full,4128,1,0.0,1.0,0,0.0,105747.9979238718,0.030523255813953487,,,,,stateless,full test set,,0.030523255813953487,1.0,0.030523255813953487,1.0,0.11424959629283164,0.4868541853896455,0.819296597978996,0.4691649235273458,0.8321893252904667
california,1,XGBoost,aligned,full,4128,1,0.0,1.0,0,0.0,105747.9979238718,0.030523255813953487,,,,,stateless,full test set,,0.030523255813953487,1.0,0.030523255813953487,1.0,0.11424959629283164,0.4868541853896455,0.819296597978996,0.4691649235273458,0.8321893252904667
california,1,Random Forest,app,full,4128,1,0.0,1.0,0,0.0,105747.9979238718,0.005087209302325582,,,,,stateless,full test set,,0.005087209302325582,1.0,0.005087209302325582,1.0,0.05902498745155033,0.5152643515614286,0.79759151838776,0.5054510616465838,0.805227903378572
california,1,Random Forest,aligned,full,4128,1,0.0,1.0,0,0.0,105747.9979238718,0.005087209302325582,,,,,stateless,full test set,,0.005087209302325582,1.0,0.005087209302325582,1.0,0.05902498745155033,0.5152643515614286,0.79759151838776,0.5054510616465838,0.805227903378572
california,1,Ridge,app,full,4128,1,0.0,1.0,0,0.0,105747.9979238718,0.0,,,,,stateless,full test set,,0.0,1.0,0.0,1.0,0.039627761430355124,0.6690948488231999,0.6586940292225554,0.667452015420388,0.6603679936660676
california,1,Ridge,aligned,full,4128,1,0.0,1.0,0,0.0,105747.9979238718,0.0,,,,,stateless,full test set,,0.0,1.0,0.0,1.0,0.03962776143035512,0.6690948488231999,0.6586940292225554,0.667452015420388,0.6603679936660676
california,2,XGBoost,app,1,1024,1024,0.0,1.0,0,0.0,799.9510025014156,1.0,,,,,stateful,random,,,,,,0.0,0.45996328062476327,0.8435869197344803,0.45996328062476327,0.8435869197344803
california,2,XGBoost,aligned,1,1024,1024,0.0,1.0,0,0.0,799.9510025014156,1.0,,,,,stateful,random,,,,,,0.0,0.45996328062476327,0.8435869197344803,0.45996328062476327,0.8435869197344803
california,2,Random Forest,app,1,1024,1024,0.0,1.0,0,0.0,799.9510025014156,1.0,,,,,stateful,random,,,,,,0.0,0.5011042523287881,0.8143551442712823,0.5011042523287881,0.8143551442712823
california,2,Random Forest,aligned,1,1024,1024,0.0,1.0,0,0.0,799.9510025014156,1.0,,,,,stateful,random,,,,,,0.0,0.5011042523287881,0.8143551442712823,0.5011042523287881,0.8143551442712823
california,2,Ridge,app,1,1024,1024,0.0,1.0,0,0.0,799.9510025014156,1.0,,,,,stateful,random,,,,,,1.1470858984896637e-16,0.6968049737166141,0.6410373795368647,0.6968049737166142,0.6410373795368647
california,2,Ridge,aligned,1,1024,1024,0.0,1.0,0,0.0,799.9510025014156,1.0,,,,,stateful,random,,,,,,1.1470858984896637e-16,0.6968049737166141,0.6410373795368647,0.6968049737166142,0.6410373795368647
california,2,XGBoost,app,16,1024,64,0.0,1.0,0,0.0,15855.909390154015,1.0,,,,,stateful,random,,,,,,0.0,0.45996328062476327,0.8435869197344803,0.45996328062476327,0.8435869197344803
california,2,XGBoost,aligned,16,1024,64,0.0,1.0,0,0.0,15855.909390154015,1.0,,,,,stateful,random,,,,,,0.0,0.45996328062476327,0.8435869197344803,0.45996328062476327,0.8435869197344803
california,2,Random Forest,app,16,1024,64,0.0,1.0,0,0.0,15855.909390154015,1.0,,,,,stateful,random,,,,,,0.0,0.5011042523287881,0.8143551442712823,0.5011042523287881,0.8143551442712823
california,2,Random Forest,aligned,16,1024,64,0.0,1.0,0,0.0,15855.909390154015,1.0,,,,,stateful,random,,,,,,0.0,0.5011042523287881,0.8143551442712823,0.5011042523287881,0.8143551442712823
california,2,Ridge,app,16,1024,64,0.0,1.0,0,0.0,15855.909390154015,1.0,,,,,stateful,random,,,,,,0.0,0.6968049737166142,0.6410373795368647,0.6968049737166142,0.6410373795368647
california,2,Ridge,aligned,16,1024,64,0.0,1.0,0,0.0,15855.909390154015,1.0,,,,,stateful,random,,,,,,1.0191500421363742e-16,0.6968049737166141,0.6410373795368647,0.6968049737166142,0.6410373795368647
california,2,XGBoost,app,256,1024,4,0.0,1.0,0,0.0,205663.78710890055,1.0,,,,,stateful,random,,,,,,0.0,0.45996328062476327,0.8435869197344803,0.45996328062476327,0.8435869197344803
california,2,XGBoost,aligned,256,1024,4,0.0,1.0,0,0.0,205663.78710890055,1.0,,,,,stateful,random,,,,,,0.0,0.45996328062476327,0.8435869197344803,0.45996328062476327,0.8435869197344803
california,2,Random Forest,app,256,1024,4,0.0,1.0,0,0.0,205663.78710890055,1.0,,,,,stateful,random,,,,,,0.0,0.5011042523287881,0.8143551442712823,0.5011042523287881,0.8143551442712823
california,2,Random Forest,aligned,256,1024,4,0.0,1.0,0,0.0,205663.78710890055,1.0,,,,,stateful,random,,,,,,0.0,0.5011042523287881,0.8143551442712823,0.5011042523287881,0.8143551442712823
california,2,Ridge,app,256,1024,4,0.0,1.0,0,0.0,205663.78710890055,1.0,,,,,stateful,random,,,,,,0.0,0.6968049737166142,0.6410373795368647,0.6968049737166142,0.6410373795368647
california,2,Ridge,aligned,256,1024,4,0.0,1.0,0,0.0,205663.78710890055,1.0,,,,,stateful,random,,,,,,1.0191500421363742e-16,0.6968049737166141,0.6410373795368647,0.6968049737166142,0.6410373795368647
california,2,XGBoost,app,full,4128,1,0.0,1.0,0,0.0,2695748.6776051302,1.0,,,,,stateful,full test set,,,,,,0.0,0.4776984468999255,0.8305926695024626,0.4776984468999255,0.8305926695024626
california,2,XGBoost,aligned,full,4128,1,0.0,1.0,0,0.0,2695748.6776051302,1.0,,,,,stateful,full test set,,,,,,0.0,0.4776984468999255,0.8305926695024626,0.4776984468999255,0.8305926695024626
california,2,Random Forest,app,full,4128,1,0.0,1.0,0,0.0,2695748.6776051302,1.0,,,,,stateful,full test set,,,,,,0.0,0.5102925825922728,0.8066861137662743,0.5102925825922728,0.8066861137662743
california,2,Random Forest,aligned,full,4128,1,0.0,1.0,0,0.0,2695748.6776051302,1.0,,,,,stateful,full test set,,,,,,0.0,0.5102925825922728,0.8066861137662743,0.5102925825922728,0.8066861137662743
california,2,Ridge,app,full,4128,1,0.0,1.0,0,0.0,2695748.6776051302,1.0,,,,,stateful,full test set,,,,,,0.0,0.6805020412910627,0.6562177854064107,0.6805020412910627,0.6562177854064107
california,2,Ridge,aligned,full,4128,1,0.0,1.0,0,0.0,2695748.6776051302,1.0,,,,,stateful,full test set,,,,,,9.655282602723624e-17,0.6805020412910627,0.6562177854064107,0.6805020412910627,0.6562177854064107
california,2,XGBoost,app,1,1024,1024,1.0,0.0,0,0.0,97.04907501703822,,,,,,stateless,random,"ValueError: feature_names mismatch: ['MedInc', 'HouseAge', 'AveRooms', 'AveBedrms', 'Population', 'AveOccup', 'Latitude', 'Longitude'] []",,0.0,,0.0,,,,,
california,2,XGBoost,aligned,1,1024,1024,0.0,1.0,0,0.0,97.04907501703822,0.0,,,,,stateless,random,,0.0,1.0,0.0,1.0,1.0504739955067635,1.4917030506525573,-0.6450969561535855,0.45996328062476327,0.8435869197344803
california,2,Random Forest,app,1,1024,1024,1.0,0.0,0,0.0,97.04907501703822,,,,,,stateless,random,ValueError: at least one array or dtype is required,,0.0,,0.0,,,,,
california,2,Random Forest,aligned,1,1024,1024,0.0,1.0,0,0.0,97.04907501703822,0.0,,,,,stateless,random,,0.0,1.0,0.0,1.0,1.2289010453124998,1.6566054509595893,-1.0289199621564271,0.5011042523287881,0.8143551442712823
california,2,Ridge,app,1,1024,1024,1.0,0.0,0,0.0,97.04907501703822,,,,,,stateless,random,ValueError: at least one array or dtype is required,,0.0,,0.0,,,,,
california,2,Ridge,aligned,1,1024,1024,0.0,1.0,0,0.0,97.04907501703822,0.0,,,,,stateless,random,,0.0,1.0,0.0,1.0,0.7709475527273951,1.163055510787882,-6.36220619325556e-05,0.6968049737166142,0.6410373795368647
california,2,XGBoost,app,16,1024,64,0.3125,0.6875,0,0.0,850.8945277544549,0.0,,,,,stateless,random,"ValueError: feature_names mismatch: ['MedInc', 'HouseAge', 'AveRooms', 'AveBedrms', 'Population', 'AveOccup', 'Latitude', 'Longitude'] ['MedInc', 'HouseAge', 'AveRooms', 'A",0.0,0.6875,0.0,0.6875,0.46856552260843193,0.770172999513813,0.5721312064241363,0.4772066957240898,0.8357342233022564
california,2,XGBoost,aligned,16,1024,64,0.0,1.0,0,0.0,850.8945277544549,0.0,,,,,stateless,random,,0.0,1.0,0.0,1.0,0.7171709204267245,1.134674134950333,0.04814881839036156,0.45996328062476327,0.8435869197344803
california,2,Random Forest,app,16,1024,64,0.3125,0.6875,0,0.0,850.8945277544549,0.0,,,,,stateless,random,ValueError: The feature names should match those that were passed during fit.,0.0,0.6875,0.0,0.6875,0.35914693607954523,0.727955256050942,0.6177535978054751,0.5222232853077926,0.8032809133471349
california,2,Random Forest,aligned,16,1024,64,0.0,1.0,0,0.0,850.8945277544549,0.0,,,,,stateless,random,,0.0,1.0,0.0,1.0,0.4414503472656246,0.7997231203765193,0.5271688862485485,0.5011042523287881,0.8143551442712823
california,2,Ridge,app,16,1024,64,0.3125,0.6875,0,0.0,850.8945277544549,0.0,,,,,stateless,random,ValueError: The feature names should match those that were passed during fit.,0.0,0.6875,0.0,0.6875,0.23969813474321774,0.7823508963141445,0.5584933970109203,0.7160168693359809,0.6301883887003353
california,2,Ridge,aligned,16,1024,64,0.0,1.0,0,0.0,850.8945277544549,0.0,,,,,stateless,random,,0.0,1.0,0.0,1.0,0.3904726027375648,0.8888512830747061,0.41590303402806594,0.6968049737166142,0.6410373795368647
california,2,XGBoost,app,256,1024,4,0.0,1.0,0,0.0,13356.463664808554,0.0009765625,,,,,stateless,random,,0.0009765625,1.0,0.0009765625,1.0,0.3333421580900904,0.6727316012716114,0.6654119691881382,0.45996328062476327,0.8435869197344803
california,2,XGBoost,aligned,256,1024,4,0.0,1.0,0,0.0,13356.463664808554,0.0009765625,,,,,stateless,random,,0.0009765625,1.0,0.0009765625,1.0,0.3333421580900904,0.6727316012716114,0.6654119691881382,0.45996328062476327,0.8435869197344803
california,2,Random Forest,app,256,1024,4,0.0,1.0,0,0.0,13356.463664808554,0.0009765625,,,,,stateless,random,,0.0009765625,1.0,0.0009765625,1.0,0.21504680683593738,0.6157641610941713,0.719679047790832,0.5011042523287881,0.8143551442712823
california,2,Random Forest,aligned,256,1024,4,0.0,1.0,0,0.0,13356.463664808554,0.0009765625,,,,,stateless,random,,0.0009765625,1.0,0.0009765625,1.0,0.21504680683593738,0.6157641610941713,0.719679047790832,0.5011042523287881,0.8143551442712823
california,2,Ridge,app,256,1024,4,0.0,1.0,0,0.0,13356.463664808554,0.0009765625,,,,,stateless,random,,0.0009765625,1.0,0.0009765625,1.0,0.08848728609654036,0.7024752586233924,0.6351714570111882,0.6968049737166142,0.6410373795368647
california,2,Ridge,aligned,256,1024,4,0.0,1.0,0,0.0,13356.463664808554,0.0009765625,,,,,stateless,random,,0.0009765625,1.0,0.0009765625,1.0,0.08848728609654037,0.7024752586233924,0.6351714570111882,0.6968049737166142,0.6410373795368647
california,2,XGBoost,app,full,4128,1,0.0,1.0,0,0.0,116670.8120473795,0.03512596899224806,,,,,stateless,full test set,,0.03512596899224806,1.0,0.03512596899224806,1.0,0.1405755967667052,0.519085020243037,0.7999670532552419,0.4776984468999255,0.8305926695024626
california,2,XGBoost,aligned,full,4128,1,0.0,1.0,0,0.0,116670.8120473795,0.03512596899224806,,,,,stateless,full test set,,0.03512596899224806,1.0,0.03512596899224806,1.0,0.1405755967667052,0.519085020243037,0.7999670532552419,0.4776984468999255,0.8305926695024626
california,2,Random Forest,app,full,4128,1,0.0,1.0,0,0.0,116670.8120473795,0.0024224806201550387,,,,,stateless,full test set,,0.0024224806201550387,1.0,0.0024224806201550387,1.0,0.06859769949127902,0.5225827242637413,0.7972622429467409,0.5102925825922728,0.8066861137662743
california,2,Random Forest,aligned,full,4128,1,0.0,1.0,0,0.0,116670.8120473795,0.0024224806201550387,,,,,stateless,full test set,,0.0024224806201550387,1.0,0.0024224806201550387,1.0,0.06859769949127902,0.5225827242637413,0.7972622429467409,0.5102925825922728,0.8066861137662743
california,2,Ridge,app,full,4128,1,0.0,1.0,0,0.0,116670.8120473795,0.0,,,,,stateless,full test set,,0.0,1.0,0.0,1.0,0.023806756201349127,0.6780264561479724,0.6587145129991299,0.6805020412910627,0.6562177854064107
california,2,Ridge,aligned,full,4128,1,0.0,1.0,0,0.0,116670.8120473795,0.0,,,,,stateless,full test set,,0.0,1.0,0.0,1.0,0.02380675620134913,0.6780264561479723,0.6587145129991299,0.6805020412910627,0.6562177854064107
california,3,XGBoost,app,1,1024,1024,0.0,1.0,0,0.0,962.8606597819785,1.0,,,,,stateful,random,,,,,,0.0,0.45668838387345784,0.8347359063307,0.45668838387345784,0.8347359063307
california,3,XGBoost,aligned,1,1024,1024,0.0,1.0,0,0.0,962.8606597819785,1.0,,,,,stateful,random,,,,,,0.0,0.45668838387345784,0.8347359063307,0.45668838387345784,0.8347359063307
california,3,Random Forest,app,1,1024,1024,0.0,1.0,0,0.0,962.8606597819785,1.0,,,,,stateful,random,,,,,,0.0,0.4857843365503338,0.813006896019006,0.4857843365503338,0.813006896019006
california,3,Random Forest,aligned,1,1024,1024,0.0,1.0,0,0.0,962.8606597819785,1.0,,,,,stateful,random,,,,,,0.0,0.4857843365503338,0.813006896019006,0.4857843365503338,0.813006896019006
california,3,Ridge,app,1,1024,1024,0.0,1.0,0,0.0,962.8606597819785,1.0,,,,,stateful,random,,,,,,1.1210650463500116e-16,0.6581037676758069,0.6568157643280077,0.6581037676758069,0.6568157643280077
california,3,Ridge,aligned,1,1024,1024,0.0,1.0,0,0.0,962.8606597819785,1.0,,,,,stateful,random,,,,,,1.1210650463500116e-16,0.6581037676758069,0.6568157643280077,0.6581037676758069,0.6568157643280077
california,3,XGBoost,app,16,1024,64,0.0,1.0,0,0.0,15485.353933744002,1.0,,,,,stateful,random,,,,,,0.0,0.45668838387345784,0.8347359063307,0.45668838387345784,0.8347359063307
california,3,XGBoost,aligned,16,1024,64,0.0,1.0,0,0.0,15485.353933744002,1.0,,,,,stateful,random,,,,,,0.0,0.45668838387345784,0.8347359063307,0.45668838387345784,0.8347359063307
california,3,Random Forest,app,16,1024,64,0.0,1.0,0,0.0,15485.353933744002,1.0,,,,,stateful,random,,,,,,0.0,0.4857843365503338,0.813006896019006,0.4857843365503338,0.813006896019006
california,3,Random Forest,aligned,16,1024,64,0.0,1.0,0,0.0,15485.353933744002,1.0,,,,,stateful,random,,,,,,0.0,0.4857843365503338,0.813006896019006,0.4857843365503338,0.813006896019006
california,3,Ridge,app,16,1024,64,0.0,1.0,0,0.0,15485.353933744002,1.0,,,,,stateful,random,,,,,,0.0,0.6581037676758069,0.6568157643280077,0.6581037676758069,0.6568157643280077
california,3,Ridge,aligned,16,1024,64,0.0,1.0,0,0.0,15485.353933744002,1.0,,,,,stateful,random,,,,,,9.519295074422729e-17,0.6581037676758069,0.6568157643280077,0.6581037676758069,0.6568157643280077
california,3,XGBoost,app,256,1024,4,0.0,1.0,0,0.0,215656.12915606075,1.0,,,,,stateful,random,,,,,,0.0,0.45668838387345784,0.8347359063307,0.45668838387345784,0.8347359063307
california,3,XGBoost,aligned,256,1024,4,0.0,1.0,0,0.0,215656.12915606075,1.0,,,,,stateful,random,,,,,,0.0,0.45668838387345784,0.8347359063307,0.45668838387345784,0.8347359063307
california,3,Random Forest,app,256,1024,4,0.0,1.0,0,0.0,215656.12915606075,1.0,,,,,stateful,random,,,,,,0.0,0.4857843365503338,0.813006896019006,0.4857843365503338,0.813006896019006
california,3,Random Forest,aligned,256,1024,4,0.0,1.0,0,0.0,215656.12915606075,1.0,,,,,stateful,random,,,,,,0.0,0.4857843365503338,0.813006896019006,0.4857843365503338,0.813006896019006
california,3,Ridge,app,256,1024,4,0.0,1.0,0,0.0,215656.12915606075,1.0,,,,,stateful,random,,,,,,0.0,0.6581037676758069,0.6568157643280077,0.6581037676758069,0.6568157643280077
california,3,Ridge,aligned,256,1024,4,0.0,1.0,0,0.0,215656.12915606075,1.0,,,,,stateful,random,,,,,,9.519295074422729e-17,0.6581037676758069,0.6568157643280077,0.6581037676758069,0.6568157643280077
california,3,XGBoost,app,full,4128,1,0.0,1.0,0,0.0,2121601.5101010203,1.0,,,,,stateful,full test set,,,,,,0.0,0.46122495851285994,0.8391601845159423,0.46122495851285994,0.8391601845159423
california,3,XGBoost,aligned,full,4128,1,0.0,1.0,0,0.0,2121601.5101010203,1.0,,,,,stateful,full test set,,,,,,0.0,0.46122495851285994,0.8391601845159423,0.46122495851285994,0.8391601845159423
california,3,Random Forest,app,full,4128,1,0.0,1.0,0,0.0,2121601.5101010203,1.0,,,,,stateful,full test set,,,,,,0.0,0.4879988837489141,0.8199448190145505,0.4879988837489141,0.8199448190145505
california,3,Random Forest,aligned,full,4128,1,0.0,1.0,0,0.0,2121601.5101010203,1.0,,,,,stateful,full test set,,,,,,0.0,0.4879988837489141,0.8199448190145505,0.4879988837489141,0.8199448190145505
california,3,Ridge,app,full,4128,1,0.0,1.0,0,0.0,2121601.5101010203,1.0,,,,,stateful,full test set,,,,,,0.0,0.651602015659527,0.6789794729488895,0.651602015659527,0.6789794729488895
california,3,Ridge,aligned,full,4128,1,0.0,1.0,0,0.0,2121601.5101010203,1.0,,,,,stateful,full test set,,,,,,9.719830452992528e-17,0.651602015659527,0.6789794729488895,0.651602015659527,0.6789794729488895
california,3,XGBoost,app,1,1024,1024,1.0,0.0,0,0.0,88.47763838448022,,,,,,stateless,random,"ValueError: feature_names mismatch: ['MedInc', 'HouseAge', 'AveRooms', 'AveBedrms', 'Population', 'AveOccup', 'Latitude', 'Longitude'] []",,0.0,,0.0,,,,,
california,3,XGBoost,aligned,1,1024,1024,0.0,1.0,0,0.0,88.47763838448022,0.0,,,,,stateless,random,,0.0,1.0,0.0,1.0,1.0618204413331114,1.4905941846441642,-0.7605867168464111,0.45668838387345784,0.8347359063307
california,3,Random Forest,app,1,1024,1024,1.0,0.0,0,0.0,88.47763838448022,,,,,,stateless,random,ValueError: at least one array or dtype is required,,0.0,,0.0,,,,,
california,3,Random Forest,aligned,1,1024,1024,0.0,1.0,0,0.0,88.47763838448022,0.0,,,,,stateless,random,,0.0,1.0,0.0,1.0,1.2067895021484372,1.6246113094099448,-1.0914020053826472,0.4857843365503338,0.813006896019006
california,3,Ridge,app,1,1024,1024,1.0,0.0,0,0.0,88.47763838448022,,,,,,stateless,random,ValueError: at least one array or dtype is required,,0.0,,0.0,,,,,
california,3,Ridge,aligned,1,1024,1024,0.0,1.0,0,0.0,88.47763838448022,0.0,,,,,stateless,random,,0.0,1.0,0.0,1.0,0.7584825513751676,1.1241282028749797,-0.0013139425270580762,0.6581037676758069,0.6568157643280077
california,3,XGBoost,app,16,1024,64,0.234375,0.765625,0,0.0,788.7511150010188,0.0,,,,,stateless,random,"ValueError: feature_names mismatch: ['MedInc', 'HouseAge', 'AveRooms', 'AveBedrms', 'Population', 'AveOccup', 'Latitude', 'Longitude'] ['MedInc', 'HouseAge', 'AveRooms', 'A",0.0,0.765625,0.0,0.765625,0.45756952160475206,0.7587373898292143,0.5397007019511855,0.45175866710887685,0.836818723187755
california,3,XGBoost,aligned,16,1024,64,0.0,1.0,0,0.0,788.7511150010188,0.0,,,,,stateless,random,,0.0,1.0,0.0,1.0,0.6620155215787236,1.0994986866546523,0.04208272434606031,0.45668838387345784,0.8347359063307
california,3,Random Forest,app,16,1024,64,0.234375,0.765625,0,0.0,788.7511150010188,0.0,,,,,stateless,random,ValueError: The feature names should match those that were passed during fit.,0.0,0.765625,0.0,0.765625,0.36871995599489776,0.7066468086623707,0.600734169860214,0.47386692339845987,0.8204563164708104
california,3,Random Forest,aligned,16,1024,64,0.0,1.0,0,0.0,788.7511150010188,0.0,,,,,stateless,random,,0.0,1.0,0.0,1.0,0.43606644912109344,0.7931636396012496,0.5015011397404052,0.4857843365503338,0.813006896019006
california,3,Ridge,app,16,1024,64,0.234375,0.765625,0,0.0,788.7511150010188,0.0,,,,,stateless,random,ValueError: The feature names should match those that were passed during fit.,0.0,0.765625,0.0,0.765625,0.25898953305778266,0.7371029888954224,0.565576125446934,0.6519747775714684,0.660125227483048
california,3,Ridge,aligned,16,1024,64,0.0,1.0,0,0.0,788.7511150010188,0.0,,,,,stateless,random,,0.0,1.0,0.0,1.0,0.36592928203804487,0.8471720647217592,0.4313018323379133,0.6581037676758069,0.6568157643280077
california,3,XGBoost,app,256,1024,4,0.0,1.0,0,0.0,11847.32682465016,0.001953125,,,,,stateless,random,,0.001953125,1.0,0.001953125,1.0,0.2726100343570579,0.6064133706647312,0.7086090143031619,0.45668838387345784,0.8347359063307
california,3,XGBoost,aligned,256,1024,4,0.0,1.0,0,0.0,11847.32682465016,0.001953125,,,,,stateless,random,,0.001953125,1.0,0.001953125,1.0,0.2726100343570579,0.6064133706647312,0.7086090143031619,0.45668838387345784,0.8347359063307
california,3,Random Forest,app,256,1024,4,0.0,1.0,0,0.0,11847.32682465016,0.0,,,,,stateless,random,,0.0,1.0,0.0,1.0,0.15881972998046867,0.5566245604752189,0.7544933240404536,0.4857843365503338,0.813006896019006
california,3,Random Forest,aligned,256,1024,4,0.0,1.0,0,0.0,11847.32682465016,0.0,,,,,stateless,random,,0.0,1.0,0.0,1.0,0.15881972998046867,0.5566245604752189,0.7544933240404536,0.4857843365503338,0.813006896019006
california,3,Ridge,app,256,1024,4,0.0,1.0,0,0.0,11847.32682465016,0.0,,,,,stateless,random,,0.0,1.0,0.0,1.0,0.057776043226459864,0.6608587504652783,0.6539364444201512,0.6581037676758069,0.6568157643280077
california,3,Ridge,aligned,256,1024,4,0.0,1.0,0,0.0,11847.32682465016,0.0,,,,,stateless,random,,0.0,1.0,0.0,1.0,0.057776043226459864,0.6608587504652783,0.6539364444201512,0.6581037676758069,0.6568157643280077
california,3,XGBoost,app,full,4128,1,0.0,1.0,0,0.0,94419.4620887916,0.0562015503875969,,,,,stateless,full test set,,0.0562015503875969,1.0,0.0562015503875969,1.0,0.14813993025802133,0.512964364746284,0.8010507266004003,0.46122495851285994,0.8391601845159423
california,3,XGBoost,aligned,full,4128,1,0.0,1.0,0,0.0,94419.4620887916,0.0562015503875969,,,,,stateless,full test set,,0.0562015503875969,1.0,0.0562015503875969,1.0,0.14813993025802133,0.512964364746284,0.8010507266004003,0.46122495851285994,0.8391601845159423
california,3,Random Forest,app,full,4128,1,0.0,1.0,0,0.0,94419.4620887916,0.0,,,,,stateless,full test set,,0.0,1.0,0.0,1.0,0.06957840709786814,0.5101875676855622,0.803198815421864,0.4879988837489141,0.8199448190145505
california,3,Random Forest,aligned,full,4128,1,0.0,1.0,0,0.0,94419.4620887916,0.0,,,,,stateless,full test set,,0.0,1.0,0.0,1.0,0.06957840709786814,0.5101875676855622,0.803198815421864,0.4879988837489141,0.8199448190145505
california,3,Ridge,app,full,4128,1,0.0,1.0,0,0.0,94419.4620887916,0.0,,,,,stateless,full test set,,0.0,1.0,0.0,1.0,0.013762494940186103,0.6527189942613677,0.6778779404659323,0.651602015659527,0.6789794729488895
california,3,Ridge,aligned,full,4128,1,0.0,1.0,0,0.0,94419.4620887916,0.0,,,,,stateless,full test set,,0.0,1.0,0.0,1.0,0.013762494940186103,0.6527189942613677,0.6778779404659323,0.651602015659527,0.6789794729488895
california,4,XGBoost,app,1,1024,1024,0.0,1.0,0,0.0,1083.6756340088327,1.0,,,,,stateful,random,,,,,,0.0,0.4550204109796019,0.8385633251531202,0.4550204109796019,0.8385633251531202
california,4,XGBoost,aligned,1,1024,1024,0.0,1.0,0,0.0,1083.6756340088327,1.0,,,,,stateful,random,,,,,,0.0,0.4550204109796019,0.8385633251531202,0.4550204109796019,0.8385633251531202
california,4,Random Forest,app,1,1024,1024,0.0,1.0,0,0.0,1083.6756340088327,1.0,,,,,stateful,random,,,,,,0.0,0.5151988935079285,0.7930381536217457,0.5151988935079285,0.7930381536217457
california,4,Random Forest,aligned,1,1024,1024,0.0,1.0,0,0.0,1083.6756340088327,1.0,,,,,stateful,random,,,,,,0.0,0.5151988935079285,0.7930381536217457,0.5151988935079285,0.7930381536217457
california,4,Ridge,app,1,1024,1024,0.0,1.0,0,0.0,1083.6756340088327,1.0,,,,,stateful,random,,,,,,1.1058862159352145e-16,0.6984333167584639,0.619643937467822,0.6984333167584639,0.619643937467822
california,4,Ridge,aligned,1,1024,1024,0.0,1.0,0,0.0,1083.6756340088327,1.0,,,,,stateful,random,,,,,,1.1058862159352145e-16,0.6984333167584639,0.619643937467822,0.6984333167584639,0.619643937467822
california,4,XGBoost,app,16,1024,64,0.0,1.0,0,0.0,17399.608172935616,1.0,,,,,stateful,random,,,,,,0.0,0.4550204109796019,0.8385633251531202,0.4550204109796019,0.8385633251531202
california,4,XGBoost,aligned,16,1024,64,0.0,1.0,0,0.0,17399.608172935616,1.0,,,,,stateful,random,,,,,,0.0,0.4550204109796019,0.8385633251531202,0.4550204109796019,0.8385633251531202
california,4,Random Forest,app,16,1024,64,0.0,1.0,0,0.0,17399.608172935616,1.0,,,,,stateful,random,,,,,,0.0,0.5151988935079285,0.7930381536217457,0.5151988935079285,0.7930381536217457
california,4,Random Forest,aligned,16,1024,64,0.0,1.0,0,0.0,17399.608172935616,1.0,,,,,stateful,random,,,,,,0.0,0.5151988935079285,0.7930381536217457,0.5151988935079285,0.7930381536217457
california,4,Ridge,app,16,1024,64,0.0,1.0,0,0.0,17399.608172935616,1.0,,,,,stateful,random,,,,,,0.0,0.6984333167584639,0.619643937467822,0.6984333167584639,0.619643937467822
california,4,Ridge,aligned,16,1024,64,0.0,1.0,0,0.0,17399.608172935616,1.0,,,,,stateful,random,,,,,,8.933825901280557e-17,0.6984333167584639,0.619643937467822,0.6984333167584639,0.619643937467822
california,4,XGBoost,app,256,1024,4,0.0,1.0,0,0.0,241065.96791732567,1.0,,,,,stateful,random,,,,,,0.0,0.4550204109796019,0.8385633251531202,0.4550204109796019,0.8385633251531202
california,4,XGBoost,aligned,256,1024,4,0.0,1.0,0,0.0,241065.96791732567,1.0,,,,,stateful,random,,,,,,0.0,0.4550204109796019,0.8385633251531202,0.4550204109796019,0.8385633251531202
california,4,Random Forest,app,256,1024,4,0.0,1.0,0,0.0,241065.96791732567,1.0,,,,,stateful,random,,,,,,0.0,0.5151988935079285,0.7930381536217457,0.5151988935079285,0.7930381536217457
california,4,Random Forest,aligned,256,1024,4,0.0,1.0,0,0.0,241065.96791732567,1.0,,,,,stateful,random,,,,,,0.0,0.5151988935079285,0.7930381536217457,0.5151988935079285,0.7930381536217457
california,4,Ridge,app,256,1024,4,0.0,1.0,0,0.0,241065.96791732567,1.0,,,,,stateful,random,,,,,,0.0,0.6984333167584639,0.619643937467822,0.6984333167584639,0.619643937467822
california,4,Ridge,aligned,256,1024,4,0.0,1.0,0,0.0,241065.96791732567,1.0,,,,,stateful,random,,,,,,8.933825901280557e-17,0.6984333167584639,0.619643937467822,0.6984333167584639,0.619643937467822
california,4,XGBoost,app,full,4128,1,0.0,1.0,0,0.0,2951311.8130856245,1.0,,,,,stateful,full test set,,,,,,0.0,0.4588930741992783,0.8381158818847845,0.4588930741992783,0.8381158818847845
california,4,XGBoost,aligned,full,4128,1,0.0,1.0,0,0.0,2951311.8130856245,1.0,,,,,stateful,full test set,,,,,,0.0,0.4588930741992783,0.8381158818847845,0.4588930741992783,0.8381158818847845
california,4,Random Forest,app,full,4128,1,0.0,1.0,0,0.0,2951311.8130856245,1.0,,,,,stateful,full test set,,,,,,0.0,0.5039013725056022,0.8048033680114927,0.5039013725056022,0.8048033680114927
california,4,Random Forest,aligned,full,4128,1,0.0,1.0,0,0.0,2951311.8130856245,1.0,,,,,stateful,full test set,,,,,,0.0,0.5039013725056022,0.8048033680114927,0.5039013725056022,0.8048033680114927
california,4,Ridge,app,full,4128,1,0.0,1.0,0,0.0,2951311.8130856245,1.0,,,,,stateful,full test set,,,,,,0.0,0.6757537490505742,0.6489587397851428,0.6757537490505742,0.6489587397851428
california,4,Ridge,aligned,full,4128,1,0.0,1.0,0,0.0,2951311.8130856245,1.0,,,,,stateful,full test set,,,,,,9.262616513587789e-17,0.6757537490505742,0.6489587397851428,0.6757537490505742,0.6489587397851428
california,4,XGBoost,app,1,1024,1024,1.0,0.0,0,0.0,100.1084994398626,,,,,,stateless,random,"ValueError: feature_names mismatch: ['MedInc', 'HouseAge', 'AveRooms', 'AveBedrms', 'Population', 'AveOccup', 'Latitude', 'Longitude'] []",,0.0,,0.0,,,,,
california,4,XGBoost,aligned,1,1024,1024,0.0,1.0,0,0.0,100.1084994398626,0.0,,,,,stateless,random,,0.0,1.0,0.0,1.0,1.1377907792193582,1.5740927658246482,-0.9319731791917287,0.4550204109796019,0.8385633251531202
california,4,Random Forest,app,1,1024,1024,1.0,0.0,0,0.0,100.1084994398626,,,,,,stateless,random,ValueError: at least one array or dtype is required,,0.0,,0.0,,,,,
california,4,Random Forest,aligned,1,1024,1024,0.0,1.0,0,0.0,100.1084994398626,0.0,,,,,stateless,random,,0.0,1.0,0.0,1.0,1.1858401300781243,1.6074682312132829,-1.0147689266466595,0.5151988935079285,0.7930381536217457
california,4,Ridge,app,1,1024,1024,1.0,0.0,0,0.0,100.1084994398626,,,,,,stateless,random,ValueError: at least one array or dtype is required,,0.0,,0.0,,,,,
california,4,Ridge,aligned,1,1024,1024,0.0,1.0,0,0.0,100.1084994398626,0.0,,,,,stateless,random,,0.0,1.0,0.0,1.0,0.7717196178901737,1.1330275092402091,-0.0009706783647769335,0.6984333167584639,0.619643937467822
california,4,XGBoost,app,16,1024,64,0.328125,0.671875,0,0.0,884.7610792119876,0.0,,,,,stateless,random,"ValueError: feature_names mismatch: ['MedInc', 'HouseAge', 'AveRooms', 'AveBedrms', 'Population', 'AveOccup', 'Latitude', 'Longitude'] ['MedInc', 'HouseAge', 'AveRooms', 'A",0.0,0.671875,0.0,0.671875,0.48360737729384456,0.7989339240450791,0.48640522715535317,0.4582715223770243,0.8310163793626785
california,4,XGBoost,aligned,16,1024,64,0.0,1.0,0,0.0,884.7610792119876,0.0,,,,,stateless,random,,0.0,1.0,0.0,1.0,0.7830027404270368,1.2474425062549657,-0.2133372304452652,0.4550204109796019,0.8385633251531202
california,4,Random Forest,app,16,1024,64,0.328125,0.671875,0,0.0,884.7610792119876,0.0,,,,,stateless,random,ValueError: The feature names should match those that were passed during fit.,0.0,0.671875,0.0,0.671875,0.382208119476744,0.7503013912838778,0.5470290259489943,0.5279250408954357,0.7757443494801712
california,4,Random Forest,aligned,16,1024,64,0.0,1.0,0,0.0,884.7610792119876,0.0,,,,,stateless,random,,0.0,1.0,0.0,1.0,0.4490194031249997,0.8140792069225301,0.4832579885547257,0.5151988935079285,0.7930381536217457
california,4,Ridge,app,16,1024,64,0.328125,0.671875,0,0.0,884.7610792119876,0.0,,,,,stateless,random,ValueError: The feature names should match those that were passed during fit.,0.0,0.671875,0.0,0.671875,0.28211686135138786,0.7943195115402938,0.49232084553286337,0.6980985952154681,0.6078678971306403
california,4,Ridge,aligned,16,1024,64,0.0,1.0,0,0.0,884.7610792119876,0.0,,,,,stateless,random,,0.0,1.0,0.0,1.0,0.43845428954025656,0.9241099357600374,0.3341326407662214,0.6984333167584639,0.619643937467822
california,4,XGBoost,app,256,1024,4,0.0,1.0,0,0.0,14889.434309158865,0.00390625,,,,,stateless,random,,0.00390625,1.0,0.00390625,1.0,0.2424623457918642,0.5628816254070601,0.7529558406380735,0.4550204109796019,0.8385633251531202
california,4,XGBoost,aligned,256,1024,4,0.0,1.0,0,0.0,14889.434309158865,0.00390625,,,,,stateless,random,,0.00390625,1.0,0.00390625,1.0,0.2424623457918642,0.5628816254070601,0.7529558406380735,0.4550204109796019,0.8385633251531202
california,4,Random Forest,app,256,1024,4,0.0,1.0,0,0.0,14889.434309158865,0.0009765625,,,,,stateless,random,,0.0009765625,1.0,0.0009765625,1.0,0.13906915634765615,0.5755440700581353,0.7417159341863118,0.5151988935079285,0.7930381536217457
california,4,Random Forest,aligned,256,1024,4,0.0,1.0,0,0.0,14889.434309158865,0.0009765625,,,,,stateless,random,,0.0009765625,1.0,0.0009765625,1.0,0.13906915634765615,0.5755440700581353,0.7417159341863118,0.5151988935079285,0.7930381536217457
california,4,Ridge,app,256,1024,4,0.0,1.0,0,0.0,14889.434309158865,0.0,,,,,stateless,random,,0.0,1.0,0.0,1.0,0.05723478244424368,0.7014720449084643,0.6163270482014096,0.6984333167584639,0.619643937467822
california,4,Ridge,aligned,256,1024,4,0.0,1.0,0,0.0,14889.434309158865,0.0,,,,,stateless,random,,0.0,1.0,0.0,1.0,0.05723478244424368,0.7014720449084644,0.6163270482014096,0.6984333167584639,0.619643937467822
california,4,XGBoost,app,full,4128,1,0.0,1.0,0,0.0,123093.80535903132,0.10925387596899225,,,,,stateless,full test set,,0.10925387596899225,1.0,0.10925387596899225,1.0,0.10331242316395275,0.48326196229440554,0.8204661007200879,0.4588930741992783,0.8381158818847845
california,4,XGBoost,aligned,full,4128,1,0.0,1.0,0,0.0,123093.80535903132,0.10925387596899225,,,,,stateless,full test set,,0.10925387596899225,1.0,0.10925387596899225,1.0,0.10331242316395275,0.48326196229440554,0.8204661007200879,0.4588930741992783,0.8381158818847845
california,4,Random Forest,app,full,4128,1,0.0,1.0,0,0.0,123093.80535903132,0.002180232558139535,,,,,stateless,full test set,,0.002180232558139535,1.0,0.002180232558139535,1.0,0.0467715018895348,0.5159111790766132,0.7953879934245098,0.5039013725056022,0.8048033680114927
california,4,Random Forest,aligned,full,4128,1,0.0,1.0,0,0.0,123093.80535903132,0.002180232558139535,,,,,stateless,full test set,,0.002180232558139535,1.0,0.002180232558139535,1.0,0.0467715018895348,0.5159111790766132,0.7953879934245098,0.5039013725056022,0.8048033680114927
california,4,Ridge,app,full,4128,1,0.0,1.0,0,0.0,123093.80535903132,0.00024224806201550387,,,,,stateless,full test set,,0.00024224806201550387,1.0,0.00024224806201550387,1.0,0.004936668131346232,0.6761430118924947,0.6485541939691487,0.6757537490505742,0.6489587397851428
california,4,Ridge,aligned,full,4128,1,0.0,1.0,0,0.0,123093.80535903132,0.00024224806201550387,,,,,stateless,full test set,,0.00024224806201550387,1.0,0.00024224806201550387,1.0,0.004936668131346233,0.6761430118924947,0.6485541939691486,0.6757537490505742,0.6489587397851428
