dataset,seed,model,mode,batch_size,n_rows,n_batches,crash_rate,row_coverage,rows_dropped_by_preprocessor,transform_crash_rate,transform_rows_per_s,preprocessing,stream,top_error,agreement_vs_offline,served_Accuracy,served_F1,offline_Accuracy,offline_F1,agreement_vs_stateful_app,rows_served_by_both_app,agreement_vs_stateful_aligned,rows_served_by_both_aligned,mean_abs_pred_diff,served_RMSE,served_R2,offline_RMSE,offline_R2
adult,0,XGBoost,app,1,1024,1024,1.0,0.0,0,0.0,107.92532567642525,stateful,random,"ValueError: feature_names mismatch: ['age', 'fnlwgt', 'education', 'education-num', 'occupation', 'sex', 'hours-per-week', 'workclass_Local-gov', 'workclass_Never-worked', ",,,,,,,,,,,,,,
adult,0,XGBoost,aligned,1,1024,1024,0.0,1.0,0,0.0,107.92532567642525,stateful,random,,0.81640625,0.775390625,0.24836601307189543,0.8203125,0.6198347107438016,,,,,,,,,
adult,0,Random Forest,app,1,1024,1024,1.0,0.0,0,0.0,107.92532567642525,stateful,random,ValueError: The feature names should match those that were passed during fit.,,,,,,,,,,,,,,
adult,0,Random Forest,aligned,1,1024,1024,0.0,1.0,0,0.0,107.92532567642525,stateful,random,,0.818359375,0.7880859375,0.2931596091205212,0.8232421875,0.6252587991718427,,,,,,,,,
adult,0,Logistic Regression,app,1,1024,1024,1.0,0.0,0,0.0,107.92532567642525,stateful,random,ValueError: The feature names should match those that were passed during fit.,,,,,,,,,,,,,,
adult,0,Logistic Regression,aligned,1,1024,1024,0.0,1.0,0,0.0,107.92532567642525,stateful,random,,0.83203125,0.779296875,0.27096774193548384,0.83203125,0.6293103448275862,,,,,,,,,
adult,0,XGBoost,app,16,1024,64,1.0,0.0,0,0.0,1455.1706963377867,stateful,random,"ValueError: feature_names mismatch: ['age', 'fnlwgt', 'education', 'education-num', 'occupation', 'sex', 'hours-per-week', 'workclass_Local-gov', 'workclass_Never-worked', ",,,,,,,,,,,,,,
adult,0,XGBoost,aligned,16,1024,64,0.0,1.0,0,0.0,1455.1706963377867,stateful,random,,0.9814453125,0.8212890625,0.6163522012578616,0.8203125,0.6198347107438016,,,,,,,,,
adult,0,Random Forest,app,16,1024,64,1.0,0.0,0,0.0,1455.1706963377867,stateful,random,ValueError: The feature names should match those that were passed during fit.,,,,,,,,,,,,,,
adult,0,Random Forest,aligned,16,1024,64,0.0,1.0,0,0.0,1455.1706963377867,stateful,random,,0.970703125,0.8291015625,0.626865671641791,0.8232421875,0.6252587991718427,,,,,,,,,
adult,0,Logistic Regression,app,16,1024,64,1.0,0.0,0,0.0,1455.1706963377867,stateful,random,ValueError: The feature names should match those that were passed during fit.,,,,,,,,,,,,,,
adult,0,Logistic Regression,aligned,16,1024,64,0.0,1.0,0,0.0,1455.1706963377867,stateful,random,,0.955078125,0.826171875,0.6322314049586777,0.83203125,0.6293103448275862,,,,,,,,,
adult,0,XGBoost,app,256,1024,4,1.0,0.0,0,0.0,14016.431802237441,stateful,random,"ValueError: feature_names mismatch: ['age', 'fnlwgt', 'education', 'education-num', 'occupation', 'sex', 'hours-per-week', 'workclass_Local-gov', 'workclass_Never-worked', ",,,,,,,,,,,,,,
adult,0,XGBoost,aligned,256,1024,4,0.0,1.0,0,0.0,14016.431802237441,stateful,random,,1.0,0.8203125,0.6198347107438016,0.8203125,0.6198347107438016,,,,,,,,,
adult,0,Random Forest,app,256,1024,4,1.0,0.0,0,0.0,14016.431802237441,stateful,random,ValueError: The feature names should match those that were passed during fit.,,,,,,,,,,,,,,
adult,0,Random Forest,aligned,256,1024,4,0.0,1.0,0,0.0,14016.431802237441,stateful,random,,1.0,0.8232421875,0.6252587991718427,0.8232421875,0.6252587991718427,,,,,,,,,
adult,0,Logistic Regression,app,256,1024,4,1.0,0.0,0,0.0,14016.431802237441,stateful,random,ValueError: The feature names should match those that were passed during fit.,,,,,,,,,,,,,,
adult,0,Logistic Regression,aligned,256,1024,4,0.0,1.0,0,0.0,14016.431802237441,stateful,random,,0.9736328125,0.8291015625,0.6346555323590815,0.83203125,0.6293103448275862,,,,,,,,,
adult,0,XGBoost,app,full,9758,1,1.0,0.0,0,0.0,23650.933817292716,stateful,full test set,"ValueError: feature_names mismatch: ['age', 'fnlwgt', 'education', 'education-num', 'occupation', 'sex', 'hours-per-week', 'workclass_Local-gov', 'workclass_Never-worked', ",,,,,,,,,,,,,,
adult,0,XGBoost,aligned,full,9758,1,0.0,1.0,0,0.0,23650.933817292716,stateful,full test set,,1.0,0.8358270137323222,0.6305350553505535,0.8358270137323222,0.6305350553505535,,,,,,,,,
adult,0,Random Forest,app,full,9758,1,1.0,0.0,0,0.0,23650.933817292716,stateful,full test set,ValueError: The feature names should match those that were passed during fit.,,,,,,,,,,,,,,
adult,0,Random Forest,aligned,full,9758,1,0.0,1.0,0,0.0,23650.933817292716,stateful,full test set,,1.0,0.8292682926829268,0.6134570765661252,0.8292682926829268,0.6134570765661252,,,,,,,,,
adult,0,Logistic Regression,app,full,9758,1,1.0,0.0,0,0.0,23650.933817292716,stateful,full test set,ValueError: The feature names should match those that were passed during fit.,,,,,,,,,,,,,,
adult,0,Logistic Regression,aligned,full,9758,1,0.0,1.0,0,0.0,23650.933817292716,stateful,full test set,,0.9749948759991801,0.8303955728632917,0.6095777305968388,0.833879893420783,0.6077909508831357,,,,,,,,,
adult,0,XGBoost,app,1,1024,1024,1.0,0.0,0,0.0,26.726908607807644,stateless,random,"ValueError: feature_names mismatch: ['age', 'fnlwgt', 'education', 'education-num', 'occupation', 'sex', 'hours-per-week', 'workclass_Local-gov', 'workclass_Never-worked', ",,,,,,,0.0,,0.0,,,,,
adult,0,XGBoost,aligned,1,1024,1024,0.0,1.0,0,0.0,26.726908607807644,stateless,random,,0.775390625,0.751953125,0.0,0.8203125,0.6198347107438016,,0.0,0.94921875,1.0,,,,,
adult,0,Random Forest,app,1,1024,1024,1.0,0.0,0,0.0,26.726908607807644,stateless,random,ValueError: The feature names should match those that were passed during fit.,,,,,,,0.0,,0.0,,,,,
adult,0,Random Forest,aligned,1,1024,1024,0.0,1.0,0,0.0,26.726908607807644,stateless,random,,0.7763671875,0.751953125,0.0,0.8232421875,0.6252587991718427,,0.0,0.9482421875,1.0,,,,,
adult,0,Logistic Regression,app,1,1024,1024,1.0,0.0,0,0.0,26.726908607807644,stateless,random,ValueError: The feature names should match those that were passed during fit.,,,,,,,0.0,,0.0,,,,,
adult,0,Logistic Regression,aligned,1,1024,1024,0.0,1.0,0,0.0,26.726908607807644,stateless,random,,0.794921875,0.751953125,0.0,0.83203125,0.6293103448275862,,0.0,0.9453125,1.0,,,,,
adult,0,XGBoost,app,16,1024,64,1.0,0.0,0,0.0,354.75183853578216,stateless,random,"ValueError: feature_names mismatch: ['age', 'fnlwgt', 'education', 'education-num', 'occupation', 'sex', 'hours-per-week', 'workclass_Local-gov', 'workclass_Never-worked', ",,,,,,,0.0,,0.0,,,,,
adult,0,XGBoost,aligned,16,1024,64,0.0,1.0,0,0.0,354.75183853578216,stateless,random,,0.81640625,0.76953125,0.40703517587939697,0.8203125,0.6198347107438016,,0.0,0.8291015625,1.0,,,,,
adult,0,Random Forest,app,16,1024,64,1.0,0.0,0,0.0,354.75183853578216,stateless,random,ValueError: The feature names should match those that were passed during fit.,,,,,,,0.0,,0.0,,,,,
adult,0,Random Forest,aligned,16,1024,64,0.0,1.0,0,0.0,354.75183853578216,stateless,random,,0.8349609375,0.787109375,0.47596153846153844,0.8232421875,0.6252587991718427,,0.0,0.8505859375,1.0,,,,,
adult,0,Logistic Regression,app,16,1024,64,1.0,0.0,0,0.0,354.75183853578216,stateless,random,ValueError: The feature names should match those that were passed during fit.,,,,,,,0.0,,0.0,,,,,
adult,0,Logistic Regression,aligned,16,1024,64,0.0,1.0,0,0.0,354.75183853578216,stateless,random,,0.880859375,0.79296875,0.4646464646464647,0.83203125,0.6293103448275862,,0.0,0.88671875,1.0,,,,,
adult,0,XGBoost,app,256,1024,4,1.0,0.0,0,0.0,5298.30746453245,stateless,random,"ValueError: feature_names mismatch: ['age', 'fnlwgt', 'education', 'education-num', 'occupation', 'sex', 'hours-per-week', 'workclass_Local-gov', 'workclass_Never-worked', ",,,,,,,0.0,,0.0,,,,,
adult,0,XGBoost,aligned,256,1024,4,0.0,1.0,0,0.0,5298.30746453245,stateless,random,,0.7861328125,0.7568359375,0.3430079155672823,0.8203125,0.6198347107438016,,0.0,0.7861328125,1.0,,,,,
adult,0,Random Forest,app,256,1024,4,1.0,0.0,0,0.0,5298.30746453245,stateless,random,ValueError: The feature names should match those that were passed during fit.,,,,,,,0.0,,0.0,,,,,
adult,0,Random Forest,aligned,256,1024,4,0.0,1.0,0,0.0,5298.30746453245,stateless,random,,0.818359375,0.7978515625,0.49878934624697335,0.8232421875,0.6252587991718427,,0.0,0.818359375,1.0,,,,,
adult,0,Logistic Regression,app,256,1024,4,1.0,0.0,0,0.0,5298.30746453245,stateless,random,ValueError: The feature names should match those that were passed during fit.,,,,,,,0.0,,0.0,,,,,
adult,0,Logistic Regression,aligned,256,1024,4,0.0,1.0,0,0.0,5298.30746453245,stateless,random,,0.90234375,0.818359375,0.535,0.83203125,0.6293103448275862,,0.0,0.9033203125,1.0,,,,,
adult,0,XGBoost,app,full,9758,1,1.0,0.0,0,0.0,61162.16959997005,stateless,full test set,"ValueError: feature_names mismatch: ['age', 'fnlwgt', 'education', 'education-num', 'occupation', 'sex', 'hours-per-week', 'workclass_Local-gov', 'workclass_Never-worked', ",,,,,,,0.0,,0.0,,,,,
adult,0,XGBoost,aligned,full,9758,1,0.0,1.0,0,0.0,61162.16959997005,stateless,full test set,,0.8069276491084239,0.7675753228120517,0.36859688195991097,0.8358270137323222,0.6305350553505535,,0.0,0.8069276491084239,1.0,,,,,
adult,0,Random Forest,app,full,9758,1,1.0,0.0,0,0.0,61162.16959997005,stateless,full test set,ValueError: The feature names should match those that were passed during fit.,,,,,,,0.0,,0.0,,,,,
adult,0,Random Forest,aligned,full,9758,1,0.0,1.0,0,0.0,61162.16959997005,stateless,full test set,,0.8662635786021726,0.8103094896495183,0.5220759101471728,0.8292682926829268,0.6134570765661252,,0.0,0.8662635786021726,1.0,,,,,
adult,0,Logistic Regression,app,full,9758,1,1.0,0.0,0,0.0,61162.16959997005,stateless,full test set,ValueError: The feature names should match those that were passed during fit.,,,,,,,0.0,,0.0,,,,,
adult,0,Logistic Regression,aligned,full,9758,1,0.0,1.0,0,0.0,61162.16959997005,stateless,full test set,,0.9220127075220332,0.8186103709776593,0.5200650759219089,0.833879893420783,0.6077909508831357,,0.0,0.921602787456446,1.0,,,,,
adult,1,XGBoost,app,1,1024,1024,1.0,0.0,0,0.0,105.70593479162247,stateful,random,"ValueError: feature_names mismatch: ['age', 'fnlwgt', 'education', 'education-num', 'occupation', 'sex', 'hours-per-week', 'workclass_Local-gov', 'workclass_Never-worked', ",,,,,,,,,,,,,,
adult,1,XGBoost,aligned,1,1024,1024,0.0,1.0,0,0.0,105.70593479162247,stateful,random,,0.826171875,0.771484375,0.19863013698630136,0.833984375,0.6304347826086956,,,,,,,,,
adult,1,Random Forest,app,1,1024,1024,1.0,0.0,0,0.0,105.70593479162247,stateful,random,ValueError: The feature names should match those that were passed during fit.,,,,,,,,,,,,,,
adult,1,Random Forest,aligned,1,1024,1024,0.0,1.0,0,0.0,105.70593479162247,stateful,random,,0.8251953125,0.77734375,0.17391304347826086,0.8349609375,0.6236080178173719,,,,,,,,,
adult,1,Logistic Regression,app,1,1024,1024,1.0,0.0,0,0.0,105.70593479162247,stateful,random,ValueError: The feature names should match those that were passed during fit.,,,,,,,,,,,,,,
adult,1,Logistic Regression,aligned,1,1024,1024,0.0,1.0,0,0.0,105.70593479162247,stateful,random,,0.84765625,0.7734375,0.2108843537414966,0.84375,0.627906976744186,,,,,,,,,
adult,1,XGBoost,app,16,1024,64,1.0,0.0,0,0.0,1525.8965733933426,stateful,random,"ValueError: feature_names mismatch: ['age', 'fnlwgt', 'education', 'education-num', 'occupation', 'sex', 'hours-per-week', 'workclass_Local-gov', 'workclass_Never-worked', ",,,,,,,,,,,,,,
adult,1,XGBoost,aligned,16,1024,64,0.0,1.0,0,0.0,1525.8965733933426,stateful,random,,0.9853515625,0.8291015625,0.6153846153846154,0.833984375,0.6304347826086956,,,,,,,,,
adult,1,Random Forest,app,16,1024,64,1.0,0.0,0,0.0,1525.8965733933426,stateful,random,ValueError: The feature names should match those that were passed during fit.,,,,,,,,,,,,,,
adult,1,Random Forest,aligned,16,1024,64,0.0,1.0,0,0.0,1525.8965733933426,stateful,random,,0.9716796875,0.830078125,0.6133333333333333,0.8349609375,0.6236080178173719,,,,,,,,,
adult,1,Logistic Regression,app,16,1024,64,1.0,0.0,0,0.0,1525.8965733933426,stateful,random,ValueError: The feature names should match those that were passed during fit.,,,,,,,,,,,,,,
adult,1,Logistic Regression,aligned,16,1024,64,0.0,1.0,0,0.0,1525.8965733933426,stateful,random,,0.951171875,0.830078125,0.6167400881057269,0.84375,0.627906976744186,,,,,,,,,
adult,1,XGBoost,app,256,1024,4,1.0,0.0,0,0.0,13783.077113615525,stateful,random,"ValueError: feature_names mismatch: ['age', 'fnlwgt', 'education', 'education-num', 'occupation', 'sex', 'hours-per-week', 'workclass_Local-gov', 'workclass_Never-worked', ",,,,,,,,,,,,,,
adult,1,XGBoost,aligned,256,1024,4,0.0,1.0,0,0.0,13783.077113615525,stateful,random,,1.0,0.833984375,0.6304347826086956,0.833984375,0.6304347826086956,,,,,,,,,
adult,1,Random Forest,app,256,1024,4,1.0,0.0,0,0.0,13783.077113615525,stateful,random,ValueError: The feature names should match those that were passed during fit.,,,,,,,,,,,,,,
adult,1,Random Forest,aligned,256,1024,4,0.0,1.0,0,0.0,13783.077113615525,stateful,random,,1.0,0.8349609375,0.6236080178173719,0.8349609375,0.6236080178173719,,,,,,,,,
adult,1,Logistic Regression,app,256,1024,4,1.0,0.0,0,0.0,13783.077113615525,stateful,random,ValueError: The feature names should match those that were passed during fit.,,,,,,,,,,,,,,
adult,1,Logistic Regression,aligned,256,1024,4,0.0,1.0,0,0.0,13783.077113615525,stateful,random,,0.970703125,0.8359375,0.625,0.84375,0.627906976744186,,,,,,,,,
adult,1,XGBoost,app,full,9758,1,1.0,0.0,0,0.0,26511.42595727929,stateful,full test set,"ValueError: feature_names mismatch: ['age', 'fnlwgt', 'education', 'education-num', 'occupation', 'sex', 'hours-per-week', 'workclass_Local-gov', 'workclass_Never-worked', ",,,,,,,,,,,,,,
adult,1,XGBoost,aligned,full,9758,1,0.0,1.0,0,0.0,26511.42595727929,stateful,full test set,,1.0,0.8387989342078295,0.6363005780346821,0.8387989342078295,0.6363005780346821,,,,,,,,,
adult,1,Random Forest,app,full,9758,1,1.0,0.0,0,0.0,26511.42595727929,stateful,full test set,ValueError: The feature names should match those that were passed during fit.,,,,,,,,,,,,,,
adult,1,Random Forest,aligned,full,9758,1,0.0,1.0,0,0.0,26511.42595727929,stateful,full test set,,1.0,0.8331625333060053,0.6240184757505773,0.8331625333060053,0.6240184757505773,,,,,,,,,
adult,1,Logistic Regression,app,full,9758,1,1.0,0.0,0,0.0,26511.42595727929,stateful,full test set,ValueError: The feature names should match those that were passed during fit.,,,,,,,,,,,,,,
adult,1,Logistic Regression,aligned,full,9758,1,0.0,1.0,0,0.0,26511.42595727929,stateful,full test set,,0.9742775158844026,0.8304980528796885,0.608983451536643,0.8377741340438615,0.6151227814247509,,,,,,,,,
adult,1,XGBoost,app,1,1024,1024,1.0,0.0,0,0.0,25.948379956152657,stateless,random,"ValueError: feature_names mismatch: ['age', 'fnlwgt', 'education', 'education-num', 'occupation', 'sex', 'hours-per-week', 'workclass_Local-gov', 'workclass_Never-worked', ",,,,,,,0.0,,0.0,,,,,
adult,1,XGBoost,aligned,1,1024,1024,0.0,1.0,0,0.0,25.948379956152657,stateless,random,,0.7890625,0.76171875,0.0,0.833984375,0.6304347826086956,,0.0,0.953125,1.0,,,,,
adult,1,Random Forest,app,1,1024,1024,1.0,0.0,0,0.0,25.948379956152657,stateless,random,ValueError: The feature names should match those that were passed during fit.,,,,,,,0.0,,0.0,,,,,
adult,1,Random Forest,aligned,1,1024,1024,0.0,1.0,0,0.0,25.948379956152657,stateless,random,,0.7998046875,0.76171875,0.0,0.8349609375,0.6236080178173719,,0.0,0.96875,1.0,,,,,
adult,1,Logistic Regression,app,1,1024,1024,1.0,0.0,0,0.0,25.948379956152657,stateless,random,ValueError: The feature names should match those that were passed during fit.,,,,,,,0.0,,0.0,,,,,
adult,1,Logistic Regression,aligned,1,1024,1024,0.0,1.0,0,0.0,25.948379956152657,stateless,random,,0.818359375,0.76171875,0.0,0.84375,0.627906976744186,,0.0,0.951171875,1.0,,,,,
adult,1,XGBoost,app,16,1024,64,1.0,0.0,0,0.0,382.12356494285547,stateless,random,"ValueError: feature_names mismatch: ['age', 'fnlwgt', 'education', 'education-num', 'occupation', 'sex', 'hours-per-week', 'workclass_Local-gov', 'workclass_Never-worked', ",,,,,,,0.0,,0.0,,,,,
adult,1,XGBoost,aligned,16,1024,64,0.0,1.0,0,0.0,382.12356494285547,stateless,random,,0.7978515625,0.7705078125,0.3733333333333333,0.833984375,0.6304347826086956,,0.0,0.802734375,1.0,,,,,
adult,1,Random Forest,app,16,1024,64,1.0,0.0,0,0.0,382.12356494285547,stateless,random,ValueError: The feature names should match those that were passed during fit.,,,,,,,0.0,,0.0,,,,,
adult,1,Random Forest,aligned,16,1024,64,0.0,1.0,0,0.0,382.12356494285547,stateless,random,,0.8447265625,0.79296875,0.4903846153846154,0.8349609375,0.6236080178173719,,0.0,0.861328125,1.0,,,,,
adult,1,Logistic Regression,app,16,1024,64,1.0,0.0,0,0.0,382.12356494285547,stateless,random,ValueError: The feature names should match those that were passed during fit.,,,,,,,0.0,,0.0,,,,,
adult,1,Logistic Regression,aligned,16,1024,64,0.0,1.0,0,0.0,382.12356494285547,stateless,random,,0.8984375,0.80078125,0.4795918367346938,0.84375,0.627906976744186,,0.0,0.8984375,1.0,,,,,
adult,1,XGBoost,app,256,1024,4,1.0,0.0,0,0.0,5473.129284266665,stateless,random,"ValueError: feature_names mismatch: ['age', 'fnlwgt', 'education', 'education-num', 'occupation', 'sex', 'hours-per-week', 'workclass_Local-gov', 'workclass_Never-worked', ",,,,,,,0.0,,0.0,,,,,
adult,1,XGBoost,aligned,256,1024,4,0.0,1.0,0,0.0,5473.129284266665,stateless,random,,0.7861328125,0.7685546875,0.37467018469656993,0.833984375,0.6304347826086956,,0.0,0.7861328125,1.0,,,,,
adult,1,Random Forest,app,256,1024,4,1.0,0.0,0,0.0,5473.129284266665,stateless,random,ValueError: The feature names should match those that were passed during fit.,,,,,,,0.0,,0.0,,,,,
adult,1,Random Forest,aligned,256,1024,4,0.0,1.0,0,0.0,5473.129284266665,stateless,random,,0.8525390625,0.798828125,0.4744897959183673,0.8349609375,0.6236080178173719,,0.0,0.8525390625,1.0,,,,,
adult,1,Logistic Regression,app,256,1024,4,1.0,0.0,0,0.0,5473.129284266665,stateless,random,ValueError: The feature names should match those that were passed during fit.,,,,,,,0.0,,0.0,,,,,
adult,1,Logistic Regression,aligned,256,1024,4,0.0,1.0,0,0.0,5473.129284266665,stateless,random,,0.9169921875,0.8076171875,0.4718498659517426,0.84375,0.627906976744186,,0.0,0.9111328125,1.0,,,,,
adult,1,XGBoost,app,full,9758,1,1.0,0.0,0,0.0,64364.20170231102,stateless,full test set,"ValueError: feature_names mismatch: ['age', 'fnlwgt', 'education', 'education-num', 'occupation', 'sex', 'hours-per-week', 'workclass_Local-gov', 'workclass_Never-worked', ",,,,,,,0.0,,0.0,,,,,
adult,1,XGBoost,aligned,full,9758,1,0.0,1.0,0,0.0,64364.20170231102,stateless,full test set,,0.7996515679442509,0.7624513219922116,0.37755102040816324,0.8387989342078295,0.6363005780346821,,0.0,0.7996515679442509,1.0,,,,,
adult,1,Random Forest,app,full,9758,1,1.0,0.0,0,0.0,64364.20170231102,stateless,full test set,ValueError: The feature names should match those that were passed during fit.,,,,,,,0.0,,0.0,,,,,
adult,1,Random Forest,aligned,full,9758,1,0.0,1.0,0,0.0,64364.20170231102,stateless,full test set,,0.8529411764705882,0.7982168477146956,0.4913459054507879,0.8331625333060053,0.6240184757505773,,0.0,0.8529411764705882,1.0,,,,,
adult,1,Logistic Regression,app,full,9758,1,1.0,0.0,0,0.0,64364.20170231102,stateless,full test set,ValueError: The feature names should match those that were passed during fit.,,,,,,,0.0,,0.0,,,,,
adult,1,Logistic Regression,aligned,full,9758,1,0.0,1.0,0,0.0,64364.20170231102,stateless,full test set,,0.9270342283254766,0.8199426111908178,0.5275611723581608,0.8377741340438615,0.6151227814247509,,0.0,0.9222176675548268,1.0,,,,,
adult,2,XGBoost,app,1,1024,1024,1.0,0.0,0,0.0,106.11397854223843,stateful,random,"ValueError: feature_names mismatch: ['age', 'fnlwgt', 'education', 'education-num', 'occupation', 'sex', 'hours-per-week', 'workclass_Local-gov', 'workclass_Never-worked', ",,,,,,,,,,,,,,
adult,2,XGBoost,aligned,1,1024,1024,0.0,1.0,0,0.0,106.11397854223843,stateful,random,,0.84765625,0.8056640625,0.2546816479400749,0.8466796875,0.6270783847980999,,,,,,,,,
adult,2,Random Forest,app,1,1024,1024,1.0,0.0,0,0.0,106.11397854223843,stateful,random,ValueError: The feature names should match those that were passed during fit.,,,,,,,,,,,,,,
adult,2,Random Forest,aligned,1,1024,1024,0.0,1.0,0,0.0,106.11397854223843,stateful,random,,0.8359375,0.802734375,0.2518518518518519,0.83984375,0.6150234741784038,,,,,,,,,
adult,2,Logistic Regression,app,1,1024,1024,1.0,0.0,0,0.0,106.11397854223843,stateful,random,ValueError: The feature names should match those that were passed during fit.,,,,,,,,,,,,,,
adult,2,Logistic Regression,aligned,1,1024,1024,0.0,1.0,0,0.0,106.11397854223843,stateful,random,,0.8505859375,0.794921875,0.22794117647058826,0.8427734375,0.6063569682151589,,,,,,,,,
adult,2,XGBoost,app,16,1024,64,1.0,0.0,0,0.0,1691.054233922631,stateful,random,"ValueError: feature_names mismatch: ['age', 'fnlwgt', 'education', 'education-num', 'occupation', 'sex', 'hours-per-week', 'workclass_Local-gov', 'workclass_Never-worked', ",,,,,,,,,,,,,,
adult,2,XGBoost,aligned,16,1024,64,0.0,1.0,0,0.0,1691.054233922631,stateful,random,,0.96875,0.8447265625,0.6054590570719603,0.8466796875,0.6270783847980999,,,,,,,,,
adult,2,Random Forest,app,16,1024,64,1.0,0.0,0,0.0,1691.054233922631,stateful,random,ValueError: The feature names should match those that were passed during fit.,,,,,,,,,,,,,,
adult,2,Random Forest,aligned,16,1024,64,0.0,1.0,0,0.0,1691.054233922631,stateful,random,,0.9658203125,0.8310546875,0.5811138014527845,0.83984375,0.6150234741784038,,,,,,,,,
adult,2,Logistic Regression,app,16,1024,64,1.0,0.0,0,0.0,1691.054233922631,stateful,random,ValueError: The feature names should match those that were passed during fit.,,,,,,,,,,,,,,
adult,2,Logistic Regression,aligned,16,1024,64,0.0,1.0,0,0.0,1691.054233922631,stateful,random,,0.9560546875,0.833984375,0.5771144278606966,0.8427734375,0.6063569682151589,,,,,,,,,
adult,2,XGBoost,app,256,1024,4,1.0,0.0,0,0.0,11277.955838952148,stateful,random,"ValueError: feature_names mismatch: ['age', 'fnlwgt', 'education', 'education-num', 'occupation', 'sex', 'hours-per-week', 'workclass_Local-gov', 'workclass_Never-worked', ",,,,,,,,,,,,,,
adult,2,XGBoost,aligned,256,1024,4,0.0,1.0,0,0.0,11277.955838952148,stateful,random,,0.9990234375,0.84765625,0.6285714285714286,0.8466796875,0.6270783847980999,,,,,,,,,
adult,2,Random Forest,app,256,1024,4,1.0,0.0,0,0.0,11277.955838952148,stateful,random,ValueError: The feature names should match those that were passed during fit.,,,,,,,,,,,,,,
adult,2,Random Forest,aligned,256,1024,4,0.0,1.0,0,0.0,11277.955838952148,stateful,random,,0.9990234375,0.8408203125,0.6164705882352942,0.83984375,0.6150234741784038,,,,,,,,,
adult,2,Logistic Regression,app,256,1024,4,1.0,0.0,0,0.0,11277.955838952148,stateful,random,ValueError: The feature names should match those that were passed during fit.,,,,,,,,,,,,,,
adult,2,Logistic Regression,aligned,256,1024,4,0.0,1.0,0,0.0,11277.955838952148,stateful,random,,0.98046875,0.8369140625,0.5975903614457831,0.8427734375,0.6063569682151589,,,,,,,,,
adult,2,XGBoost,app,full,9758,1,1.0,0.0,0,0.0,25307.763331982595,stateful,full test set,"ValueError: feature_names mismatch: ['age', 'fnlwgt', 'education', 'education-num', 'occupation', 'sex', 'hours-per-week', 'workclass_Local-gov', 'workclass_Never-worked', ",,,,,,,,,,,,,,
adult,2,XGBoost,aligned,full,9758,1,0.0,1.0,0,0.0,25307.763331982595,stateful,full test set,,1.0,0.8386964541914327,0.6317267197005147,0.8386964541914327,0.6317267197005147,,,,,,,,,
adult,2,Random Forest,app,full,9758,1,1.0,0.0,0,0.0,25307.763331982595,stateful,full test set,ValueError: The feature names should match those that were passed during fit.,,,,,,,,,,,,,,
adult,2,Random Forest,aligned,full,9758,1,0.0,1.0,0,0.0,25307.763331982595,stateful,full test set,,1.0,0.8293707726993236,0.6141367323290845,0.8293707726993236,0.6141367323290845,,,,,,,,,
adult,2,Logistic Regression,app,full,9758,1,1.0,0.0,0,0.0,25307.763331982595,stateful,full test set,ValueError: The feature names should match those that were passed during fit.,,,,,,,,,,,,,,
adult,2,Logistic Regression,aligned,full,9758,1,0.0,1.0,0,0.0,25307.763331982595,stateful,full test set,,0.9779667964746874,0.8260914121746259,0.5973902728351127,0.8331625333060053,0.6040856031128404,,,,,,,,,
adult,2,XGBoost,app,1,1024,1024,1.0,0.0,0,0.0,26.130172320612093,stateless,random,"ValueError: feature_names mismatch: ['age', 'fnlwgt', 'education', 'education-num', 'occupation', 'sex', 'hours-per-week', 'workclass_Local-gov', 'workclass_Never-worked', ",,,,,,,0.0,,0.0,,,,,
adult,2,XGBoost,aligned,1,1024,1024,0.0,1.0,0,0.0,26.130172320612093,stateless,random,,0.810546875,0.7783203125,0.0,0.8466796875,0.6270783847980999,,0.0,0.9609375,1.0,,,,,
adult,2,Random Forest,app,1,1024,1024,1.0,0.0,0,0.0,26.130172320612093,stateless,random,ValueError: The feature names should match those that were passed during fit.,,,,,,,0.0,,0.0,,,,,
adult,2,Random Forest,aligned,1,1024,1024,0.0,1.0,0,0.0,26.130172320612093,stateless,random,,0.8056640625,0.7783203125,0.0,0.83984375,0.6150234741784038,,0.0,0.9580078125,1.0,,,,,
adult,2,Logistic Regression,app,1,1024,1024,1.0,0.0,0,0.0,26.130172320612093,stateless,random,ValueError: The feature names should match those that were passed during fit.,,,,,,,0.0,,0.0,,,,,
adult,2,Logistic Regression,aligned,1,1024,1024,0.0,1.0,0,0.0,26.130172320612093,stateless,random,,0.822265625,0.7783203125,0.0,0.8427734375,0.6063569682151589,,0.0,0.9560546875,1.0,,,,,
adult,2,XGBoost,app,16,1024,64,1.0,0.0,0,0.0,352.1499707791546,stateless,random,"ValueError: feature_names mismatch: ['age', 'fnlwgt', 'education', 'education-num', 'occupation', 'sex', 'hours-per-week', 'workclass_Local-gov', 'workclass_Never-worked', ",,,,,,,0.0,,0.0,,,,,
adult,2,XGBoost,aligned,16,1024,64,0.0,1.0,0,0.0,352.1499707791546,stateless,random,,0.8232421875,0.779296875,0.27096774193548384,0.8466796875,0.6270783847980999,,0.0,0.8466796875,1.0,,,,,
adult,2,Random Forest,app,16,1024,64,1.0,0.0,0,0.0,352.1499707791546,stateless,random,ValueError: The feature names should match those that were passed during fit.,,,,,,,0.0,,0.0,,,,,
adult,2,Random Forest,aligned,16,1024,64,0.0,1.0,0,0.0,352.1499707791546,stateless,random,,0.861328125,0.822265625,0.5260416666666666,0.83984375,0.6150234741784038,,0.0,0.8759765625,1.0,,,,,
adult,2,Logistic Regression,app,16,1024,64,1.0,0.0,0,0.0,352.1499707791546,stateless,random,ValueError: The feature names should match those that were passed during fit.,,,,,,,0.0,,0.0,,,,,
adult,2,Logistic Regression,aligned,16,1024,64,0.0,1.0,0,0.0,352.1499707791546,stateless,random,,0.9013671875,0.8125,0.43195266272189353,0.8427734375,0.6063569682151589,,0.0,0.90625,1.0,,,,,
adult,2,XGBoost,app,256,1024,4,1.0,0.0,0,0.0,4329.574079176306,stateless,random,"ValueError: feature_names mismatch: ['age', 'fnlwgt', 'education', 'education-num', 'occupation', 'sex', 'hours-per-week', 'workclass_Local-gov', 'workclass_Never-worked', ",,,,,,,0.0,,0.0,,,,,
adult,2,XGBoost,aligned,256,1024,4,0.0,1.0,0,0.0,4329.574079176306,stateless,random,,0.8115234375,0.775390625,0.33526011560693636,0.8466796875,0.6270783847980999,,0.0,0.8125,1.0,,,,,
adult,2,Random Forest,app,256,1024,4,1.0,0.0,0,0.0,4329.574079176306,stateless,random,ValueError: The feature names should match those that were passed during fit.,,,,,,,0.0,,0.0,,,,,
adult,2,Random Forest,aligned,256,1024,4,0.0,1.0,0,0.0,4329.574079176306,stateless,random,,0.857421875,0.802734375,0.48205128205128206,0.83984375,0.6150234741784038,,0.0,0.8583984375,1.0,,,,,
adult,2,Logistic Regression,app,256,1024,4,1.0,0.0,0,0.0,4329.574079176306,stateless,random,ValueError: The feature names should match those that were passed during fit.,,,,,,,0.0,,0.0,,,,,
adult,2,Logistic Regression,aligned,256,1024,4,0.0,1.0,0,0.0,4329.574079176306,stateless,random,,0.9306640625,0.822265625,0.49162011173184356,0.8427734375,0.6063569682151589,,0.0,0.9228515625,1.0,,,,,
adult,2,XGBoost,app,full,9758,1,1.0,0.0,0,0.0,57084.642941724036,stateless,full test set,"ValueError: feature_names mismatch: ['age', 'fnlwgt', 'education', 'education-num', 'occupation', 'sex', 'hours-per-week', 'workclass_Local-gov', 'workclass_Never-worked', ",,,,,,,0.0,,0.0,,,,,
adult,2,XGBoost,aligned,full,9758,1,0.0,1.0,0,0.0,57084.642941724036,stateless,full test set,,0.8040582086493134,0.7647058823529411,0.3138075313807531,0.8386964541914327,0.6317267197005147,,0.0,0.8040582086493134,1.0,,,,,
adult,2,Random Forest,app,full,9758,1,1.0,0.0,0,0.0,57084.642941724036,stateless,full test set,ValueError: The feature names should match those that were passed during fit.,,,,,,,0.0,,0.0,,,,,
adult,2,Random Forest,aligned,full,9758,1,0.0,1.0,0,0.0,57084.642941724036,stateless,full test set,,0.8602172576347612,0.8074400491904079,0.5175866495507061,0.8293707726993236,0.6141367323290845,,0.0,0.8602172576347612,1.0,,,,,
adult,2,Logistic Regression,app,full,9758,1,1.0,0.0,0,0.0,57084.642941724036,stateless,full test set,ValueError: The feature names should match those that were passed during fit.,,,,,,,0.0,,0.0,,,,,
adult,2,Logistic Regression,aligned,full,9758,1,0.0,1.0,0,0.0,57084.642941724036,stateless,full test set,,0.9347202295552367,0.8189178110268498,0.5306772908366534,0.8331625333060053,0.6040856031128404,,0.0,0.9274441483910637,1.0,,,,,
adult,3,XGBoost,app,1,1024,1024,1.0,0.0,0,0.0,109.78879469951653,stateful,random,"ValueError: feature_names mismatch: ['age', 'fnlwgt', 'education', 'education-num', 'occupation', 'sex', 'hours-per-week', 'workclass_Local-gov', 'workclass_Never-worked', ",,,,,,,,,,,,,,
adult,3,XGBoost,aligned,1,1024,1024,0.0,1.0,0,0.0,109.78879469951653,stateful,random,,0.8037109375,0.779296875,0.30246913580246915,0.8310546875,0.6666666666666667,,,,,,,,,
adult,3,Random Forest,app,1,1024,1024,1.0,0.0,0,0.0,109.78879469951653,stateful,random,ValueError: The feature names should match those that were passed during fit.,,,,,,,,,,,,,,
adult,3,Random Forest,aligned,1,1024,1024,0.0,1.0,0,0.0,109.78879469951653,stateful,random,,0.8212890625,0.7685546875,0.2476190476190476,0.80859375,0.5983606557377049,,,,,,,,,
adult,3,Logistic Regression,app,1,1024,1024,1.0,0.0,0,0.0,109.78879469951653,stateful,random,ValueError: The feature names should match those that were passed during fit.,,,,,,,,,,,,,,
adult,3,Logistic Regression,aligned,1,1024,1024,0.0,1.0,0,0.0,109.78879469951653,stateful,random,,0.826171875,0.763671875,0.21935483870967742,0.837890625,0.6512605042016806,,,,,,,,,
adult,3,XGBoost,app,16,1024,64,1.0,0.0,0,0.0,1700.1501723908511,stateful,random,"ValueError: feature_names mismatch: ['age', 'fnlwgt', 'education', 'education-num', 'occupation', 'sex', 'hours-per-week', 'workclass_Local-gov', 'workclass_Never-worked', ",,,,,,,,,,,,,,
adult,3,XGBoost,aligned,16,1024,64,0.0,1.0,0,0.0,1700.1501723908511,stateful,random,,0.974609375,0.8291015625,0.6478873239436619,0.8310546875,0.6666666666666667,,,,,,,,,
adult,3,Random Forest,app,16,1024,64,1.0,0.0,0,0.0,1700.1501723908511,stateful,random,ValueError: The feature names should match those that were passed during fit.,,,,,,,,,,,,,,
adult,3,Random Forest,aligned,16,1024,64,0.0,1.0,0,0.0,1700.1501723908511,stateful,random,,0.9697265625,0.8056640625,0.5720430107526882,0.80859375,0.5983606557377049,,,,,,,,,
adult,3,Logistic Regression,app,16,1024,64,1.0,0.0,0,0.0,1700.1501723908511,stateful,random,ValueError: The feature names should match those that were passed during fit.,,,,,,,,,,,,,,
adult,3,Logistic Regression,aligned,16,1024,64,0.0,1.0,0,0.0,1700.1501723908511,stateful,random,,0.94921875,0.822265625,0.6192468619246863,0.837890625,0.6512605042016806,,,,,,,,,
adult,3,XGBoost,app,256,1024,4,1.0,0.0,0,0.0,13435.613868037828,stateful,random,"ValueError: feature_names mismatch: ['age', 'fnlwgt', 'education', 'education-num', 'occupation', 'sex', 'hours-per-week', 'workclass_Local-gov', 'workclass_Never-worked', ",,,,,,,,,,,,,,
adult,3,XGBoost,aligned,256,1024,4,0.0,1.0,0,0.0,13435.613868037828,stateful,random,,1.0,0.8310546875,0.6666666666666667,0.8310546875,0.6666666666666667,,,,,,,,,
adult,3,Random Forest,app,256,1024,4,1.0,0.0,0,0.0,13435.613868037828,stateful,random,ValueError: The feature names should match those that were passed during fit.,,,,,,,,,,,,,,
adult,3,Random Forest,aligned,256,1024,4,0.0,1.0,0,0.0,13435.613868037828,stateful,random,,1.0,0.80859375,0.5983606557377049,0.80859375,0.5983606557377049,,,,,,,,,
adult,3,Logistic Regression,app,256,1024,4,1.0,0.0,0,0.0,13435.613868037828,stateful,random,ValueError: The feature names should match those that were passed during fit.,,,,,,,,,,,,,,
adult,3,Logistic Regression,aligned,256,1024,4,0.0,1.0,0,0.0,13435.613868037828,stateful,random,,0.978515625,0.837890625,0.6598360655737705,0.837890625,0.6512605042016806,,,,,,,,,
adult,3,XGBoost,app,full,9758,1,1.0,0.0,0,0.0,23865.136630790777,stateful,full test set,"ValueError: feature_names mismatch: ['age', 'fnlwgt', 'education', 'education-num', 'occupation', 'sex', 'hours-per-week', 'workclass_Local-gov', 'workclass_Never-worked', ",,,,,,,,,,,,,,
adult,3,XGBoost,aligned,full,9758,1,0.0,1.0,0,0.0,23865.136630790777,stateful,full test set,,1.0,0.8439229350276696,0.6517265035444775,0.8439229350276696,0.6517265035444775,,,,,,,,,
adult,3,Random Forest,app,full,9758,1,1.0,0.0,0,0.0,23865.136630790777,stateful,full test set,ValueError: The feature names should match those that were passed during fit.,,,,,,,,,,,,,,
adult,3,Random Forest,aligned,full,9758,1,0.0,1.0,0,0.0,23865.136630790777,stateful,full test set,,1.0,0.8288583726173396,0.6116279069767442,0.8288583726173396,0.6116279069767442,,,,,,,,,
adult,3,Logistic Regression,app,full,9758,1,1.0,0.0,0,0.0,23865.136630790777,stateful,full test set,ValueError: The feature names should match those that were passed during fit.,,,,,,,,,,,,,,
adult,3,Logistic Regression,aligned,full,9758,1,0.0,1.0,0,0.0,23865.136630790777,stateful,full test set,,0.9768395162943226,0.834904693584751,0.6179748636471425,0.8392088542734167,0.6174103877103146,,,,,,,,,
adult,3,XGBoost,app,1,1024,1024,1.0,0.0,0,0.0,26.221453812395186,stateless,random,"ValueError: feature_names mismatch: ['age', 'fnlwgt', 'education', 'education-num', 'occupation', 'sex', 'hours-per-week', 'workclass_Local-gov', 'workclass_Never-worked', ",,,,,,,0.0,,0.0,,,,,
adult,3,XGBoost,aligned,1,1024,1024,0.0,1.0,0,0.0,26.221453812395186,stateless,random,,0.7568359375,0.736328125,0.0,0.8310546875,0.6666666666666667,,0.0,0.947265625,1.0,,,,,
adult,3,Random Forest,app,1,1024,1024,1.0,0.0,0,0.0,26.221453812395186,stateless,random,ValueError: The feature names should match those that were passed during fit.,,,,,,,0.0,,0.0,,,,,
adult,3,Random Forest,aligned,1,1024,1024,0.0,1.0,0,0.0,26.221453812395186,stateless,random,,0.787109375,0.736328125,0.0,0.80859375,0.5983606557377049,,0.0,0.9560546875,1.0,,,,,
adult,3,Logistic Regression,app,1,1024,1024,1.0,0.0,0,0.0,26.221453812395186,stateless,random,ValueError: The feature names should match those that were passed during fit.,,,,,,,0.0,,0.0,,,,,
adult,3,Logistic Regression,aligned,1,1024,1024,0.0,1.0,0,0.0,26.221453812395186,stateless,random,,0.798828125,0.736328125,0.0,0.837890625,0.6512605042016806,,0.0,0.9609375,1.0,,,,,
adult,3,XGBoost,app,16,1024,64,1.0,0.0,0,0.0,370.2209655621394,stateless,random,"ValueError: feature_names mismatch: ['age', 'fnlwgt', 'education', 'education-num', 'occupation', 'sex', 'hours-per-week', 'workclass_Local-gov', 'workclass_Never-worked', ",,,,,,,0.0,,0.0,,,,,
adult,3,XGBoost,aligned,16,1024,64,0.0,1.0,0,0.0,370.2209655621394,stateless,random,,0.7939453125,0.765625,0.368421052631579,0.8310546875,0.6666666666666667,,0.0,0.8154296875,1.0,,,,,
adult,3,Random Forest,app,16,1024,64,1.0,0.0,0,0.0,370.2209655621394,stateless,random,ValueError: The feature names should match those that were passed during fit.,,,,,,,0.0,,0.0,,,,,
adult,3,Random Forest,aligned,16,1024,64,0.0,1.0,0,0.0,370.2209655621394,stateless,random,,0.8349609375,0.7841796875,0.45965770171149145,0.80859375,0.5983606557377049,,0.0,0.859375,1.0,,,,,
adult,3,Logistic Regression,app,16,1024,64,1.0,0.0,0,0.0,370.2209655621394,stateless,random,ValueError: The feature names should match those that were passed during fit.,,,,,,,0.0,,0.0,,,,,
adult,3,Logistic Regression,aligned,16,1024,64,0.0,1.0,0,0.0,370.2209655621394,stateless,random,,0.8701171875,0.7880859375,0.41823056300268097,0.837890625,0.6512605042016806,,0.0,0.8759765625,1.0,,,,,
adult,3,XGBoost,app,256,1024,4,1.0,0.0,0,0.0,5233.6808337211205,stateless,random,"ValueError: feature_names mismatch: ['age', 'fnlwgt', 'education', 'education-num', 'occupation', 'sex', 'hours-per-week', 'workclass_Local-gov', 'workclass_Never-worked', ",,,,,,,0.0,,0.0,,,,,
adult,3,XGBoost,aligned,256,1024,4,0.0,1.0,0,0.0,5233.6808337211205,stateless,random,,0.7783203125,0.744140625,0.354679802955665,0.8310546875,0.6666666666666667,,0.0,0.7783203125,1.0,,,,,
adult,3,Random Forest,app,256,1024,4,1.0,0.0,0,0.0,5233.6808337211205,stateless,random,ValueError: The feature names should match those that were passed during fit.,,,,,,,0.0,,0.0,,,,,
adult,3,Random Forest,aligned,256,1024,4,0.0,1.0,0,0.0,5233.6808337211205,stateless,random,,0.8291015625,0.7763671875,0.4876957494407159,0.80859375,0.5983606557377049,,0.0,0.8291015625,1.0,,,,,
adult,3,Logistic Regression,app,256,1024,4,1.0,0.0,0,0.0,5233.6808337211205,stateless,random,ValueError: The feature names should match those that were passed during fit.,,,,,,,0.0,,0.0,,,,,
adult,3,Logistic Regression,aligned,256,1024,4,0.0,1.0,0,0.0,5233.6808337211205,stateless,random,,0.9052734375,0.8115234375,0.5089058524173029,0.837890625,0.6512605042016806,,0.0,0.8974609375,1.0,,,,,
adult,3,XGBoost,app,full,9758,1,1.0,0.0,0,0.0,61594.30165216876,stateless,full test set,"ValueError: feature_names mismatch: ['age', 'fnlwgt', 'education', 'education-num', 'occupation', 'sex', 'hours-per-week', 'workclass_Local-gov', 'workclass_Never-worked', ",,,,,,,0.0,,0.0,,,,,
adult,3,XGBoost,aligned,full,9758,1,0.0,1.0,0,0.0,61594.30165216876,stateless,full test set,,0.7984218077474893,0.765320762451322,0.33546140452698786,0.8439229350276696,0.6517265035444775,,0.0,0.7984218077474893,1.0,,,,,
adult,3,Random Forest,app,full,9758,1,1.0,0.0,0,0.0,61594.30165216876,stateless,full test set,ValueError: The feature names should match those that were passed during fit.,,,,,,,0.0,,0.0,,,,,
adult,3,Random Forest,aligned,full,9758,1,0.0,1.0,0,0.0,61594.30165216876,stateless,full test set,,0.8448452551752408,0.7985242877638861,0.49408131755018003,0.8288583726173396,0.6116279069767442,,0.0,0.8448452551752408,1.0,,,,,
adult,3,Logistic Regression,app,full,9758,1,1.0,0.0,0,0.0,61594.30165216876,stateless,full test set,ValueError: The feature names should match those that were passed during fit.,,,,,,,0.0,,0.0,,,,,
adult,3,Logistic Regression,aligned,full,9758,1,0.0,1.0,0,0.0,61594.30165216876,stateless,full test set,,0.9248821479811437,0.8220946915351507,0.5259421081376296,0.8392088542734167,0.6174103877103146,,0.0,0.9209879073580651,1.0,,,,,
adult,4,XGBoost,app,1,1024,1024,1.0,0.0,0,0.0,102.13731542867629,stateful,random,"ValueError: feature_names mismatch: ['age', 'fnlwgt', 'education', 'education-num', 'occupation', 'sex', 'hours-per-week', 'workclass_Local-gov', 'workclass_Never-worked', ",,,,,,,,,,,,,,
adult,4,XGBoost,aligned,1,1024,1024,0.0,1.0,0,0.0,102.13731542867629,stateful,random,,0.845703125,0.7900390625,0.18867924528301885,0.8505859375,0.6382978723404255,,,,,,,,,
adult,4,Random Forest,app,1,1024,1024,1.0,0.0,0,0.0,102.13731542867629,stateful,random,ValueError: The feature names should match those that were passed during fit.,,,,,,,,,,,,,,
adult,4,Random Forest,aligned,1,1024,1024,0.0,1.0,0,0.0,102.13731542867629,stateful,random,,0.822265625,0.7880859375,0.16216216216216214,0.8369140625,0.6143187066974596,,,,,,,,,
adult,4,Logistic Regression,app,1,1024,1024,1.0,0.0,0,0.0,102.13731542867629,stateful,random,ValueError: The feature names should match those that were passed during fit.,,,,,,,,,,,,,,
adult,4,Logistic Regression,aligned,1,1024,1024,0.0,1.0,0,0.0,102.13731542867629,stateful,random,,0.853515625,0.7958984375,0.2287822878228782,0.8486328125,0.6210268948655256,,,,,,,,,
adult,4,XGBoost,app,16,1024,64,1.0,0.0,0,0.0,1561.4435048719604,stateful,random,"ValueError: feature_names mismatch: ['age', 'fnlwgt', 'education', 'education-num', 'occupation', 'sex', 'hours-per-week', 'workclass_Local-gov', 'workclass_Never-worked', ",,,,,,,,,,,,,,
adult,4,XGBoost,aligned,16,1024,64,0.0,1.0,0,0.0,1561.4435048719604,stateful,random,,0.966796875,0.8408203125,0.6014669926650366,0.8505859375,0.6382978723404255,,,,,,,,,
adult,4,Random Forest,app,16,1024,64,1.0,0.0,0,0.0,1561.4435048719604,stateful,random,ValueError: The feature names should match those that were passed during fit.,,,,,,,,,,,,,,
adult,4,Random Forest,aligned,16,1024,64,0.0,1.0,0,0.0,1561.4435048719604,stateful,random,,0.958984375,0.8369140625,0.5876543209876544,0.8369140625,0.6143187066974596,,,,,,,,,
adult,4,Logistic Regression,app,16,1024,64,1.0,0.0,0,0.0,1561.4435048719604,stateful,random,ValueError: The feature names should match those that were passed during fit.,,,,,,,,,,,,,,
adult,4,Logistic Regression,aligned,16,1024,64,0.0,1.0,0,0.0,1561.4435048719604,stateful,random,,0.9423828125,0.841796875,0.6009852216748769,0.8486328125,0.6210268948655256,,,,,,,,,
adult,4,XGBoost,app,256,1024,4,1.0,0.0,0,0.0,11817.725707089427,stateful,random,"ValueError: feature_names mismatch: ['age', 'fnlwgt', 'education', 'education-num', 'occupation', 'sex', 'hours-per-week', 'workclass_Local-gov', 'workclass_Never-worked', ",,,,,,,,,,,,,,
adult,4,XGBoost,aligned,256,1024,4,0.0,1.0,0,0.0,11817.725707089427,stateful,random,,1.0,0.8505859375,0.6382978723404255,0.8505859375,0.6382978723404255,,,,,,,,,
adult,4,Random Forest,app,256,1024,4,1.0,0.0,0,0.0,11817.725707089427,stateful,random,ValueError: The feature names should match those that were passed during fit.,,,,,,,,,,,,,,
adult,4,Random Forest,aligned,256,1024,4,0.0,1.0,0,0.0,11817.725707089427,stateful,random,,1.0,0.8369140625,0.6143187066974596,0.8369140625,0.6143187066974596,,,,,,,,,
adult,4,Logistic Regression,app,256,1024,4,1.0,0.0,0,0.0,11817.725707089427,stateful,random,ValueError: The feature names should match those that were passed during fit.,,,,,,,,,,,,,,
adult,4,Logistic Regression,aligned,256,1024,4,0.0,1.0,0,0.0,11817.725707089427,stateful,random,,0.9736328125,0.845703125,0.6220095693779903,0.8486328125,0.6210268948655256,,,,,,,,,
adult,4,XGBoost,app,full,9758,1,1.0,0.0,0,0.0,22938.352024758515,stateful,full test set,"ValueError: feature_names mismatch: ['age', 'fnlwgt', 'education', 'education-num', 'occupation', 'sex', 'hours-per-week', 'workclass_Local-gov', 'workclass_Never-worked', ",,,,,,,,,,,,,,
adult,4,XGBoost,aligned,full,9758,1,0.0,1.0,0,0.0,22938.352024758515,stateful,full test set,,1.0,0.836954293912687,0.6341687744309036,0.836954293912687,0.6341687744309036,,,,,,,,,
adult,4,Random Forest,app,full,9758,1,1.0,0.0,0,0.0,22938.352024758515,stateful,full test set,ValueError: The feature names should match those that were passed during fit.,,,,,,,,,,,,,,
adult,4,Random Forest,aligned,full,9758,1,0.0,1.0,0,0.0,22938.352024758515,stateful,full test set,,1.0,0.8259889321582291,0.6109074243813015,0.8259889321582291,0.6109074243813015,,,,,,,,,
adult,4,Logistic Regression,app,full,9758,1,1.0,0.0,0,0.0,22938.352024758515,stateful,full test set,ValueError: The feature names should match those that were passed during fit.,,,,,,,,,,,,,,
adult,4,Logistic Regression,aligned,full,9758,1,0.0,1.0,0,0.0,22938.352024758515,stateful,full test set,,0.9741750358680057,0.8290633326501332,0.6128133704735376,0.8348022135683542,0.6152744630071599,,,,,,,,,
adult,4,XGBoost,app,1,1024,1024,1.0,0.0,0,0.0,25.22993959546399,stateless,random,"ValueError: feature_names mismatch: ['age', 'fnlwgt', 'education', 'education-num', 'occupation', 'sex', 'hours-per-week', 'workclass_Local-gov', 'workclass_Never-worked', ",,,,,,,0.0,,0.0,,,,,
adult,4,XGBoost,aligned,1,1024,1024,0.0,1.0,0,0.0,25.22993959546399,stateless,random,,0.8134765625,0.7734375,0.0,0.8505859375,0.6382978723404255,,0.0,0.9677734375,1.0,,,,,
adult,4,Random Forest,app,1,1024,1024,1.0,0.0,0,0.0,25.22993959546399,stateless,random,ValueError: The feature names should match those that were passed during fit.,,,,,,,0.0,,0.0,,,,,
adult,4,Random Forest,aligned,1,1024,1024,0.0,1.0,0,0.0,25.22993959546399,stateless,random,,0.8037109375,0.7734375,0.0,0.8369140625,0.6143187066974596,,0.0,0.9736328125,1.0,,,,,
adult,4,Logistic Regression,app,1,1024,1024,1.0,0.0,0,0.0,25.22993959546399,stateless,random,ValueError: The feature names should match those that were passed during fit.,,,,,,,0.0,,0.0,,,,,
adult,4,Logistic Regression,aligned,1,1024,1024,0.0,1.0,0,0.0,25.22993959546399,stateless,random,,0.8271484375,0.7734375,0.0,0.8486328125,0.6210268948655256,,0.0,0.9619140625,1.0,,,,,
adult,4,XGBoost,app,16,1024,64,1.0,0.0,0,0.0,352.6240771211651,stateless,random,"ValueError: feature_names mismatch: ['age', 'fnlwgt', 'education', 'education-num', 'occupation', 'sex', 'hours-per-week', 'workclass_Local-gov', 'workclass_Never-worked', ",,,,,,,0.0,,0.0,,,,,
adult,4,XGBoost,aligned,16,1024,64,0.0,1.0,0,0.0,352.6240771211651,stateless,random,,0.8291015625,0.798828125,0.3719512195121952,0.8505859375,0.6382978723404255,,0.0,0.8447265625,1.0,,,,,
adult,4,Random Forest,app,16,1024,64,1.0,0.0,0,0.0,352.6240771211651,stateless,random,ValueError: The feature names should match those that were passed during fit.,,,,,,,0.0,,0.0,,,,,
adult,4,Random Forest,aligned,16,1024,64,0.0,1.0,0,0.0,352.6240771211651,stateless,random,,0.8427734375,0.794921875,0.46153846153846156,0.8369140625,0.6143187066974596,,0.0,0.8681640625,1.0,,,,,
adult,4,Logistic Regression,app,16,1024,64,1.0,0.0,0,0.0,352.6240771211651,stateless,random,ValueError: The feature names should match those that were passed during fit.,,,,,,,0.0,,0.0,,,,,
adult,4,Logistic Regression,aligned,16,1024,64,0.0,1.0,0,0.0,352.6240771211651,stateless,random,,0.8984375,0.8251953125,0.5041551246537396,0.8486328125,0.6210268948655256,,0.0,0.9111328125,1.0,,,,,
adult,4,XGBoost,app,256,1024,4,1.0,0.0,0,0.0,4741.206717976352,stateless,random,"ValueError: feature_names mismatch: ['age', 'fnlwgt', 'education', 'education-num', 'occupation', 'sex', 'hours-per-week', 'workclass_Local-gov', 'workclass_Never-worked', ",,,,,,,0.0,,0.0,,,,,
adult,4,XGBoost,aligned,256,1024,4,0.0,1.0,0,0.0,4741.206717976352,stateless,random,,0.8193359375,0.78125,0.3777777777777777,0.8505859375,0.6382978723404255,,0.0,0.8193359375,1.0,,,,,
adult,4,Random Forest,app,256,1024,4,1.0,0.0,0,0.0,4741.206717976352,stateless,random,ValueError: The feature names should match those that were passed during fit.,,,,,,,0.0,,0.0,,,,,
adult,4,Random Forest,aligned,256,1024,4,0.0,1.0,0,0.0,4741.206717976352,stateless,random,,0.8115234375,0.7890625,0.5068493150684932,0.8369140625,0.6143187066974596,,0.0,0.8115234375,1.0,,,,,
adult,4,Logistic Regression,app,256,1024,4,1.0,0.0,0,0.0,4741.206717976352,stateless,random,ValueError: The feature names should match those that were passed during fit.,,,,,,,0.0,,0.0,,,,,
adult,4,Logistic Regression,aligned,256,1024,4,0.0,1.0,0,0.0,4741.206717976352,stateless,random,,0.916015625,0.8291015625,0.5257452574525746,0.8486328125,0.6210268948655256,,0.0,0.9091796875,1.0,,,,,
adult,4,XGBoost,app,full,9758,1,1.0,0.0,0,0.0,57116.56576220575,stateless,full test set,"ValueError: feature_names mismatch: ['age', 'fnlwgt', 'education', 'education-num', 'occupation', 'sex', 'hours-per-week', 'workclass_Local-gov', 'workclass_Never-worked', ",,,,,,,0.0,,0.0,,,,,
adult,4,XGBoost,aligned,full,9758,1,0.0,1.0,0,0.0,57116.56576220575,stateless,full test set,,0.8030334084853453,0.770547243287559,0.3676927421632308,0.836954293912687,0.6341687744309036,,0.0,0.8030334084853453,1.0,,,,,
adult,4,Random Forest,app,full,9758,1,1.0,0.0,0,0.0,57116.56576220575,stateless,full test set,ValueError: The feature names should match those that were passed during fit.,,,,,,,0.0,,0.0,,,,,
adult,4,Random Forest,aligned,full,9758,1,0.0,1.0,0,0.0,57116.56576220575,stateless,full test set,,0.8490469358475098,0.7943226070916172,0.5082087723597157,0.8259889321582291,0.6109074243813015,,0.0,0.8490469358475098,1.0,,,,,
adult,4,Logistic Regression,app,full,9758,1,1.0,0.0,0,0.0,57116.56576220575,stateless,full test set,ValueError: The feature names should match those that were passed during fit.,,,,,,,0.0,,0.0,,,,,
adult,4,Logistic Regression,aligned,full,9758,1,0.0,1.0,0,0.0,57116.56576220575,stateless,full test set,,0.9230375076860012,0.8191227710596434,0.5271899276721136,0.8348022135683542,0.6152744630071599,,0.0,0.9197581471613036,1.0,,,,,
credit,0,XGBoost,app,1,1024,1024,0.0,1.0,0,0.0,403.3390293969776,stateful,minority-enriched (95 of 1024 rows are class 1),,0.9990234375,0.978515625,0.869047619047619,0.9775390625,0.8622754491017963,,,,,,,,,
credit,0,XGBoost,aligned,1,1024,1024,0.0,1.0,0,0.0,403.3390293969776,stateful,minority-enriched (95 of 1024 rows are class 1),,0.9990234375,0.978515625,0.869047619047619,0.9775390625,0.8622754491017963,,,,,,,,,
credit,0,Random Forest,app,1,1024,1024,0.0,1.0,0,0.0,403.3390293969776,stateful,minority-enriched (95 of 1024 rows are class 1),,1.0,0.9755859375,0.8484848484848484,0.9755859375,0.8484848484848484,,,,,,,,,
credit,0,Random Forest,aligned,1,1024,1024,0.0,1.0,0,0.0,403.3390293969776,stateful,minority-enriched (95 of 1024 rows are class 1),,1.0,0.9755859375,0.8484848484848484,0.9755859375,0.8484848484848484,,,,,,,,,
credit,0,Logistic Regression,app,1,1024,1024,0.0,1.0,0,0.0,403.3390293969776,stateful,minority-enriched (95 of 1024 rows are class 1),,0.927734375,0.92578125,0.680672268907563,0.9765625,0.8554216867469879,,,,,,,,,
credit,0,Logistic Regression,aligned,1,1024,1024,0.0,1.0,0,0.0,403.3390293969776,stateful,minority-enriched (95 of 1024 rows are class 1),,0.927734375,0.92578125,0.680672268907563,0.9765625,0.8554216867469879,,,,,,,,,
credit,0,XGBoost,app,16,1024,64,0.0,1.0,0,0.0,6439.73886373886,stateful,minority-enriched (95 of 1024 rows are class 1),,0.9990234375,0.978515625,0.869047619047619,0.9775390625,0.8622754491017963,,,,,,,,,
credit,0,XGBoost,aligned,16,1024,64,0.0,1.0,0,0.0,6439.73886373886,stateful,minority-enriched (95 of 1024 rows are class 1),,0.9990234375,0.978515625,0.869047619047619,0.9775390625,0.8622754491017963,,,,,,,,,
credit,0,Random Forest,app,16,1024,64,0.0,1.0,0,0.0,6439.73886373886,stateful,minority-enriched (95 of 1024 rows are class 1),,1.0,0.9755859375,0.8484848484848484,0.9755859375,0.8484848484848484,,,,,,,,,
credit,0,Random Forest,aligned,16,1024,64,0.0,1.0,0,0.0,6439.73886373886,stateful,minority-enriched (95 of 1024 rows are class 1),,1.0,0.9755859375,0.8484848484848484,0.9755859375,0.8484848484848484,,,,,,,,,
credit,0,Logistic Regression,app,16,1024,64,0.0,1.0,0,0.0,6439.73886373886,stateful,minority-enriched (95 of 1024 rows are class 1),,0.927734375,0.92578125,0.680672268907563,0.9765625,0.8554216867469879,,,,,,,,,
credit,0,Logistic Regression,aligned,16,1024,64,0.0,1.0,0,0.0,6439.73886373886,stateful,minority-enriched (95 of 1024 rows are class 1),,0.927734375,0.92578125,0.680672268907563,0.9765625,0.8554216867469879,,,,,,,,,
credit,0,XGBoost,app,256,1024,4,0.0,1.0,0,0.0,94027.79349752615,stateful,minority-enriched (95 of 1024 rows are class 1),,0.9990234375,0.978515625,0.869047619047619,0.9775390625,0.8622754491017963,,,,,,,,,
credit,0,XGBoost,aligned,256,1024,4,0.0,1.0,0,0.0,94027.79349752615,stateful,minority-enriched (95 of 1024 rows are class 1),,0.9990234375,0.978515625,0.869047619047619,0.9775390625,0.8622754491017963,,,,,,,,,
credit,0,Random Forest,app,256,1024,4,0.0,1.0,0,0.0,94027.79349752615,stateful,minority-enriched (95 of 1024 rows are class 1),,1.0,0.9755859375,0.8484848484848484,0.9755859375,0.8484848484848484,,,,,,,,,
credit,0,Random Forest,aligned,256,1024,4,0.0,1.0,0,0.0,94027.79349752615,stateful,minority-enriched (95 of 1024 rows are class 1),,1.0,0.9755859375,0.8484848484848484,0.9755859375,0.8484848484848484,,,,,,,,,
credit,0,Logistic Regression,app,256,1024,4,0.0,1.0,0,0.0,94027.79349752615,stateful,minority-enriched (95 of 1024 rows are class 1),,0.927734375,0.92578125,0.680672268907563,0.9765625,0.8554216867469879,,,,,,,,,
credit,0,Logistic Regression,aligned,256,1024,4,0.0,1.0,0,0.0,94027.79349752615,stateful,minority-enriched (95 of 1024 rows are class 1),,0.927734375,0.92578125,0.680672268907563,0.9765625,0.8554216867469879,,,,,,,,,
credit,0,XGBoost,app,full,55133,1,0.0,1.0,0,0.0,577338.1483002285,stateful,full test set,,0.9998730342988773,0.9993288955797798,0.7978142076502732,0.999419585366296,0.8181818181818181,,,,,,,,,
credit,0,XGBoost,aligned,full,55133,1,0.0,1.0,0,0.0,577338.1483002285,stateful,full test set,,0.9998730342988773,0.9993288955797798,0.7978142076502732,0.999419585366296,0.8181818181818181,,,,,,,,,
credit,0,Random Forest,app,full,55133,1,0.0,1.0,0,0.0,577338.1483002285,stateful,full test set,,0.9999637240853935,0.9994377233235993,0.8187134502923976,0.9994739992382058,0.8284023668639052,,,,,,,,,
credit,0,Random Forest,aligned,full,55133,1,0.0,1.0,0,0.0,577338.1483002285,stateful,full test set,,0.9999637240853935,0.9994377233235993,0.8187134502923976,0.9994739992382058,0.8284023668639052,,,,,,,,,
credit,0,Logistic Regression,app,full,55133,1,0.0,1.0,0,0.0,577338.1483002285,stateful,full test set,,0.931982660112818,0.9317468666678759,0.04127388535031847,0.9993288955797798,0.7932960893854749,,,,,,,,,
credit,0,Logistic Regression,aligned,full,55133,1,0.0,1.0,0,0.0,577338.1483002285,stateful,full test set,,0.931982660112818,0.9317468666678759,0.04127388535031847,0.9993288955797798,0.7932960893854749,,,,,,,,,
credit,0,XGBoost,app,1,1024,1024,0.0,1.0,0,0.0,14.325574333517944,stateless,minority-enriched (95 of 1024 rows are class 1),,0.9296875,0.9072265625,0.0,0.9775390625,0.8622754491017963,0.9287109375,1.0,0.9287109375,1.0,,,,,
credit,0,XGBoost,aligned,1,1024,1024,0.0,1.0,0,0.0,14.325574333517944,stateless,minority-enriched (95 of 1024 rows are class 1),,0.9296875,0.9072265625,0.0,0.9775390625,0.8622754491017963,0.9287109375,1.0,0.9287109375,1.0,,,,,
credit,0,Random Forest,app,1,1024,1024,0.0,1.0,0,0.0,14.325574333517944,stateless,minority-enriched (95 of 1024 rows are class 1),,0.931640625,0.9072265625,0.0,0.9755859375,0.8484848484848484,0.931640625,1.0,0.931640625,1.0,,,,,
credit,0,Random Forest,aligned,1,1024,1024,0.0,1.0,0,0.0,14.325574333517944,stateless,minority-enriched (95 of 1024 rows are class 1),,0.931640625,0.9072265625,0.0,0.9755859375,0.8484848484848484,0.931640625,1.0,0.931640625,1.0,,,,,
credit,0,Logistic Regression,app,1,1024,1024,0.0,1.0,0,0.0,14.325574333517944,stateless,minority-enriched (95 of 1024 rows are class 1),,0.9306640625,0.9072265625,0.0,0.9765625,0.8554216867469879,0.8603515625,1.0,0.8603515625,1.0,,,,,
credit,0,Logistic Regression,aligned,1,1024,1024,0.0,1.0,0,0.0,14.325574333517944,stateless,minority-enriched (95 of 1024 rows are class 1),,0.9306640625,0.9072265625,0.0,0.9765625,0.8554216867469879,0.8603515625,1.0,0.8603515625,1.0,,,,,
credit,0,XGBoost,app,16,1024,64,0.3125,0.6875,0,0.0,181.17361887101342,stateless,minority-enriched (95 of 1024 rows are class 1),"ValueError: feature_names mismatch: ['V1', 'V2', 'V3', 'V4', 'V5', 'V6', 'V7', 'V8', 'V9', 'V10', 'V11', 'V12', 'V13', 'V14', 'V15', 'V16', 'V17', 'V18', 'V19', 'V20', 'V21",0.9360795454545454,0.9147727272727273,0.18918918918918917,0.9786931818181818,0.8739495798319328,0.9346590909090909,0.6875,0.9346590909090909,0.6875,,,,,
credit,0,XGBoost,aligned,16,1024,64,0.0,1.0,0,0.0,181.17361887101342,stateless,minority-enriched (95 of 1024 rows are class 1),,0.9375,0.9150390625,0.1553398058252427,0.9775390625,0.8622754491017963,0.9365234375,1.0,0.9365234375,1.0,,,,,
credit,0,Random Forest,app,16,1024,64,0.3125,0.6875,0,0.0,181.17361887101342,stateless,minority-enriched (95 of 1024 rows are class 1),ValueError: The feature names should match those that were passed during fit.,0.9303977272727273,0.90625,0.029411764705882353,0.9758522727272727,0.8547008547008548,0.9303977272727273,0.6875,0.9303977272727273,0.6875,,,,,
credit,0,Random Forest,aligned,16,1024,64,0.0,1.0,0,0.0,181.17361887101342,stateless,minority-enriched (95 of 1024 rows are class 1),,0.9326171875,0.908203125,0.020833333333333332,0.9755859375,0.8484848484848484,0.9326171875,1.0,0.9326171875,1.0,,,,,
credit,0,Logistic Regression,app,16,1024,64,0.3125,0.6875,0,0.0,181.17361887101342,stateless,minority-enriched (95 of 1024 rows are class 1),ValueError: The feature names should match those that were passed during fit.,0.953125,0.9332386363636364,0.45977011494252873,0.9772727272727273,0.864406779661017,0.8849431818181818,0.6875,0.8849431818181818,0.6875,,,,,
credit,0,Logistic Regression,aligned,16,1024,64,0.0,1.0,0,0.0,181.17361887101342,stateless,minority-enriched (95 of 1024 rows are class 1),,0.9580078125,0.9365234375,0.4799999999999999,0.9765625,0.8554216867469879,0.8896484375,1.0,0.8896484375,1.0,,,,,
credit,0,XGBoost,app,256,1024,4,0.0,1.0,0,0.0,2479.703253512036,stateless,minority-enriched (95 of 1024 rows are class 1),,0.9345703125,0.912109375,0.1,0.9775390625,0.8622754491017963,0.93359375,1.0,0.93359375,1.0,,,,,
credit,0,XGBoost,aligned,256,1024,4,0.0,1.0,0,0.0,2479.703253512036,stateless,minority-enriched (95 of 1024 rows are class 1),,0.9345703125,0.912109375,0.1,0.9775390625,0.8622754491017963,0.93359375,1.0,0.93359375,1.0,,,,,
credit,0,Random Forest,app,256,1024,4,0.0,1.0,0,0.0,2479.703253512036,stateless,minority-enriched (95 of 1024 rows are class 1),,0.931640625,0.9072265625,0.0,0.9755859375,0.8484848484848484,0.931640625,1.0,0.931640625,1.0,,,,,
credit,0,Random Forest,aligned,256,1024,4,0.0,1.0,0,0.0,2479.703253512036,stateless,minority-enriched (95 of 1024 rows are class 1),,0.931640625,0.9072265625,0.0,0.9755859375,0.8484848484848484,0.931640625,1.0,0.931640625,1.0,,,,,
credit,0,Logistic Regression,app,256,1024,4,0.0,1.0,0,0.0,2479.703253512036,stateless,minority-enriched (95 of 1024 rows are class 1),,0.97265625,0.94921875,0.6231884057971014,0.9765625,0.8554216867469879,0.90234375,1.0,0.90234375,1.0,,,,,
credit,0,Logistic Regression,aligned,256,1024,4,0.0,1.0,0,0.0,2479.703253512036,stateless,minority-enriched (95 of 1024 rows are class 1),,0.97265625,0.94921875,0.6231884057971014,0.9765625,0.8554216867469879,0.90234375,1.0,0.90234375,1.0,,,,,
credit,0,XGBoost,app,full,55133,1,0.0,1.0,0,0.0,61869.39025303425,stateless,full test set,,0.999927448170787,0.9993833094516895,0.8111111111111111,0.999419585366296,0.8181818181818181,0.9999093102134837,1.0,0.9999093102134837,1.0,,,,,
credit,0,XGBoost,aligned,full,55133,1,0.0,1.0,0,0.0,61869.39025303425,stateless,full test set,,0.999927448170787,0.9993833094516895,0.8111111111111111,0.999419585366296,0.8181818181818181,0.9999093102134837,1.0,0.9999093102134837,1.0,,,,,
credit,0,Random Forest,app,full,55133,1,0.0,1.0,0,0.0,61869.39025303425,stateless,full test set,,0.9999455861280903,0.999419585366296,0.8072289156626505,0.9994739992382058,0.8284023668639052,0.9999093102134837,1.0,0.9999093102134837,1.0,,,,,
credit,0,Random Forest,aligned,full,55133,1,0.0,1.0,0,0.0,61869.39025303425,stateless,full test set,,0.9999455861280903,0.999419585366296,0.8072289156626505,0.9994739992382058,0.8284023668639052,0.9999093102134837,1.0,0.9999093102134837,1.0,,,,,
credit,0,Logistic Regression,app,full,55133,1,0.0,1.0,0,0.0,61869.39025303425,stateless,full test set,,1.0,0.9993288955797798,0.7932960893854749,0.9993288955797798,0.7932960893854749,0.931982660112818,1.0,0.931982660112818,1.0,,,,,
credit,0,Logistic Regression,aligned,full,55133,1,0.0,1.0,0,0.0,61869.39025303425,stateless,full test set,,1.0,0.9993288955797798,0.7932960893854749,0.9993288955797798,0.7932960893854749,0.931982660112818,1.0,0.931982660112818,1.0,,,,,
credit,1,XGBoost,app,1,1024,1024,0.0,1.0,0,0.0,408.12745915072935,stateful,minority-enriched (95 of 1024 rows are class 1),,1.0,0.9794921875,0.8757396449704142,0.9794921875,0.8757396449704142,,,,,,,,,
credit,1,XGBoost,aligned,1,1024,1024,0.0,1.0,0,0.0,408.12745915072935,stateful,minority-enriched (95 of 1024 rows are class 1),,1.0,0.9794921875,0.8757396449704142,0.9794921875,0.8757396449704142,,,,,,,,,
credit,1,Random Forest,app,1,1024,1024,0.0,1.0,0,0.0,408.12745915072935,stateful,minority-enriched (95 of 1024 rows are class 1),,1.0,0.9765625,0.8571428571428571,0.9765625,0.8571428571428571,,,,,,,,,
credit,1,Random Forest,aligned,1,1024,1024,0.0,1.0,0,0.0,408.12745915072935,stateful,minority-enriched (95 of 1024 rows are class 1),,1.0,0.9765625,0.8571428571428571,0.9765625,0.8571428571428571,,,,,,,,,
credit,1,Logistic Regression,app,1,1024,1024,0.0,1.0,0,0.0,408.12745915072935,stateful,minority-enriched (95 of 1024 rows are class 1),,0.923828125,0.9306640625,0.7078189300411523,0.9736328125,0.8363636363636364,,,,,,,,,
credit,1,Logistic Regression,aligned,1,1024,1024,0.0,1.0,0,0.0,408.12745915072935,stateful,minority-enriched (95 of 1024 rows are class 1),,0.923828125,0.9306640625,0.7078189300411523,0.9736328125,0.8363636363636364,,,,,,,,,
credit,1,XGBoost,app,16,1024,64,0.0,1.0,0,0.0,6494.277342827035,stateful,minority-enriched (95 of 1024 rows are class 1),,1.0,0.9794921875,0.8757396449704142,0.9794921875,0.8757396449704142,,,,,,,,,
credit,1,XGBoost,aligned,16,1024,64,0.0,1.0,0,0.0,6494.277342827035,stateful,minority-enriched (95 of 1024 rows are class 1),,1.0,0.9794921875,0.8757396449704142,0.9794921875,0.8757396449704142,,,,,,,,,
credit,1,Random Forest,app,16,1024,64,0.0,1.0,0,0.0,6494.277342827035,stateful,minority-enriched (95 of 1024 rows are class 1),,1.0,0.9765625,0.8571428571428571,0.9765625,0.8571428571428571,,,,,,,,,
credit,1,Random Forest,aligned,16,1024,64,0.0,1.0,0,0.0,6494.277342827035,stateful,minority-enriched (95 of 1024 rows are class 1),,1.0,0.9765625,0.8571428571428571,0.9765625,0.8571428571428571,,,,,,,,,
credit,1,Logistic Regression,app,16,1024,64,0.0,1.0,0,0.0,6494.277342827035,stateful,minority-enriched (95 of 1024 rows are class 1),,0.923828125,0.9306640625,0.7078189300411523,0.9736328125,0.8363636363636364,,,,,,,,,
credit,1,Logistic Regression,aligned,16,1024,64,0.0,1.0,0,0.0,6494.277342827035,stateful,minority-enriched (95 of 1024 rows are class 1),,0.923828125,0.9306640625,0.7078189300411523,0.9736328125,0.8363636363636364,,,,,,,,,
credit,1,XGBoost,app,256,1024,4,0.0,1.0,0,0.0,91314.56680904969,stateful,minority-enriched (95 of 1024 rows are class 1),,1.0,0.9794921875,0.8757396449704142,0.9794921875,0.8757396449704142,,,,,,,,,
credit,1,XGBoost,aligned,256,1024,4,0.0,1.0,0,0.0,91314.56680904969,stateful,minority-enriched (95 of 1024 rows are class 1),,1.0,0.9794921875,0.8757396449704142,0.9794921875,0.8757396449704142,,,,,,,,,
credit,1,Random Forest,app,256,1024,4,0.0,1.0,0,0.0,91314.56680904969,stateful,minority-enriched (95 of 1024 rows are class 1),,1.0,0.9765625,0.8571428571428571,0.9765625,0.8571428571428571,,,,,,,,,
credit,1,Random Forest,aligned,256,1024,4,0.0,1.0,0,0.0,91314.56680904969,stateful,minority-enriched (95 of 1024 rows are class 1),,1.0,0.9765625,0.8571428571428571,0.9765625,0.8571428571428571,,,,,,,,,
credit,1,Logistic Regression,app,256,1024,4,0.0,1.0,0,0.0,91314.56680904969,stateful,minority-enriched (95 of 1024 rows are class 1),,0.923828125,0.9306640625,0.7078189300411523,0.9736328125,0.8363636363636364,,,,,,,,,
credit,1,Logistic Regression,aligned,256,1024,4,0.0,1.0,0,0.0,91314.56680904969,stateful,minority-enriched (95 of 1024 rows are class 1),,0.923828125,0.9306640625,0.7078189300411523,0.9736328125,0.8363636363636364,,,,,,,,,
credit,1,XGBoost,app,full,55133,1,0.0,1.0,0,0.0,540435.739637503,stateful,full test set,,0.9999637240853935,0.9995828269820253,0.8654970760233919,0.9996191028966318,0.8757396449704142,,,,,,,,,
credit,1,XGBoost,aligned,full,55133,1,0.0,1.0,0,0.0,540435.739637503,stateful,full test set,,0.9999637240853935,0.9995828269820253,0.8654970760233919,0.9996191028966318,0.8757396449704142,,,,,,,,,
credit,1,Random Forest,app,full,55133,1,0.0,1.0,0,0.0,540435.739637503,stateful,full test set,,1.0,0.9995465510674187,0.8520710059171599,0.9995465510674187,0.8520710059171599,,,,,,,,,
credit,1,Random Forest,aligned,full,55133,1,0.0,1.0,0,0.0,540435.739637503,stateful,full test set,,1.0,0.9995465510674187,0.8520710059171599,0.9995465510674187,0.8520710059171599,,,,,,,,,
credit,1,Logistic Regression,app,full,55133,1,0.0,1.0,0,0.0,540435.739637503,stateful,full test set,,0.9407070175756806,0.9406888796183773,0.04997094712376525,0.9993288955797798,0.7885714285714286,,,,,,,,,
credit,1,Logistic Regression,aligned,full,55133,1,0.0,1.0,0,0.0,540435.739637503,stateful,full test set,,0.9407070175756806,0.9406888796183773,0.04997094712376525,0.9993288955797798,0.7885714285714286,,,,,,,,,
credit,1,XGBoost,app,1,1024,1024,0.0,1.0,0,0.0,14.52359148836028,stateless,minority-enriched (95 of 1024 rows are class 1),,0.927734375,0.9072265625,0.0,0.9794921875,0.8757396449704142,0.927734375,1.0,0.927734375,1.0,,,,,
credit,1,XGBoost,aligned,1,1024,1024,0.0,1.0,0,0.0,14.52359148836028,stateless,minority-enriched (95 of 1024 rows are class 1),,0.927734375,0.9072265625,0.0,0.9794921875,0.8757396449704142,0.927734375,1.0,0.927734375,1.0,,,,,
credit,1,Random Forest,app,1,1024,1024,0.0,1.0,0,0.0,14.52359148836028,stateless,minority-enriched (95 of 1024 rows are class 1),,0.9287109375,0.9072265625,0.0,0.9765625,0.8571428571428571,0.9287109375,1.0,0.9287109375,1.0,,,,,
credit,1,Random Forest,aligned,1,1024,1024,0.0,1.0,0,0.0,14.52359148836028,stateless,minority-enriched (95 of 1024 rows are class 1),,0.9287109375,0.9072265625,0.0,0.9765625,0.8571428571428571,0.9287109375,1.0,0.9287109375,1.0,,,,,
credit,1,Logistic Regression,app,1,1024,1024,0.0,1.0,0,0.0,14.52359148836028,stateless,minority-enriched (95 of 1024 rows are class 1),,0.931640625,0.9072265625,0.0,0.9736328125,0.8363636363636364,0.85546875,1.0,0.85546875,1.0,,,,,
credit,1,Logistic Regression,aligned,1,1024,1024,0.0,1.0,0,0.0,14.52359148836028,stateless,minority-enriched (95 of 1024 rows are class 1),,0.931640625,0.9072265625,0.0,0.9736328125,0.8363636363636364,0.85546875,1.0,0.85546875,1.0,,,,,
credit,1,XGBoost,app,16,1024,64,0.21875,0.78125,0,0.0,195.60815171816535,stateless,minority-enriched (95 of 1024 rows are class 1),"ValueError: feature_names mismatch: ['V1', 'V2', 'V3', 'V4', 'V5', 'V6', 'V7', 'V8', 'V9', 'V10', 'V11', 'V12', 'V13', 'V14', 'V15', 'V16', 'V17', 'V18', 'V19', 'V20', 'V21",0.935,0.915,0.1904761904761905,0.98,0.8823529411764706,0.935,0.78125,0.935,0.78125,,,,,
credit,1,XGBoost,aligned,16,1024,64,0.0,1.0,0,0.0,195.60815171816535,stateless,minority-enriched (95 of 1024 rows are class 1),,0.9375,0.9169921875,0.1904761904761905,0.9794921875,0.8757396449704142,0.9375,1.0,0.9375,1.0,,,,,
credit,1,Random Forest,app,16,1024,64,0.21875,0.78125,0,0.0,195.60815171816535,stateless,minority-enriched (95 of 1024 rows are class 1),ValueError: The feature names should match those that were passed during fit.,0.925,0.905,0.0,0.9775,0.8676470588235294,0.925,0.78125,0.925,0.78125,,,,,
credit,1,Random Forest,aligned,16,1024,64,0.0,1.0,0,0.0,195.60815171816535,stateless,minority-enriched (95 of 1024 rows are class 1),,0.9287109375,0.9072265625,0.0,0.9765625,0.8571428571428571,0.9287109375,1.0,0.9287109375,1.0,,,,,
credit,1,Logistic Regression,app,16,1024,64,0.21875,0.78125,0,0.0,195.60815171816535,stateless,minority-enriched (95 of 1024 rows are class 1),ValueError: The feature names should match those that were passed during fit.,0.95875,0.935,0.4799999999999999,0.97375,0.8421052631578947,0.88,0.78125,0.88,0.78125,,,,,
credit,1,Logistic Regression,aligned,16,1024,64,0.0,1.0,0,0.0,195.60815171816535,stateless,minority-enriched (95 of 1024 rows are class 1),,0.9609375,0.9365234375,0.4799999999999999,0.9736328125,0.8363636363636364,0.884765625,1.0,0.884765625,1.0,,,,,
credit,1,XGBoost,app,256,1024,4,0.0,1.0,0,0.0,2808.6817570925045,stateless,minority-enriched (95 of 1024 rows are class 1),,0.94140625,0.9208984375,0.2568807339449541,0.9794921875,0.8757396449704142,0.94140625,1.0,0.94140625,1.0,,,,,
credit,1,XGBoost,aligned,256,1024,4,0.0,1.0,0,0.0,2808.6817570925045,stateless,minority-enriched (95 of 1024 rows are class 1),,0.94140625,0.9208984375,0.2568807339449541,0.9794921875,0.8757396449704142,0.94140625,1.0,0.94140625,1.0,,,,,
credit,1,Random Forest,app,256,1024,4,0.0,1.0,0,0.0,2808.6817570925045,stateless,minority-enriched (95 of 1024 rows are class 1),,0.9287109375,0.9072265625,0.0,0.9765625,0.8571428571428571,0.9287109375,1.0,0.9287109375,1.0,,,,,
credit,1,Random Forest,aligned,256,1024,4,0.0,1.0,0,0.0,2808.6817570925045,stateless,minority-enriched (95 of 1024 rows are class 1),,0.9287109375,0.9072265625,0.0,0.9765625,0.8571428571428571,0.9287109375,1.0,0.9287109375,1.0,,,,,
credit,1,Logistic Regression,app,256,1024,4,0.0,1.0,0,0.0,2808.6817570925045,stateless,minority-enriched (95 of 1024 rows are class 1),,0.982421875,0.9580078125,0.707482993197279,0.9736328125,0.8363636363636364,0.90625,1.0,0.90625,1.0,,,,,
credit,1,Logistic Regression,aligned,256,1024,4,0.0,1.0,0,0.0,2808.6817570925045,stateless,minority-enriched (95 of 1024 rows are class 1),,0.982421875,0.9580078125,0.707482993197279,0.9736328125,0.8363636363636364,0.90625,1.0,0.90625,1.0,,,,,
credit,1,XGBoost,app,full,55133,1,0.0,1.0,0,0.0,62272.91312170794,stateless,full test set,,1.0,0.9996191028966318,0.8757396449704142,0.9996191028966318,0.8757396449704142,0.9999637240853935,1.0,0.9999637240853935,1.0,,,,,
credit,1,XGBoost,aligned,full,55133,1,0.0,1.0,0,0.0,62272.91312170794,stateless,full test set,,1.0,0.9996191028966318,0.8757396449704142,0.9996191028966318,0.8757396449704142,0.9999637240853935,1.0,0.9999637240853935,1.0,,,,,
credit,1,Random Forest,app,full,55133,1,0.0,1.0,0,0.0,62272.91312170794,stateless,full test set,,0.999927448170787,0.9994739992382058,0.8242424242424242,0.9995465510674187,0.8520710059171599,0.999927448170787,1.0,0.999927448170787,1.0,,,,,
credit,1,Random Forest,aligned,full,55133,1,0.0,1.0,0,0.0,62272.91312170794,stateless,full test set,,0.999927448170787,0.9994739992382058,0.8242424242424242,0.9995465510674187,0.8520710059171599,0.999927448170787,1.0,0.999927448170787,1.0,,,,,
credit,1,Logistic Regression,app,full,55133,1,0.0,1.0,0,0.0,62272.91312170794,stateless,full test set,,0.9999818620426968,0.9993470335370831,0.7931034482758621,0.9993288955797798,0.7885714285714286,0.9406888796183773,1.0,0.9406888796183773,1.0,,,,,
credit,1,Logistic Regression,aligned,full,55133,1,0.0,1.0,0,0.0,62272.91312170794,stateless,full test set,,0.9999818620426968,0.9993470335370831,0.7931034482758621,0.9993288955797798,0.7885714285714286,0.9406888796183773,1.0,0.9406888796183773,1.0,,,,,
credit,2,XGBoost,app,1,1024,1024,0.0,1.0,0,0.0,379.6537908389855,stateful,minority-enriched (95 of 1024 rows are class 1),,1.0,0.982421875,0.8953488372093024,0.982421875,0.8953488372093024,,,,,,,,,
credit,2,XGBoost,aligned,1,1024,1024,0.0,1.0,0,0.0,379.6537908389855,stateful,minority-enriched (95 of 1024 rows are class 1),,1.0,0.982421875,0.8953488372093024,0.982421875,0.8953488372093024,,,,,,,,,
credit,2,Random Forest,app,1,1024,1024,0.0,1.0,0,0.0,379.6537908389855,stateful,minority-enriched (95 of 1024 rows are class 1),,1.0,0.9765625,0.8554216867469879,0.9765625,0.8554216867469879,,,,,,,,,
credit,2,Random Forest,aligned,1,1024,1024,0.0,1.0,0,0.0,379.6537908389855,stateful,minority-enriched (95 of 1024 rows are class 1),,1.0,0.9765625,0.8554216867469879,0.9765625,0.8554216867469879,,,,,,,,,
credit,2,Logistic Regression,app,1,1024,1024,0.0,1.0,0,0.0,379.6537908389855,stateful,minority-enriched (95 of 1024 rows are class 1),,0.9130859375,0.90625,0.6249999999999999,0.9775390625,0.8622754491017963,,,,,,,,,
credit,2,Logistic Regression,aligned,1,1024,1024,0.0,1.0,0,0.0,379.6537908389855,stateful,minority-enriched (95 of 1024 rows are class 1),,0.9130859375,0.90625,0.6249999999999999,0.9775390625,0.8622754491017963,,,,,,,,,
credit,2,XGBoost,app,16,1024,64,0.0,1.0,0,0.0,6702.875153186849,stateful,minority-enriched (95 of 1024 rows are class 1),,1.0,0.982421875,0.8953488372093024,0.982421875,0.8953488372093024,,,,,,,,,
credit,2,XGBoost,aligned,16,1024,64,0.0,1.0,0,0.0,6702.875153186849,stateful,minority-enriched (95 of 1024 rows are class 1),,1.0,0.982421875,0.8953488372093024,0.982421875,0.8953488372093024,,,,,,,,,
credit,2,Random Forest,app,16,1024,64,0.0,1.0,0,0.0,6702.875153186849,stateful,minority-enriched (95 of 1024 rows are class 1),,1.0,0.9765625,0.8554216867469879,0.9765625,0.8554216867469879,,,,,,,,,
credit,2,Random Forest,aligned,16,1024,64,0.0,1.0,0,0.0,6702.875153186849,stateful,minority-enriched (95 of 1024 rows are class 1),,1.0,0.9765625,0.8554216867469879,0.9765625,0.8554216867469879,,,,,,,,,
credit,2,Logistic Regression,app,16,1024,64,0.0,1.0,0,0.0,6702.875153186849,stateful,minority-enriched (95 of 1024 rows are class 1),,0.9130859375,0.90625,0.6249999999999999,0.9775390625,0.8622754491017963,,,,,,,,,
credit,2,Logistic Regression,aligned,16,1024,64,0.0,1.0,0,0.0,6702.875153186849,stateful,minority-enriched (95 of 1024 rows are class 1),,0.9130859375,0.90625,0.6249999999999999,0.9775390625,0.8622754491017963,,,,,,,,,
credit,2,XGBoost,app,256,1024,4,0.0,1.0,0,0.0,100967.44362008681,stateful,minority-enriched (95 of 1024 rows are class 1),,1.0,0.982421875,0.8953488372093024,0.982421875,0.8953488372093024,,,,,,,,,
credit,2,XGBoost,aligned,256,1024,4,0.0,1.0,0,0.0,100967.44362008681,stateful,minority-enriched (95 of 1024 rows are class 1),,1.0,0.982421875,0.8953488372093024,0.982421875,0.8953488372093024,,,,,,,,,
credit,2,Random Forest,app,256,1024,4,0.0,1.0,0,0.0,100967.44362008681,stateful,minority-enriched (95 of 1024 rows are class 1),,1.0,0.9765625,0.8554216867469879,0.9765625,0.8554216867469879,,,,,,,,,
credit,2,Random Forest,aligned,256,1024,4,0.0,1.0,0,0.0,100967.44362008681,stateful,minority-enriched (95 of 1024 rows are class 1),,1.0,0.9765625,0.8554216867469879,0.9765625,0.8554216867469879,,,,,,,,,
credit,2,Logistic Regression,app,256,1024,4,0.0,1.0,0,0.0,100967.44362008681,stateful,minority-enriched (95 of 1024 rows are class 1),,0.9130859375,0.90625,0.6249999999999999,0.9775390625,0.8622754491017963,,,,,,,,,
credit,2,Logistic Regression,aligned,256,1024,4,0.0,1.0,0,0.0,100967.44362008681,stateful,minority-enriched (95 of 1024 rows are class 1),,0.9130859375,0.90625,0.6249999999999999,0.9775390625,0.8622754491017963,,,,,,,,,
credit,2,XGBoost,app,full,55133,1,0.0,1.0,0,0.0,2294588.77344341,stateful,full test set,,0.9999637240853935,0.9995465510674187,0.8603351955307262,0.9995828269820253,0.8700564971751412,,,,,,,,,
credit,2,XGBoost,aligned,full,55133,1,0.0,1.0,0,0.0,2294588.77344341,stateful,full test set,,0.9999637240853935,0.9995465510674187,0.8603351955307262,0.9995828269820253,0.8700564971751412,,,,,,,,,
credit,2,Random Forest,app,full,55133,1,0.0,1.0,0,0.0,2294588.77344341,stateful,full test set,,1.0,0.999492137195509,0.8352941176470587,0.999492137195509,0.8352941176470587,,,,,,,,,
credit,2,Random Forest,aligned,full,55133,1,0.0,1.0,0,0.0,2294588.77344341,stateful,full test set,,1.0,0.999492137195509,0.8352941176470587,0.999492137195509,0.8352941176470587,,,,,,,,,
credit,2,Logistic Regression,app,full,55133,1,0.0,1.0,0,0.0,2294588.77344341,stateful,full test set,,0.920011608292674,0.9197032630185189,0.03488118596032265,0.9993651714943863,0.8044692737430167,,,,,,,,,
credit,2,Logistic Regression,aligned,full,55133,1,0.0,1.0,0,0.0,2294588.77344341,stateful,full test set,,0.920011608292674,0.9197032630185189,0.03488118596032265,0.9993651714943863,0.8044692737430167,,,,,,,,,
credit,2,XGBoost,app,1,1024,1024,0.0,1.0,0,0.0,12.88044303284183,stateless,minority-enriched (95 of 1024 rows are class 1),,0.9248046875,0.9072265625,0.0,0.982421875,0.8953488372093024,0.9248046875,1.0,0.9248046875,1.0,,,,,
credit,2,XGBoost,aligned,1,1024,1024,0.0,1.0,0,0.0,12.88044303284183,stateless,minority-enriched (95 of 1024 rows are class 1),,0.9248046875,0.9072265625,0.0,0.982421875,0.8953488372093024,0.9248046875,1.0,0.9248046875,1.0,,,,,
credit,2,Random Forest,app,1,1024,1024,0.0,1.0,0,0.0,12.88044303284183,stateless,minority-enriched (95 of 1024 rows are class 1),,0.9306640625,0.9072265625,0.0,0.9765625,0.8554216867469879,0.9306640625,1.0,0.9306640625,1.0,,,,,
credit,2,Random Forest,aligned,1,1024,1024,0.0,1.0,0,0.0,12.88044303284183,stateless,minority-enriched (95 of 1024 rows are class 1),,0.9306640625,0.9072265625,0.0,0.9765625,0.8554216867469879,0.9306640625,1.0,0.9306640625,1.0,,,,,
credit,2,Logistic Regression,app,1,1024,1024,0.0,1.0,0,0.0,12.88044303284183,stateless,minority-enriched (95 of 1024 rows are class 1),,0.9296875,0.9072265625,0.0,0.9775390625,0.8622754491017963,0.8427734375,1.0,0.8427734375,1.0,,,,,
credit,2,Logistic Regression,aligned,1,1024,1024,0.0,1.0,0,0.0,12.88044303284183,stateless,minority-enriched (95 of 1024 rows are class 1),,0.9296875,0.9072265625,0.0,0.9775390625,0.8622754491017963,0.8427734375,1.0,0.8427734375,1.0,,,,,
credit,2,XGBoost,app,16,1024,64,0.28125,0.71875,0,0.0,180.61752572549855,stateless,minority-enriched (95 of 1024 rows are class 1),"ValueError: feature_names mismatch: ['V1', 'V2', 'V3', 'V4', 'V5', 'V6', 'V7', 'V8', 'V9', 'V10', 'V11', 'V12', 'V13', 'V14', 'V15', 'V16', 'V17', 'V18', 'V19', 'V20', 'V21",0.9211956521739131,0.90625,0.14814814814814814,0.9850543478260869,0.9208633093525179,0.9211956521739131,0.71875,0.9211956521739131,0.71875,,,,,
credit,2,XGBoost,aligned,16,1024,64,0.0,1.0,0,0.0,180.61752572549855,stateless,minority-enriched (95 of 1024 rows are class 1),,0.931640625,0.9140625,0.1372549019607843,0.982421875,0.8953488372093024,0.931640625,1.0,0.931640625,1.0,,,,,
credit,2,Random Forest,app,16,1024,64,0.28125,0.71875,0,0.0,180.61752572549855,stateless,minority-enriched (95 of 1024 rows are class 1),ValueError: The feature names should match those that were passed during fit.,0.9211956521739131,0.8994565217391305,0.02631578947368421,0.9782608695652174,0.8805970149253731,0.9211956521739131,0.71875,0.9211956521739131,0.71875,,,,,
credit,2,Random Forest,aligned,16,1024,64,0.0,1.0,0,0.0,180.61752572549855,stateless,minority-enriched (95 of 1024 rows are class 1),,0.931640625,0.908203125,0.020833333333333332,0.9765625,0.8554216867469879,0.931640625,1.0,0.931640625,1.0,,,,,
credit,2,Logistic Regression,app,16,1024,64,0.28125,0.71875,0,0.0,180.61752572549855,stateless,minority-enriched (95 of 1024 rows are class 1),ValueError: The feature names should match those that were passed during fit.,0.9592391304347826,0.936141304347826,0.5436893203883496,0.9769021739130435,0.8721804511278195,0.8709239130434783,0.71875,0.8709239130434783,0.71875,,,,,
credit,2,Logistic Regression,aligned,16,1024,64,0.0,1.0,0,0.0,180.61752572549855,stateless,minority-enriched (95 of 1024 rows are class 1),,0.9609375,0.9384765625,0.5039370078740157,0.9775390625,0.8622754491017963,0.8740234375,1.0,0.8740234375,1.0,,,,,
credit,2,XGBoost,app,256,1024,4,0.0,1.0,0,0.0,2464.0783161802415,stateless,minority-enriched (95 of 1024 rows are class 1),,0.92578125,0.908203125,0.020833333333333332,0.982421875,0.8953488372093024,0.92578125,1.0,0.92578125,1.0,,,,,
credit,2,XGBoost,aligned,256,1024,4,0.0,1.0,0,0.0,2464.0783161802415,stateless,minority-enriched (95 of 1024 rows are class 1),,0.92578125,0.908203125,0.020833333333333332,0.982421875,0.8953488372093024,0.92578125,1.0,0.92578125,1.0,,,,,
credit,2,Random Forest,app,256,1024,4,0.0,1.0,0,0.0,2464.0783161802415,stateless,minority-enriched (95 of 1024 rows are class 1),,0.9306640625,0.9072265625,0.0,0.9765625,0.8554216867469879,0.9306640625,1.0,0.9306640625,1.0,,,,,
credit,2,Random Forest,aligned,256,1024,4,0.0,1.0,0,0.0,2464.0783161802415,stateless,minority-enriched (95 of 1024 rows are class 1),,0.9306640625,0.9072265625,0.0,0.9765625,0.8554216867469879,0.9306640625,1.0,0.9306640625,1.0,,,,,
credit,2,Logistic Regression,app,256,1024,4,0.0,1.0,0,0.0,2464.0783161802415,stateless,minority-enriched (95 of 1024 rows are class 1),,0.97265625,0.9501953125,0.6330935251798561,0.9775390625,0.8622754491017963,0.8857421875,1.0,0.8857421875,1.0,,,,,
credit,2,Logistic Regression,aligned,256,1024,4,0.0,1.0,0,0.0,2464.0783161802415,stateless,minority-enriched (95 of 1024 rows are class 1),,0.97265625,0.9501953125,0.6330935251798561,0.9775390625,0.8622754491017963,0.8857421875,1.0,0.8857421875,1.0,,,,,
credit,2,XGBoost,app,full,55133,1,0.0,1.0,0,0.0,62840.7437402362,stateless,full test set,,0.9999818620426968,0.9995646890247221,0.8636363636363636,0.9995828269820253,0.8700564971751412,0.9999455861280903,1.0,0.9999455861280903,1.0,,,,,
credit,2,XGBoost,aligned,full,55133,1,0.0,1.0,0,0.0,62840.7437402362,stateless,full test set,,0.9999818620426968,0.9995646890247221,0.8636363636363636,0.9995828269820253,0.8700564971751412,0.9999455861280903,1.0,0.9999455861280903,1.0,,,,,
credit,2,Random Forest,app,full,55133,1,0.0,1.0,0,0.0,62840.7437402362,stateless,full test set,,0.9999455861280903,0.9994739992382058,0.8284023668639052,0.999492137195509,0.8352941176470587,0.9999455861280903,1.0,0.9999455861280903,1.0,,,,,
credit,2,Random Forest,aligned,full,55133,1,0.0,1.0,0,0.0,62840.7437402362,stateless,full test set,,0.9999455861280903,0.9994739992382058,0.8284023668639052,0.999492137195509,0.8352941176470587,0.9999455861280903,1.0,0.9999455861280903,1.0,,,,,
credit,2,Logistic Regression,app,full,55133,1,0.0,1.0,0,0.0,62840.7437402362,stateless,full test set,,1.0,0.9993651714943863,0.8044692737430167,0.9993651714943863,0.8044692737430167,0.920011608292674,1.0,0.920011608292674,1.0,,,,,
credit,2,Logistic Regression,aligned,full,55133,1,0.0,1.0,0,0.0,62840.7437402362,stateless,full test set,,1.0,0.9993651714943863,0.8044692737430167,0.9993651714943863,0.8044692737430167,0.920011608292674,1.0,0.920011608292674,1.0,,,,,
credit,3,XGBoost,app,1,1024,1024,0.0,1.0,0,0.0,355.5517905341441,stateful,minority-enriched (95 of 1024 rows are class 1),,1.0,0.978515625,0.869047619047619,0.978515625,0.869047619047619,,,,,,,,,
credit,3,XGBoost,aligned,1,1024,1024,0.0,1.0,0,0.0,355.5517905341441,stateful,minority-enriched (95 of 1024 rows are class 1),,1.0,0.978515625,0.869047619047619,0.978515625,0.869047619047619,,,,,,,,,
credit,3,Random Forest,app,1,1024,1024,0.0,1.0,0,0.0,355.5517905341441,stateful,minority-enriched (95 of 1024 rows are class 1),,1.0,0.9755859375,0.8484848484848484,0.9755859375,0.8484848484848484,,,,,,,,,
credit,3,Random Forest,aligned,1,1024,1024,0.0,1.0,0,0.0,355.5517905341441,stateful,minority-enriched (95 of 1024 rows are class 1),,1.0,0.9755859375,0.8484848484848484,0.9755859375,0.8484848484848484,,,,,,,,,
credit,3,Logistic Regression,app,1,1024,1024,0.0,1.0,0,0.0,355.5517905341441,stateful,minority-enriched (95 of 1024 rows are class 1),,0.8828125,0.880859375,0.5763888888888888,0.978515625,0.869047619047619,,,,,,,,,
credit,3,Logistic Regression,aligned,1,1024,1024,0.0,1.0,0,0.0,355.5517905341441,stateful,minority-enriched (95 of 1024 rows are class 1),,0.8828125,0.880859375,0.5763888888888888,0.978515625,0.869047619047619,,,,,,,,,
credit,3,XGBoost,app,16,1024,64,0.0,1.0,0,0.0,5766.47988698545,stateful,minority-enriched (95 of 1024 rows are class 1),,1.0,0.978515625,0.869047619047619,0.978515625,0.869047619047619,,,,,,,,,
credit,3,XGBoost,aligned,16,1024,64,0.0,1.0,0,0.0,5766.47988698545,stateful,minority-enriched (95 of 1024 rows are class 1),,1.0,0.978515625,0.869047619047619,0.978515625,0.869047619047619,,,,,,,,,
credit,3,Random Forest,app,16,1024,64,0.0,1.0,0,0.0,5766.47988698545,stateful,minority-enriched (95 of 1024 rows are class 1),,1.0,0.9755859375,0.8484848484848484,0.9755859375,0.8484848484848484,,,,,,,,,
credit,3,Random Forest,aligned,16,1024,64,0.0,1.0,0,0.0,5766.47988698545,stateful,minority-enriched (95 of 1024 rows are class 1),,1.0,0.9755859375,0.8484848484848484,0.9755859375,0.8484848484848484,,,,,,,,,
credit,3,Logistic Regression,app,16,1024,64,0.0,1.0,0,0.0,5766.47988698545,stateful,minority-enriched (95 of 1024 rows are class 1),,0.8828125,0.880859375,0.5763888888888888,0.978515625,0.869047619047619,,,,,,,,,
credit,3,Logistic Regression,aligned,16,1024,64,0.0,1.0,0,0.0,5766.47988698545,stateful,minority-enriched (95 of 1024 rows are class 1),,0.8828125,0.880859375,0.5763888888888888,0.978515625,0.869047619047619,,,,,,,,,
credit,3,XGBoost,app,256,1024,4,0.0,1.0,0,0.0,77062.72996762118,stateful,minority-enriched (95 of 1024 rows are class 1),,1.0,0.978515625,0.869047619047619,0.978515625,0.869047619047619,,,,,,,,,
credit,3,XGBoost,aligned,256,1024,4,0.0,1.0,0,0.0,77062.72996762118,stateful,minority-enriched (95 of 1024 rows are class 1),,1.0,0.978515625,0.869047619047619,0.978515625,0.869047619047619,,,,,,,,,
credit,3,Random Forest,app,256,1024,4,0.0,1.0,0,0.0,77062.72996762118,stateful,minority-enriched (95 of 1024 rows are class 1),,1.0,0.9755859375,0.8484848484848484,0.9755859375,0.8484848484848484,,,,,,,,,
credit,3,Random Forest,aligned,256,1024,4,0.0,1.0,0,0.0,77062.72996762118,stateful,minority-enriched (95 of 1024 rows are class 1),,1.0,0.9755859375,0.8484848484848484,0.9755859375,0.8484848484848484,,,,,,,,,
credit,3,Logistic Regression,app,256,1024,4,0.0,1.0,0,0.0,77062.72996762118,stateful,minority-enriched (95 of 1024 rows are class 1),,0.8828125,0.880859375,0.5763888888888888,0.978515625,0.869047619047619,,,,,,,,,
credit,3,Logistic Regression,aligned,256,1024,4,0.0,1.0,0,0.0,77062.72996762118,stateful,minority-enriched (95 of 1024 rows are class 1),,0.8828125,0.880859375,0.5763888888888888,0.978515625,0.869047619047619,,,,,,,,,
credit,3,XGBoost,app,full,55133,1,0.0,1.0,0,0.0,492740.1641346554,stateful,full test set,,0.9999093102134837,0.9994558612809026,0.8295454545454545,0.9995465510674187,0.8538011695906433,,,,,,,,,
credit,3,XGBoost,aligned,full,55133,1,0.0,1.0,0,0.0,492740.1641346554,stateful,full test set,,0.9999093102134837,0.9994558612809026,0.8295454545454545,0.9995465510674187,0.8538011695906433,,,,,,,,,
credit,3,Random Forest,app,full,55133,1,0.0,1.0,0,0.0,492740.1641346554,stateful,full test set,,0.9999455861280903,0.999492137195509,0.8333333333333334,0.9995102751528123,0.8383233532934131,,,,,,,,,
credit,3,Random Forest,aligned,full,55133,1,0.0,1.0,0,0.0,492740.1641346554,stateful,full test set,,0.9999455861280903,0.999492137195509,0.8333333333333334,0.9995102751528123,0.8383233532934131,,,,,,,,,
credit,3,Logistic Regression,app,full,55133,1,0.0,1.0,0,0.0,492740.1641346554,stateful,full test set,,0.8891770808771516,0.8889957013041191,0.026407890550429528,0.999419585366296,0.8202247191011235,,,,,,,,,
credit,3,Logistic Regression,aligned,full,55133,1,0.0,1.0,0,0.0,492740.1641346554,stateful,full test set,,0.8891770808771516,0.8889957013041191,0.026407890550429528,0.999419585366296,0.8202247191011235,,,,,,,,,
credit,3,XGBoost,app,1,1024,1024,0.0,1.0,0,0.0,13.711606254569565,stateless,minority-enriched (95 of 1024 rows are class 1),,0.9287109375,0.9072265625,0.0,0.978515625,0.869047619047619,0.9287109375,1.0,0.9287109375,1.0,,,,,
credit,3,XGBoost,aligned,1,1024,1024,0.0,1.0,0,0.0,13.711606254569565,stateless,minority-enriched (95 of 1024 rows are class 1),,0.9287109375,0.9072265625,0.0,0.978515625,0.869047619047619,0.9287109375,1.0,0.9287109375,1.0,,,,,
credit,3,Random Forest,app,1,1024,1024,0.0,1.0,0,0.0,13.711606254569565,stateless,minority-enriched (95 of 1024 rows are class 1),,0.931640625,0.9072265625,0.0,0.9755859375,0.8484848484848484,0.931640625,1.0,0.931640625,1.0,,,,,
credit,3,Random Forest,aligned,1,1024,1024,0.0,1.0,0,0.0,13.711606254569565,stateless,minority-enriched (95 of 1024 rows are class 1),,0.931640625,0.9072265625,0.0,0.9755859375,0.8484848484848484,0.931640625,1.0,0.931640625,1.0,,,,,
credit,3,Logistic Regression,app,1,1024,1024,0.0,1.0,0,0.0,13.711606254569565,stateless,minority-enriched (95 of 1024 rows are class 1),,0.9287109375,0.9072265625,0.0,0.978515625,0.869047619047619,0.8115234375,1.0,0.8115234375,1.0,,,,,
credit,3,Logistic Regression,aligned,1,1024,1024,0.0,1.0,0,0.0,13.711606254569565,stateless,minority-enriched (95 of 1024 rows are class 1),,0.9287109375,0.9072265625,0.0,0.978515625,0.869047619047619,0.8115234375,1.0,0.8115234375,1.0,,,,,
credit,3,XGBoost,app,16,1024,64,0.21875,0.78125,0,0.0,186.5059804625069,stateless,minority-enriched (95 of 1024 rows are class 1),"ValueError: feature_names mismatch: ['V1', 'V2', 'V3', 'V4', 'V5', 'V6', 'V7', 'V8', 'V9', 'V10', 'V11', 'V12', 'V13', 'V14', 'V15', 'V16', 'V17', 'V18', 'V19', 'V20', 'V21",0.93125,0.91125,0.12345679012345677,0.98,0.8823529411764706,0.93125,0.78125,0.93125,0.78125,,,,,
credit,3,XGBoost,aligned,16,1024,64,0.0,1.0,0,0.0,186.5059804625069,stateless,minority-enriched (95 of 1024 rows are class 1),,0.9365234375,0.9150390625,0.1553398058252427,0.978515625,0.869047619047619,0.9365234375,1.0,0.9365234375,1.0,,,,,
credit,3,Random Forest,app,16,1024,64,0.21875,0.78125,0,0.0,186.5059804625069,stateless,minority-enriched (95 of 1024 rows are class 1),ValueError: The feature names should match those that were passed during fit.,0.92875,0.90625,0.025974025974025976,0.9775,0.8656716417910448,0.92875,0.78125,0.92875,0.78125,,,,,
credit,3,Random Forest,aligned,16,1024,64,0.0,1.0,0,0.0,186.5059804625069,stateless,minority-enriched (95 of 1024 rows are class 1),,0.9326171875,0.908203125,0.020833333333333332,0.9755859375,0.8484848484848484,0.9326171875,1.0,0.9326171875,1.0,,,,,
credit,3,Logistic Regression,app,16,1024,64,0.21875,0.78125,0,0.0,186.5059804625069,stateless,minority-enriched (95 of 1024 rows are class 1),ValueError: The feature names should match those that were passed during fit.,0.95,0.93,0.4166666666666667,0.98,0.8823529411764706,0.835,0.78125,0.835,0.78125,,,,,
credit,3,Logistic Regression,aligned,16,1024,64,0.0,1.0,0,0.0,186.5059804625069,stateless,minority-enriched (95 of 1024 rows are class 1),,0.9541015625,0.9326171875,0.42975206611570255,0.978515625,0.869047619047619,0.8369140625,1.0,0.8369140625,1.0,,,,,
credit,3,XGBoost,app,256,1024,4,0.0,1.0,0,0.0,2842.31386176546,stateless,minority-enriched (95 of 1024 rows are class 1),,0.93359375,0.912109375,0.1,0.978515625,0.869047619047619,0.93359375,1.0,0.93359375,1.0,,,,,
credit,3,XGBoost,aligned,256,1024,4,0.0,1.0,0,0.0,2842.31386176546,stateless,minority-enriched (95 of 1024 rows are class 1),,0.93359375,0.912109375,0.1,0.978515625,0.869047619047619,0.93359375,1.0,0.93359375,1.0,,,,,
credit,3,Random Forest,app,256,1024,4,0.0,1.0,0,0.0,2842.31386176546,stateless,minority-enriched (95 of 1024 rows are class 1),,0.931640625,0.9072265625,0.0,0.9755859375,0.8484848484848484,0.931640625,1.0,0.931640625,1.0,,,,,
credit,3,Random Forest,aligned,256,1024,4,0.0,1.0,0,0.0,2842.31386176546,stateless,minority-enriched (95 of 1024 rows are class 1),,0.931640625,0.9072265625,0.0,0.9755859375,0.8484848484848484,0.931640625,1.0,0.931640625,1.0,,,,,
credit,3,Logistic Regression,app,256,1024,4,0.0,1.0,0,0.0,2842.31386176546,stateless,minority-enriched (95 of 1024 rows are class 1),,0.974609375,0.953125,0.6619718309859155,0.978515625,0.869047619047619,0.857421875,1.0,0.857421875,1.0,,,,,
credit,3,Logistic Regression,aligned,256,1024,4,0.0,1.0,0,0.0,2842.31386176546,stateless,minority-enriched (95 of 1024 rows are class 1),,0.974609375,0.953125,0.6619718309859155,0.978515625,0.869047619047619,0.857421875,1.0,0.857421875,1.0,,,,,
credit,3,XGBoost,app,full,55133,1,0.0,1.0,0,0.0,66564.09504192606,stateless,full test set,,0.9999818620426968,0.9995284131101155,0.8470588235294118,0.9995465510674187,0.8538011695906433,0.9998911722561805,1.0,0.9998911722561805,1.0,,,,,
credit,3,XGBoost,aligned,full,55133,1,0.0,1.0,0,0.0,66564.09504192606,stateless,full test set,,0.9999818620426968,0.9995284131101155,0.8470588235294118,0.9995465510674187,0.8538011695906433,0.9998911722561805,1.0,0.9998911722561805,1.0,,,,,
credit,3,Random Forest,app,full,55133,1,0.0,1.0,0,0.0,66564.09504192606,stateless,full test set,,0.9998186204269676,0.9994377233235993,0.8121212121212121,0.9995102751528123,0.8383233532934131,0.9998730342988773,1.0,0.9998730342988773,1.0,,,,,
credit,3,Random Forest,aligned,full,55133,1,0.0,1.0,0,0.0,66564.09504192606,stateless,full test set,,0.9998186204269676,0.9994377233235993,0.8121212121212121,0.9995102751528123,0.8383233532934131,0.9998730342988773,1.0,0.9998730342988773,1.0,,,,,
credit,3,Logistic Regression,app,full,55133,1,0.0,1.0,0,0.0,66564.09504192606,stateless,full test set,,1.0,0.999419585366296,0.8202247191011235,0.999419585366296,0.8202247191011235,0.8891770808771516,1.0,0.8891770808771516,1.0,,,,,
credit,3,Logistic Regression,aligned,full,55133,1,0.0,1.0,0,0.0,66564.09504192606,stateless,full test set,,1.0,0.999419585366296,0.8202247191011235,0.999419585366296,0.8202247191011235,0.8891770808771516,1.0,0.8891770808771516,1.0,,,,,
credit,4,XGBoost,app,1,1024,1024,0.0,1.0,0,0.0,370.6036552364897,stateful,minority-enriched (95 of 1024 rows are class 1),,1.0,0.98046875,0.8823529411764706,0.98046875,0.8823529411764706,,,,,,,,,
credit,4,XGBoost,aligned,1,1024,1024,0.0,1.0,0,0.0,370.6036552364897,stateful,minority-enriched (95 of 1024 rows are class 1),,1.0,0.98046875,0.8823529411764706,0.98046875,0.8823529411764706,,,,,,,,,
credit,4,Random Forest,app,1,1024,1024,0.0,1.0,0,0.0,370.6036552364897,stateful,minority-enriched (95 of 1024 rows are class 1),,1.0,0.978515625,0.869047619047619,0.978515625,0.869047619047619,,,,,,,,,
credit,4,Random Forest,aligned,1,1024,1024,0.0,1.0,0,0.0,370.6036552364897,stateful,minority-enriched (95 of 1024 rows are class 1),,1.0,0.978515625,0.869047619047619,0.978515625,0.869047619047619,,,,,,,,,
credit,4,Logistic Regression,app,1,1024,1024,0.0,1.0,0,0.0,370.6036552364897,stateful,minority-enriched (95 of 1024 rows are class 1),,0.9228515625,0.9150390625,0.6448979591836734,0.9765625,0.8571428571428571,,,,,,,,,
credit,4,Logistic Regression,aligned,1,1024,1024,0.0,1.0,0,0.0,370.6036552364897,stateful,minority-enriched (95 of 1024 rows are class 1),,0.9228515625,0.9150390625,0.6448979591836734,0.9765625,0.8571428571428571,,,,,,,,,
credit,4,XGBoost,app,16,1024,64,0.0,1.0,0,0.0,6629.195098192522,stateful,minority-enriched (95 of 1024 rows are class 1),,1.0,0.98046875,0.8823529411764706,0.98046875,0.8823529411764706,,,,,,,,,
credit,4,XGBoost,aligned,16,1024,64,0.0,1.0,0,0.0,6629.195098192522,stateful,minority-enriched (95 of 1024 rows are class 1),,1.0,0.98046875,0.8823529411764706,0.98046875,0.8823529411764706,,,,,,,,,
credit,4,Random Forest,app,16,1024,64,0.0,1.0,0,0.0,6629.195098192522,stateful,minority-enriched (95 of 1024 rows are class 1),,1.0,0.978515625,0.869047619047619,0.978515625,0.869047619047619,,,,,,,,,
credit,4,Random Forest,aligned,16,1024,64,0.0,1.0,0,0.0,6629.195098192522,stateful,minority-enriched (95 of 1024 rows are class 1),,1.0,0.978515625,0.869047619047619,0.978515625,0.869047619047619,,,,,,,,,
credit,4,Logistic Regression,app,16,1024,64,0.0,1.0,0,0.0,6629.195098192522,stateful,minority-enriched (95 of 1024 rows are class 1),,0.9228515625,0.9150390625,0.6448979591836734,0.9765625,0.8571428571428571,,,,,,,,,
credit,4,Logistic Regression,aligned,16,1024,64,0.0,1.0,0,0.0,6629.195098192522,stateful,minority-enriched (95 of 1024 rows are class 1),,0.9228515625,0.9150390625,0.6448979591836734,0.9765625,0.8571428571428571,,,,,,,,,
credit,4,XGBoost,app,256,1024,4,0.0,1.0,0,0.0,109977.35155329769,stateful,minority-enriched (95 of 1024 rows are class 1),,1.0,0.98046875,0.8823529411764706,0.98046875,0.8823529411764706,,,,,,,,,
credit,4,XGBoost,aligned,256,1024,4,0.0,1.0,0,0.0,109977.35155329769,stateful,minority-enriched (95 of 1024 rows are class 1),,1.0,0.98046875,0.8823529411764706,0.98046875,0.8823529411764706,,,,,,,,,
credit,4,Random Forest,app,256,1024,4,0.0,1.0,0,0.0,109977.35155329769,stateful,minority-enriched (95 of 1024 rows are class 1),,1.0,0.978515625,0.869047619047619,0.978515625,0.869047619047619,,,,,,,,,
credit,4,Random Forest,aligned,256,1024,4,0.0,1.0,0,0.0,109977.35155329769,stateful,minority-enriched (95 of 1024 rows are class 1),,1.0,0.978515625,0.869047619047619,0.978515625,0.869047619047619,,,,,,,,,
credit,4,Logistic Regression,app,256,1024,4,0.0,1.0,0,0.0,109977.35155329769,stateful,minority-enriched (95 of 1024 rows are class 1),,0.9228515625,0.9150390625,0.6448979591836734,0.9765625,0.8571428571428571,,,,,,,,,
credit,4,Logistic Regression,aligned,256,1024,4,0.0,1.0,0,0.0,109977.35155329769,stateful,minority-enriched (95 of 1024 rows are class 1),,0.9228515625,0.9150390625,0.6448979591836734,0.9765625,0.8571428571428571,,,,,,,,,
credit,4,XGBoost,app,full,55133,1,0.0,1.0,0,0.0,2469966.09831611,stateful,full test set,,0.9999455861280903,0.9995102751528123,0.847457627118644,0.9995646890247221,0.8620689655172414,,,,,,,,,
credit,4,XGBoost,aligned,full,55133,1,0.0,1.0,0,0.0,2469966.09831611,stateful,full test set,,0.9999455861280903,0.9995102751528123,0.847457627118644,0.9995646890247221,0.8620689655172414,,,,,,,,,
credit,4,Random Forest,app,full,55133,1,0.0,1.0,0,0.0,2469966.09831611,stateful,full test set,,1.0,0.9995284131101155,0.8488372093023255,0.9995284131101155,0.8488372093023255,,,,,,,,,
credit,4,Random Forest,aligned,full,55133,1,0.0,1.0,0,0.0,2469966.09831611,stateful,full test set,,1.0,0.9995284131101155,0.8488372093023255,0.9995284131101155,0.8488372093023255,,,,,,,,,
credit,4,Logistic Regression,app,full,55133,1,0.0,1.0,0,0.0,2469966.09831611,stateful,full test set,,0.9176899497578582,0.9173816044837031,0.03352429450456185,0.9994014474089928,0.8135593220338984,,,,,,,,,
credit,4,Logistic Regression,aligned,full,55133,1,0.0,1.0,0,0.0,2469966.09831611,stateful,full test set,,0.9176899497578582,0.9173816044837031,0.03352429450456185,0.9994014474089928,0.8135593220338984,,,,,,,,,
credit,4,XGBoost,app,1,1024,1024,0.0,1.0,0,0.0,13.76864386325044,stateless,minority-enriched (95 of 1024 rows are class 1),,0.9267578125,0.9072265625,0.0,0.98046875,0.8823529411764706,0.9267578125,1.0,0.9267578125,1.0,,,,,
credit,4,XGBoost,aligned,1,1024,1024,0.0,1.0,0,0.0,13.76864386325044,stateless,minority-enriched (95 of 1024 rows are class 1),,0.9267578125,0.9072265625,0.0,0.98046875,0.8823529411764706,0.9267578125,1.0,0.9267578125,1.0,,,,,
credit,4,Random Forest,app,1,1024,1024,0.0,1.0,0,0.0,13.76864386325044,stateless,minority-enriched (95 of 1024 rows are class 1),,0.9287109375,0.9072265625,0.0,0.978515625,0.869047619047619,0.9287109375,1.0,0.9287109375,1.0,,,,,
credit,4,Random Forest,aligned,1,1024,1024,0.0,1.0,0,0.0,13.76864386325044,stateless,minority-enriched (95 of 1024 rows are class 1),,0.9287109375,0.9072265625,0.0,0.978515625,0.869047619047619,0.9287109375,1.0,0.9287109375,1.0,,,,,
credit,4,Logistic Regression,app,1,1024,1024,0.0,1.0,0,0.0,13.76864386325044,stateless,minority-enriched (95 of 1024 rows are class 1),,0.9287109375,0.9072265625,0.0,0.9765625,0.8571428571428571,0.853515625,1.0,0.853515625,1.0,,,,,
credit,4,Logistic Regression,aligned,1,1024,1024,0.0,1.0,0,0.0,13.76864386325044,stateless,minority-enriched (95 of 1024 rows are class 1),,0.9287109375,0.9072265625,0.0,0.9765625,0.8571428571428571,0.853515625,1.0,0.853515625,1.0,,,,,
credit,4,XGBoost,app,16,1024,64,0.328125,0.671875,0,0.0,187.68440075995645,stateless,minority-enriched (95 of 1024 rows are class 1),"ValueError: feature_names mismatch: ['V1', 'V2', 'V3', 'V4', 'V5', 'V6', 'V7', 'V8', 'V9', 'V10', 'V11', 'V12', 'V13', 'V14', 'V15', 'V16', 'V17', 'V18', 'V19', 'V20', 'V21",0.9302325581395349,0.9142441860465116,0.30588235294117644,0.9840116279069767,0.9172932330827067,0.9302325581395349,0.671875,0.9302325581395349,0.671875,,,,,
credit,4,XGBoost,aligned,16,1024,64,0.0,1.0,0,0.0,187.68440075995645,stateless,minority-enriched (95 of 1024 rows are class 1),,0.9423828125,0.9228515625,0.2882882882882883,0.98046875,0.8823529411764706,0.9423828125,1.0,0.9423828125,1.0,,,,,
credit,4,Random Forest,app,16,1024,64,0.328125,0.671875,0,0.0,187.68440075995645,stateless,minority-enriched (95 of 1024 rows are class 1),ValueError: The feature names should match those that were passed during fit.,0.9156976744186046,0.8968023255813954,0.0273972602739726,0.9811046511627907,0.9007633587786259,0.9156976744186046,0.671875,0.9156976744186046,0.671875,,,,,
credit,4,Random Forest,aligned,16,1024,64,0.0,1.0,0,0.0,187.68440075995645,stateless,minority-enriched (95 of 1024 rows are class 1),,0.9296875,0.908203125,0.020833333333333332,0.978515625,0.869047619047619,0.9296875,1.0,0.9296875,1.0,,,,,
credit,4,Logistic Regression,app,16,1024,64,0.328125,0.671875,0,0.0,187.68440075995645,stateless,minority-enriched (95 of 1024 rows are class 1),ValueError: The feature names should match those that were passed during fit.,0.9563953488372093,0.936046511627907,0.56,0.9767441860465116,0.8769230769230769,0.8808139534883721,0.671875,0.8808139534883721,0.671875,,,,,
credit,4,Logistic Regression,aligned,16,1024,64,0.0,1.0,0,0.0,187.68440075995645,stateless,minority-enriched (95 of 1024 rows are class 1),,0.962890625,0.94140625,0.5384615384615384,0.9765625,0.8571428571428571,0.8876953125,1.0,0.8876953125,1.0,,,,,
credit,4,XGBoost,app,256,1024,4,0.0,1.0,0,0.0,2868.2642315769967,stateless,minority-enriched (95 of 1024 rows are class 1),,0.9619140625,0.9423828125,0.549618320610687,0.98046875,0.8823529411764706,0.9619140625,1.0,0.9619140625,1.0,,,,,
credit,4,XGBoost,aligned,256,1024,4,0.0,1.0,0,0.0,2868.2642315769967,stateless,minority-enriched (95 of 1024 rows are class 1),,0.9619140625,0.9423828125,0.549618320610687,0.98046875,0.8823529411764706,0.9619140625,1.0,0.9619140625,1.0,,,,,
credit,4,Random Forest,app,256,1024,4,0.0,1.0,0,0.0,2868.2642315769967,stateless,minority-enriched (95 of 1024 rows are class 1),,0.9287109375,0.9072265625,0.0,0.978515625,0.869047619047619,0.9287109375,1.0,0.9287109375,1.0,,,,,
credit,4,Random Forest,aligned,256,1024,4,0.0,1.0,0,0.0,2868.2642315769967,stateless,minority-enriched (95 of 1024 rows are class 1),,0.9287109375,0.9072265625,0.0,0.978515625,0.869047619047619,0.9287109375,1.0,0.9287109375,1.0,,,,,
credit,4,Logistic Regression,app,256,1024,4,0.0,1.0,0,0.0,2868.2642315769967,stateless,minority-enriched (95 of 1024 rows are class 1),,0.9765625,0.955078125,0.6805555555555556,0.9765625,0.8571428571428571,0.9013671875,1.0,0.9013671875,1.0,,,,,
credit,4,Logistic Regression,aligned,256,1024,4,0.0,1.0,0,0.0,2868.2642315769967,stateless,minority-enriched (95 of 1024 rows are class 1),,0.9765625,0.955078125,0.6805555555555556,0.9765625,0.8571428571428571,0.9013671875,1.0,0.9013671875,1.0,,,,,
credit,4,XGBoost,app,full,55133,1,0.0,1.0,0,0.0,65564.51425535114,stateless,full test set,,0.9999637240853935,0.9995284131101155,0.8522727272727273,0.9995646890247221,0.8620689655172414,0.9999455861280903,1.0,0.9999455861280903,1.0,,,,,
credit,4,XGBoost,aligned,full,55133,1,0.0,1.0,0,0.0,65564.51425535114,stateless,full test set,,0.9999637240853935,0.9995284131101155,0.8522727272727273,0.9995646890247221,0.8620689655172414,0.9999455861280903,1.0,0.9999455861280903,1.0,,,,,
credit,4,Random Forest,app,full,55133,1,0.0,1.0,0,0.0,65564.51425535114,stateless,full test set,,0.9999818620426968,0.9995102751528123,0.8421052631578948,0.9995284131101155,0.8488372093023255,0.9999818620426968,1.0,0.9999818620426968,1.0,,,,,
credit,4,Random Forest,aligned,full,55133,1,0.0,1.0,0,0.0,65564.51425535114,stateless,full test set,,0.9999818620426968,0.9995102751528123,0.8421052631578948,0.9995284131101155,0.8488372093023255,0.9999818620426968,1.0,0.9999818620426968,1.0,,,,,
credit,4,Logistic Regression,app,full,55133,1,0.0,1.0,0,0.0,65564.51425535114,stateless,full test set,,1.0,0.9994014474089928,0.8135593220338984,0.9994014474089928,0.8135593220338984,0.9176899497578582,1.0,0.9176899497578582,1.0,,,,,
credit,4,Logistic Regression,aligned,full,55133,1,0.0,1.0,0,0.0,65564.51425535114,stateless,full test set,,1.0,0.9994014474089928,0.8135593220338984,0.9994014474089928,0.8135593220338984,0.9176899497578582,1.0,0.9176899497578582,1.0,,,,,
california,0,XGBoost,app,1,1024,1024,1.0,0.0,0,0.0,697.3330573504903,stateful,random,"ValueError: feature_names mismatch: ['MedInc', 'HouseAge', 'AveRooms', 'Population', 'AveOccup', 'Latitude', 'Longitude'] ['MedInc', 'HouseAge', 'AveRooms', 'AveBedrms', 'P",,,,,,,,,,,,,,
california,0,XGBoost,aligned,1,1024,1024,0.0,1.0,0,0.0,697.3330573504903,stateful,random,,1.0,,,,,,,,,0.0,0.4267000411627753,0.8608015073503719,0.4267000411627753,0.8608015073503719
california,0,Random Forest,app,1,1024,1024,1.0,0.0,0,0.0,697.3330573504903,stateful,random,ValueError: The feature names should match those that were passed during fit.,,,,,,,,,,,,,,
california,0,Random Forest,aligned,1,1024,1024,0.0,1.0,0,0.0,697.3330573504903,stateful,random,,1.0,,,,,,,,,0.0,0.4769825713873042,0.8260621154127714,0.4769825713873042,0.8260621154127714
california,0,Ridge,app,1,1024,1024,1.0,0.0,0,0.0,697.3330573504903,stateful,random,ValueError: The feature names should match those that were passed during fit.,,,,,,,,,,,,,,
california,0,Ridge,aligned,1,1024,1024,0.0,1.0,0,0.0,697.3330573504903,stateful,random,,0.8515625,,,,,,,,,0.0341645173411165,0.6837018331823429,0.6426262481028483,0.6751089529115142,0.651552865256678
california,0,XGBoost,app,16,1024,64,1.0,0.0,0,0.0,11908.781754291766,stateful,random,"ValueError: feature_names mismatch: ['MedInc', 'HouseAge', 'AveRooms', 'Population', 'AveOccup', 'Latitude', 'Longitude'] ['MedInc', 'HouseAge', 'AveRooms', 'AveBedrms', 'P",,,,,,,,,,,,,,
california,0,XGBoost,aligned,16,1024,64,0.0,1.0,0,0.0,11908.781754291766,stateful,random,,1.0,,,,,,,,,0.0,0.4267000411627753,0.8608015073503719,0.4267000411627753,0.8608015073503719
california,0,Random Forest,app,16,1024,64,1.0,0.0,0,0.0,11908.781754291766,stateful,random,ValueError: The feature names should match those that were passed during fit.,,,,,,,,,,,,,,
california,0,Random Forest,aligned,16,1024,64,0.0,1.0,0,0.0,11908.781754291766,stateful,random,,1.0,,,,,,,,,0.0,0.4769825713873042,0.8260621154127714,0.4769825713873042,0.8260621154127714
california,0,Ridge,app,16,1024,64,1.0,0.0,0,0.0,11908.781754291766,stateful,random,ValueError: The feature names should match those that were passed during fit.,,,,,,,,,,,,,,
california,0,Ridge,aligned,16,1024,64,0.0,1.0,0,0.0,11908.781754291766,stateful,random,,0.8515625,,,,,,,,,0.034164517341116425,0.6837018331823428,0.6426262481028484,0.6751089529115142,0.651552865256678
california,0,XGBoost,app,256,1024,4,1.0,0.0,0,0.0,162830.6583670358,stateful,random,"ValueError: feature_names mismatch: ['MedInc', 'HouseAge', 'AveRooms', 'Population', 'AveOccup', 'Latitude', 'Longitude'] ['MedInc', 'HouseAge', 'AveRooms', 'AveBedrms', 'P",,,,,,,,,,,,,,
california,0,XGBoost,aligned,256,1024,4,0.0,1.0,0,0.0,162830.6583670358,stateful,random,,1.0,,,,,,,,,0.0,0.4267000411627753,0.8608015073503719,0.4267000411627753,0.8608015073503719
california,0,Random Forest,app,256,1024,4,1.0,0.0,0,0.0,162830.6583670358,stateful,random,ValueError: The feature names should match those that were passed during fit.,,,,,,,,,,,,,,
california,0,Random Forest,aligned,256,1024,4,0.0,1.0,0,0.0,162830.6583670358,stateful,random,,1.0,,,,,,,,,0.0,0.4769825713873042,0.8260621154127714,0.4769825713873042,0.8260621154127714
california,0,Ridge,app,256,1024,4,1.0,0.0,0,0.0,162830.6583670358,stateful,random,ValueError: The feature names should match those that were passed during fit.,,,,,,,,,,,,,,
california,0,Ridge,aligned,256,1024,4,0.0,1.0,0,0.0,162830.6583670358,stateful,random,,0.8515625,,,,,,,,,0.034164517341116425,0.6837018331823428,0.6426262481028484,0.6751089529115142,0.651552865256678
california,0,XGBoost,app,full,4128,1,1.0,0.0,0,0.0,2216521.028831646,stateful,full test set,"ValueError: feature_names mismatch: ['MedInc', 'HouseAge', 'AveRooms', 'Population', 'AveOccup', 'Latitude', 'Longitude'] ['MedInc', 'HouseAge', 'AveRooms', 'AveBedrms', 'P",,,,,,,,,,,,,,
california,0,XGBoost,aligned,full,4128,1,0.0,1.0,0,0.0,2216521.028831646,stateful,full test set,,1.0,,,,,,,,,0.0,0.457357124025118,0.8395837628086682,0.457357124025118,0.8395837628086682
california,0,Random Forest,app,full,4128,1,1.0,0.0,0,0.0,2216521.028831646,stateful,full test set,ValueError: The feature names should match those that were passed during fit.,,,,,,,,,,,,,,
california,0,Random Forest,aligned,full,4128,1,0.0,1.0,0,0.0,2216521.028831646,stateful,full test set,,1.0,,,,,,,,,0.0,0.5098694801395381,0.8006319955419696,0.5098694801395381,0.8006319955419696
california,0,Ridge,app,full,4128,1,1.0,0.0,0,0.0,2216521.028831646,stateful,full test set,ValueError: The feature names should match those that were passed during fit.,,,,,,,,,,,,,,
california,0,Ridge,aligned,full,4128,1,0.0,1.0,0,0.0,2216521.028831646,stateful,full test set,,0.8628875968992248,,,,,,,,,0.1722702134773376,8.05641750871951,-48.776156337601556,0.6860065352385555,0.6390941392569705
california,0,XGBoost,app,1,1024,1024,1.0,0.0,0,0.0,43.53925291481456,stateless,random,"ValueError: feature_names mismatch: ['MedInc', 'HouseAge', 'AveRooms', 'Population', 'AveOccup', 'Latitude', 'Longitude'] ['MedInc', 'HouseAge', 'AveRooms', 'AveBedrms', 'P",,,,,,,0.0,,0.0,,,,,
california,0,XGBoost,aligned,1,1024,1024,0.0,1.0,0,0.0,43.53925291481456,stateless,random,,0.0,,,,,,0.0,0.0,1.0,1.109375730738975,1.5443122273838354,-0.8233052523973585,0.4267000411627753,0.8608015073503719
california,0,Random Forest,app,1,1024,1024,1.0,0.0,0,0.0,43.53925291481456,stateless,random,ValueError: The feature names should match those that were passed during fit.,,,,,,,0.0,,0.0,,,,,
california,0,Random Forest,aligned,1,1024,1024,0.0,1.0,0,0.0,43.53925291481456,stateless,random,,0.0,,,,,,0.0,0.0,1.0,1.2321430257812496,1.650330479212445,-1.0822410496307757,0.4769825713873042,0.8260621154127714
california,0,Ridge,app,1,1024,1024,1.0,0.0,0,0.0,43.53925291481456,stateless,random,ValueError: The feature names should match those that were passed during fit.,,,,,,,0.0,,0.0,,,,,
california,0,Ridge,aligned,1,1024,1024,0.0,1.0,0,0.0,43.53925291481456,stateless,random,,0.0,,,,,,0.0,0.0,1.0,0.7275135844008216,1.143762814681209,-0.00014071800925408162,0.6751089529115142,0.651552865256678
california,0,XGBoost,app,16,1024,64,0.5,0.5,0,0.0,645.8018324052122,stateless,random,"ValueError: feature_names mismatch: ['MedInc', 'HouseAge', 'AveRooms', 'Population', 'AveOccup', 'Latitude', 'Longitude'] ['MedInc', 'HouseAge', 'AveRooms', 'Population', '",0.0,,,,,,0.0,0.0,0.5,0.470978963712696,0.7641805983631924,0.5644934001940584,0.40896979820611723,0.875265899166973
california,0,XGBoost,aligned,16,1024,64,0.0,1.0,0,0.0,645.8018324052122,stateless,random,,0.0,,,,,,0.0,0.0,1.0,0.7857092935846595,1.198363786915079,-0.09790943264999075,0.4267000411627753,0.8608015073503719
california,0,Random Forest,app,16,1024,64,0.5,0.5,0,0.0,645.8018324052122,stateless,random,ValueError: The feature names should match those that were passed during fit.,0.0,,,,,,0.0,0.0,0.5,0.38149331425781213,0.6917693954756992,0.643117366232575,0.4429321694357964,0.8536889344004986
california,0,Random Forest,aligned,16,1024,64,0.0,1.0,0,0.0,645.8018324052122,stateless,random,,0.0,,,,,,0.0,0.0,1.0,0.4645866027343747,0.8045273761401901,0.5051531429095356,0.4769825713873042,0.8260621154127714
california,0,Ridge,app,16,1024,64,0.5,0.5,0,0.0,645.8018324052122,stateless,random,ValueError: The feature names should match those that were passed during fit.,0.0,,,,,,0.0,0.0,0.5,0.2501412816384543,0.7158435655310962,0.6178455003948526,0.6295349602639345,0.7044421951867315
california,0,Ridge,aligned,16,1024,64,0.0,1.0,0,0.0,645.8018324052122,stateless,random,,0.0,,,,,,0.0,0.0,1.0,0.46678818364705277,0.9232692937372409,0.3483026623174871,0.6751089529115142,0.651552865256678
california,0,XGBoost,app,256,1024,4,0.0,1.0,0,0.0,8586.27386526698,stateless,random,,0.0,,,,,,0.0,0.0,1.0,0.2673811343847774,0.5914046270968247,0.7326017263548039,0.4267000411627753,0.8608015073503719
california,0,XGBoost,aligned,256,1024,4,0.0,1.0,0,0.0,8586.27386526698,stateless,random,,0.0,,,,,,0.0,0.0,1.0,0.2673811343847774,0.5914046270968247,0.7326017263548039,0.4267000411627753,0.8608015073503719
california,0,Random Forest,app,256,1024,4,0.0,1.0,0,0.0,8586.27386526698,stateless,random,,0.0009765625,,,,,,0.0,0.0009765625,1.0,0.16293801054687485,0.55670436241598,0.7630599848227717,0.4769825713873042,0.8260621154127714
california,0,Random Forest,aligned,256,1024,4,0.0,1.0,0,0.0,8586.27386526698,stateless,random,,0.0009765625,,,,,,0.0,0.0009765625,1.0,0.16293801054687485,0.55670436241598,0.7630599848227717,0.4769825713873042,0.8260621154127714
california,0,Ridge,app,256,1024,4,0.0,1.0,0,0.0,8586.27386526698,stateless,random,,0.0,,,,,,0.0,0.0,1.0,0.05315975324058597,0.6815808888465907,0.6448400615834196,0.6751089529115142,0.651552865256678
california,0,Ridge,aligned,256,1024,4,0.0,1.0,0,0.0,8586.27386526698,stateless,random,,0.0,,,,,,0.0,0.0,1.0,0.05315975324058597,0.6815808888465907,0.6448400615834196,0.6751089529115142,0.651552865256678
california,0,XGBoost,app,full,4128,1,0.0,1.0,0,0.0,80300.98396112194,stateless,full test set,,0.046027131782945735,,,,,,0.0,0.046027131782945735,1.0,0.15270538646150236,0.5093240260294444,0.8010583318254823,0.457357124025118,0.8395837628086682
california,0,XGBoost,aligned,full,4128,1,0.0,1.0,0,0.0,80300.98396112194,stateless,full test set,,0.046027131782945735,,,,,,0.0,0.046027131782945735,1.0,0.15270538646150236,0.5093240260294444,0.8010583318254823,0.457357124025118,0.8395837628086682
california,0,Random Forest,app,full,4128,1,0.0,1.0,0,0.0,80300.98396112194,stateless,full test set,,0.003633720930232558,,,,,,0.0,0.003633720930232558,1.0,0.07255246802325575,0.5338783259148311,0.7814141682540975,0.5098694801395381,0.8006319955419696
california,0,Random Forest,aligned,full,4128,1,0.0,1.0,0,0.0,80300.98396112194,stateless,full test set,,0.003633720930232558,,,,,,0.0,0.003633720930232558,1.0,0.07255246802325575,0.5338783259148311,0.7814141682540975,0.5098694801395381,0.8006319955419696
california,0,Ridge,app,full,4128,1,0.0,1.0,0,0.0,80300.98396112194,stateless,full test set,,0.0,,,,,,0.0,0.0,1.0,0.01025347853877683,0.6866521556094168,0.638414501938626,0.6860065352385555,0.6390941392569705
california,0,Ridge,aligned,full,4128,1,0.0,1.0,0,0.0,80300.98396112194,stateless,full test set,,0.0,,,,,,0.0,0.0,1.0,0.01025347853877683,0.6866521556094168,0.638414501938626,0.6860065352385555,0.6390941392569705
california,1,XGBoost,app,1,1024,1024,1.0,0.0,0,0.0,714.9270326643455,stateful,random,"ValueError: feature_names mismatch: ['MedInc', 'HouseAge', 'AveRooms', 'Population', 'AveOccup', 'Latitude', 'Longitude'] ['MedInc', 'HouseAge', 'AveRooms', 'AveBedrms', 'P",,,,,,,,,,,,,,
california,1,XGBoost,aligned,1,1024,1024,0.0,1.0,0,0.0,714.9270326643455,stateful,random,,1.0,,,,,,,,,0.0,0.48146564214119314,0.8158324385908985,0.48146564214119314,0.8158324385908985
california,1,Random Forest,app,1,1024,1024,1.0,0.0,0,0.0,714.9270326643455,stateful,random,ValueError: The feature names should match those that were passed during fit.,,,,,,,,,,,,,,
california,1,Random Forest,aligned,1,1024,1024,0.0,1.0,0,0.0,714.9270326643455,stateful,random,,1.0,,,,,,,,,0.0,0.4906717259913173,0.8087221848526212,0.4906717259913173,0.8087221848526212
california,1,Ridge,app,1,1024,1024,1.0,0.0,0,0.0,714.9270326643455,stateful,random,ValueError: The feature names should match those that were passed during fit.,,,,,,,,,,,,,,
california,1,Ridge,aligned,1,1024,1024,0.0,1.0,0,0.0,714.9270326643455,stateful,random,,0.8505859375,,,,,,,,,0.05813054254990917,0.7364252925693867,0.5691362790375813,0.66448809504507,0.6492021322964932
california,1,XGBoost,app,16,1024,64,1.0,0.0,0,0.0,10980.879618271609,stateful,random,"ValueError: feature_names mismatch: ['MedInc', 'HouseAge', 'AveRooms', 'Population', 'AveOccup', 'Latitude', 'Longitude'] ['MedInc', 'HouseAge', 'AveRooms', 'AveBedrms', 'P",,,,,,,,,,,,,,
california,1,XGBoost,aligned,16,1024,64,0.0,1.0,0,0.0,10980.879618271609,stateful,random,,1.0,,,,,,,,,0.0,0.48146564214119314,0.8158324385908985,0.48146564214119314,0.8158324385908985
california,1,Random Forest,app,16,1024,64,1.0,0.0,0,0.0,10980.879618271609,stateful,random,ValueError: The feature names should match those that were passed during fit.,,,,,,,,,,,,,,
california,1,Random Forest,aligned,16,1024,64,0.0,1.0,0,0.0,10980.879618271609,stateful,random,,1.0,,,,,,,,,0.0,0.4906717259913173,0.8087221848526212,0.4906717259913173,0.8087221848526212
california,1,Ridge,app,16,1024,64,1.0,0.0,0,0.0,10980.879618271609,stateful,random,ValueError: The feature names should match those that were passed during fit.,,,,,,,,,,,,,,
california,1,Ridge,aligned,16,1024,64,0.0,1.0,0,0.0,10980.879618271609,stateful,random,,0.8505859375,,,,,,,,,0.05813054254990908,0.7364252925693867,0.5691362790375813,0.66448809504507,0.6492021322964932
california,1,XGBoost,app,256,1024,4,1.0,0.0,0,0.0,193230.18789762244,stateful,random,"ValueError: feature_names mismatch: ['MedInc', 'HouseAge', 'AveRooms', 'Population', 'AveOccup', 'Latitude', 'Longitude'] ['MedInc', 'HouseAge', 'AveRooms', 'AveBedrms', 'P",,,,,,,,,,,,,,
california,1,XGBoost,aligned,256,1024,4,0.0,1.0,0,0.0,193230.18789762244,stateful,random,,1.0,,,,,,,,,0.0,0.48146564214119314,0.8158324385908985,0.48146564214119314,0.8158324385908985
california,1,Random Forest,app,256,1024,4,1.0,0.0,0,0.0,193230.18789762244,stateful,random,ValueError: The feature names should match those that were passed during fit.,,,,,,,,,,,,,,
california,1,Random Forest,aligned,256,1024,4,0.0,1.0,0,0.0,193230.18789762244,stateful,random,,1.0,,,,,,,,,0.0,0.4906717259913173,0.8087221848526212,0.4906717259913173,0.8087221848526212
california,1,Ridge,app,256,1024,4,1.0,0.0,0,0.0,193230.18789762244,stateful,random,ValueError: The feature names should match those that were passed during fit.,,,,,,,,,,,,,,
california,1,Ridge,aligned,256,1024,4,0.0,1.0,0,0.0,193230.18789762244,stateful,random,,0.8505859375,,,,,,,,,0.05813054254990908,0.7364252925693867,0.5691362790375813,0.66448809504507,0.6492021322964932
california,1,XGBoost,app,full,4128,1,1.0,0.0,0,0.0,1419707.1026068572,stateful,full test set,"ValueError: feature_names mismatch: ['MedInc', 'HouseAge', 'AveRooms', 'Population', 'AveOccup', 'Latitude', 'Longitude'] ['MedInc', 'HouseAge', 'AveRooms', 'AveBedrms', 'P",,,,,,,,,,,,,,
california,1,XGBoost,aligned,full,4128,1,0.0,1.0,0,0.0,1419707.1026068572,stateful,full test set,,1.0,,,,,,,,,0.0,0.4738746978323951,0.8288032348872868,0.4738746978323951,0.8288032348872868
california,1,Random Forest,app,full,4128,1,1.0,0.0,0,0.0,1419707.1026068572,stateful,full test set,ValueError: The feature names should match those that were passed during fit.,,,,,,,,,,,,,,
california,1,Random Forest,aligned,full,4128,1,0.0,1.0,0,0.0,1419707.1026068572,stateful,full test set,,1.0,,,,,,,,,0.0,0.5013986081198679,0.808338553662627,0.5013986081198679,0.808338553662627
california,1,Ridge,app,full,4128,1,1.0,0.0,0,0.0,1419707.1026068572,stateful,full test set,ValueError: The feature names should match those that were passed during fit.,,,,,,,,,,,,,,
california,1,Ridge,aligned,full,4128,1,0.0,1.0,0,0.0,1419707.1026068572,stateful,full test set,,0.8638565891472868,,,,,,,,,0.06229149405786948,0.7901806107354593,0.5239843285885892,0.676332704116574,0.651270016175812
california,1,XGBoost,app,1,1024,1024,1.0,0.0,0,0.0,42.434754384651775,stateless,random,"ValueError: feature_names mismatch: ['MedInc', 'HouseAge', 'AveRooms', 'Population', 'AveOccup', 'Latitude', 'Longitude'] ['MedInc', 'HouseAge', 'AveRooms', 'AveBedrms', 'P",,,,,,,0.0,,0.0,,,,,
california,1,XGBoost,aligned,1,1024,1024,0.0,1.0,0,0.0,42.434754384651775,stateless,random,,0.0,,,,,,0.0,0.0,1.0,1.1781587334990036,1.5836038431312804,-0.9923958565123183,0.48146564214119314,0.8158324385908985
california,1,Random Forest,app,1,1024,1024,1.0,0.0,0,0.0,42.434754384651775,stateless,random,ValueError: The feature names should match those that were passed during fit.,,,,,,,0.0,,0.0,,,,,
california,1,Random Forest,aligned,1,1024,1024,0.0,1.0,0,0.0,42.434754384651775,stateless,random,,0.0,,,,,,0.0,0.0,1.0,1.1211661073242185,1.5354367462083975,-0.8730371691583245,0.4906717259913173,0.8087221848526212
california,1,Ridge,app,1,1024,1024,1.0,0.0,0,0.0,42.434754384651775,stateless,random,ValueError: The feature names should match those that were passed during fit.,,,,,,,0.0,,0.0,,,,,
california,1,Ridge,aligned,1,1024,1024,0.0,1.0,0,0.0,42.434754384651775,stateless,random,,0.0,,,,,,0.0,0.0,1.0,0.7886752705520228,1.1254916905067873,-0.006391874612178938,0.66448809504507,0.6492021322964932
california,1,XGBoost,app,16,1024,64,0.484375,0.515625,0,0.0,648.2070995790493,stateless,random,"ValueError: feature_names mismatch: ['MedInc', 'HouseAge', 'AveRooms', 'Population', 'AveOccup', 'Latitude', 'Longitude'] ['MedInc', 'HouseAge', 'AveRooms', 'Population', '",0.0,,,,,,0.0,0.0,0.515625,0.5078043853017417,0.85264298425097,0.4138305286362456,0.48367736875255474,0.8113745518710611
california,1,XGBoost,aligned,16,1024,64,0.0,1.0,0,0.0,648.2070995790493,stateless,random,,0.0,,,,,,0.0,0.0,1.0,0.8112023773937835,1.2370505868624453,-0.2157868874463491,0.48146564214119314,0.8158324385908985
california,1,Random Forest,app,16,1024,64,0.484375,0.515625,0,0.0,648.2070995790493,stateless,random,ValueError: The feature names should match those that were passed during fit.,0.0,,,,,,0.0,0.0,0.515625,0.3912088564393937,0.7430873438394807,0.5547863417540029,0.49797797897033286,0.8000557005199019
california,1,Random Forest,aligned,16,1024,64,0.0,1.0,0,0.0,648.2070995790493,stateless,random,,0.0,,,,,,0.0,0.0,1.0,0.49974491455078085,0.8308842416556147,0.45151648332328476,0.4906717259913173,0.8087221848526212
california,1,Ridge,app,16,1024,64,0.484375,0.515625,0,0.0,648.2070995790493,stateless,random,ValueError: The feature names should match those that were passed during fit.,0.0,,,,,,0.0,0.0,0.515625,0.2905420632945118,0.7737896667058081,0.5172363060894904,0.6631644490707825,0.6454061303487474
california,1,Ridge,aligned,16,1024,64,0.0,1.0,0,0.0,648.2070995790493,stateless,random,,0.0,,,,,,0.0,0.0,1.0,0.47709920445026943,0.9181693175977543,0.33022630390274454,0.66448809504507,0.6492021322964932
california,1,XGBoost,app,256,1024,4,0.0,1.0,0,0.0,8681.15841384671,stateless,random,,0.0009765625,,,,,,0.0,0.0009765625,1.0,0.2741609998047352,0.6010648329115007,0.7129713992476232,0.48146564214119314,0.8158324385908985
california,1,XGBoost,aligned,256,1024,4,0.0,1.0,0,0.0,8681.15841384671,stateless,random,,0.0009765625,,,,,,0.0,0.0009765625,1.0,0.2741609998047352,0.6010648329115007,0.7129713992476232,0.48146564214119314,0.8158324385908985
california,1,Random Forest,app,256,1024,4,0.0,1.0,0,0.0,8681.15841384671,stateless,random,,0.0009765625,,,,,,0.0,0.0009765625,1.0,0.19449178066406228,0.5640095448644852,0.7472707880159273,0.4906717259913173,0.8087221848526212
california,1,Random Forest,aligned,256,1024,4,0.0,1.0,0,0.0,8681.15841384671,stateless,random,,0.0009765625,,,,,,0.0,0.0009765625,1.0,0.19449178066406228,0.5640095448644852,0.7472707880159273,0.4906717259913173,0.8087221848526212
california,1,Ridge,app,256,1024,4,0.0,1.0,0,0.0,8681.15841384671,stateless,random,,0.0,,,,,,0.0,0.0,1.0,0.1033390098287785,0.6765566282281437,0.6363439290484263,0.66448809504507,0.6492021322964932
california,1,Ridge,aligned,256,1024,4,0.0,1.0,0,0.0,8681.15841384671,stateless,random,,0.0,,,,,,0.0,0.0,1.0,0.1033390098287785,0.6765566282281437,0.6363439290484263,0.66448809504507,0.6492021322964932
california,1,XGBoost,app,full,4128,1,0.0,1.0,0,0.0,99847.14051005761,stateless,full test set,,0.03391472868217054,,,,,,0.0,0.03391472868217054,1.0,0.11996547925437606,0.4946196597009966,0.8134860748906297,0.4738746978323951,0.8288032348872868
california,1,XGBoost,aligned,full,4128,1,0.0,1.0,0,0.0,99847.14051005761,stateless,full test set,,0.03391472868217054,,,,,,0.0,0.03391472868217054,1.0,0.11996547925437606,0.4946196597009966,0.8134860748906297,0.4738746978323951,0.8288032348872868
california,1,Random Forest,app,full,4128,1,0.0,1.0,0,0.0,99847.14051005761,stateless,full test set,,0.004602713178294574,,,,,,0.0,0.004602713178294574,1.0,0.0615403091812015,0.5114550934456439,0.8005731961190057,0.5013986081198679,0.808338553662627
california,1,Random Forest,aligned,full,4128,1,0.0,1.0,0,0.0,99847.14051005761,stateless,full test set,,0.004602713178294574,,,,,,0.0,0.004602713178294574,1.0,0.0615403091812015,0.5114550934456439,0.8005731961190057,0.5013986081198679,0.808338553662627
california,1,Ridge,app,full,4128,1,0.0,1.0,0,0.0,99847.14051005761,stateless,full test set,,0.0,,,,,,0.0,0.0,1.0,0.037184451923086385,0.6780886076240431,0.649456911248268,0.676332704116574,0.651270016175812
california,1,Ridge,aligned,full,4128,1,0.0,1.0,0,0.0,99847.14051005761,stateless,full test set,,0.0,,,,,,0.0,0.0,1.0,0.037184451923086385,0.6780886076240431,0.649456911248268,0.676332704116574,0.651270016175812
california,2,XGBoost,app,1,1024,1024,1.0,0.0,0,0.0,690.9366057366822,stateful,random,"ValueError: feature_names mismatch: ['MedInc', 'HouseAge', 'AveRooms', 'Population', 'AveOccup', 'Latitude', 'Longitude'] ['MedInc', 'HouseAge', 'AveRooms', 'AveBedrms', 'P",,,,,,,,,,,,,,
california,2,XGBoost,aligned,1,1024,1024,0.0,1.0,0,0.0,690.9366057366822,stateful,random,,1.0,,,,,,,,,0.0,0.4640541033030437,0.840792333343797,0.4640541033030437,0.840792333343797
california,2,Random Forest,app,1,1024,1024,1.0,0.0,0,0.0,690.9366057366822,stateful,random,ValueError: The feature names should match those that were passed during fit.,,,,,,,,,,,,,,
california,2,Random Forest,aligned,1,1024,1024,0.0,1.0,0,0.0,690.9366057366822,stateful,random,,1.0,,,,,,,,,0.0,0.5035444649024667,0.8125426834076086,0.5035444649024667,0.8125426834076086
california,2,Ridge,app,1,1024,1024,1.0,0.0,0,0.0,690.9366057366822,stateful,random,ValueError: The feature names should match those that were passed during fit.,,,,,,,,,,,,,,
california,2,Ridge,aligned,1,1024,1024,0.0,1.0,0,0.0,690.9366057366822,stateful,random,,0.87890625,,,,,,,,,0.04542551469667972,0.7847550549522001,0.5447027923860214,0.7202661442604181,0.6164581612770397
california,2,XGBoost,app,16,1024,64,1.0,0.0,0,0.0,10442.223260120165,stateful,random,"ValueError: feature_names mismatch: ['MedInc', 'HouseAge', 'AveRooms', 'Population', 'AveOccup', 'Latitude', 'Longitude'] ['MedInc', 'HouseAge', 'AveRooms', 'AveBedrms', 'P",,,,,,,,,,,,,,
california,2,XGBoost,aligned,16,1024,64,0.0,1.0,0,0.0,10442.223260120165,stateful,random,,1.0,,,,,,,,,0.0,0.4640541033030437,0.840792333343797,0.4640541033030437,0.840792333343797
california,2,Random Forest,app,16,1024,64,1.0,0.0,0,0.0,10442.223260120165,stateful,random,ValueError: The feature names should match those that were passed during fit.,,,,,,,,,,,,,,
california,2,Random Forest,aligned,16,1024,64,0.0,1.0,0,0.0,10442.223260120165,stateful,random,,1.0,,,,,,,,,0.0,0.5035444649024667,0.8125426834076086,0.5035444649024667,0.8125426834076086
california,2,Ridge,app,16,1024,64,1.0,0.0,0,0.0,10442.223260120165,stateful,random,ValueError: The feature names should match those that were passed during fit.,,,,,,,,,,,,,,
california,2,Ridge,aligned,16,1024,64,0.0,1.0,0,0.0,10442.223260120165,stateful,random,,0.87890625,,,,,,,,,0.04542551469667964,0.7847550549522001,0.5447027923860214,0.7202661442604181,0.6164581612770397
california,2,XGBoost,app,256,1024,4,1.0,0.0,0,0.0,171542.76412350032,stateful,random,"ValueError: feature_names mismatch: ['MedInc', 'HouseAge', 'AveRooms', 'Population', 'AveOccup', 'Latitude', 'Longitude'] ['MedInc', 'HouseAge', 'AveRooms', 'AveBedrms', 'P",,,,,,,,,,,,,,
california,2,XGBoost,aligned,256,1024,4,0.0,1.0,0,0.0,171542.76412350032,stateful,random,,1.0,,,,,,,,,0.0,0.4640541033030437,0.840792333343797,0.4640541033030437,0.840792333343797
california,2,Random Forest,app,256,1024,4,1.0,0.0,0,0.0,171542.76412350032,stateful,random,ValueError: The feature names should match those that were passed during fit.,,,,,,,,,,,,,,
california,2,Random Forest,aligned,256,1024,4,0.0,1.0,0,0.0,171542.76412350032,stateful,random,,1.0,,,,,,,,,0.0,0.5035444649024667,0.8125426834076086,0.5035444649024667,0.8125426834076086
california,2,Ridge,app,256,1024,4,1.0,0.0,0,0.0,171542.76412350032,stateful,random,ValueError: The feature names should match those that were passed during fit.,,,,,,,,,,,,,,
california,2,Ridge,aligned,256,1024,4,0.0,1.0,0,0.0,171542.76412350032,stateful,random,,0.87890625,,,,,,,,,0.04542551469667964,0.7847550549522001,0.5447027923860214,0.7202661442604181,0.6164581612770397
california,2,XGBoost,app,full,4128,1,1.0,0.0,0,0.0,1599677.5847623073,stateful,full test set,"ValueError: feature_names mismatch: ['MedInc', 'HouseAge', 'AveRooms', 'Population', 'AveOccup', 'Latitude', 'Longitude'] ['MedInc', 'HouseAge', 'AveRooms', 'AveBedrms', 'P",,,,,,,,,,,,,,
california,2,XGBoost,aligned,full,4128,1,0.0,1.0,0,0.0,1599677.5847623073,stateful,full test set,,1.0,,,,,,,,,0.0,0.4604158043870522,0.842628897911718,0.4604158043870522,0.842628897911718
california,2,Random Forest,app,full,4128,1,1.0,0.0,0,0.0,1599677.5847623073,stateful,full test set,ValueError: The feature names should match those that were passed during fit.,,,,,,,,,,,,,,
california,2,Random Forest,aligned,full,4128,1,0.0,1.0,0,0.0,1599677.5847623073,stateful,full test set,,1.0,,,,,,,,,0.0,0.5102064299679114,0.8067513825681512,0.5102064299679114,0.8067513825681512
california,2,Ridge,app,full,4128,1,1.0,0.0,0,0.0,1599677.5847623073,stateful,full test set,ValueError: The feature names should match those that were passed during fit.,,,,,,,,,,,,,,
california,2,Ridge,aligned,full,4128,1,0.0,1.0,0,0.0,1599677.5847623073,stateful,full test set,,0.8718507751937985,,,,,,,,,0.10460071555723931,3.3765519467817855,-7.46391730296736,0.6945795385708828,0.6418470677479994
california,2,XGBoost,app,1,1024,1024,1.0,0.0,0,0.0,42.95329168045248,stateless,random,"ValueError: feature_names mismatch: ['MedInc', 'HouseAge', 'AveRooms', 'Population', 'AveOccup', 'Latitude', 'Longitude'] ['MedInc', 'HouseAge', 'AveRooms', 'AveBedrms', 'P",,,,,,,0.0,,0.0,,,,,
california,2,XGBoost,aligned,1,1024,1024,0.0,1.0,0,0.0,42.95329168045248,stateless,random,,0.0,,,,,,0.0,0.0,1.0,1.1783212636073586,1.617903144913468,-0.9352264064887261,0.4640541033030437,0.840792333343797
california,2,Random Forest,app,1,1024,1024,1.0,0.0,0,0.0,42.95329168045248,stateless,random,ValueError: The feature names should match those that were passed during fit.,,,,,,,0.0,,0.0,,,,,
california,2,Random Forest,aligned,1,1024,1024,0.0,1.0,0,0.0,42.95329168045248,stateless,random,,0.0,,,,,,0.0,0.0,1.0,1.2384801610351561,1.6636986432108671,-1.0463318689983776,0.5035444649024667,0.8125426834076086
california,2,Ridge,app,1,1024,1024,1.0,0.0,0,0.0,42.95329168045248,stateless,random,ValueError: The feature names should match those that were passed during fit.,,,,,,,0.0,,0.0,,,,,
california,2,Ridge,aligned,1,1024,1024,0.0,1.0,0,0.0,42.95329168045248,stateless,random,,0.0,,,,,,0.0,0.0,1.0,0.7675388290433552,1.1630555107878833,-6.362206193499809e-05,0.7202661442604181,0.6164581612770397
california,2,XGBoost,app,16,1024,64,0.421875,0.578125,0,0.0,639.4028269323263,stateless,random,"ValueError: feature_names mismatch: ['MedInc', 'HouseAge', 'AveRooms', 'Population', 'AveOccup', 'Latitude', 'Longitude'] ['MedInc', 'HouseAge', 'AveRooms', 'Population', '",0.0,,,,,,0.0,0.0,0.578125,0.47810831165092216,0.7829426461533453,0.5636322788726014,0.4976784665972056,0.8236845299053347
california,2,XGBoost,aligned,16,1024,64,0.0,1.0,0,0.0,639.4028269323263,stateless,random,,0.0,,,,,,0.0,0.0,1.0,0.8403114944658228,1.3044976502468593,-0.25809473630642743,0.4640541033030437,0.840792333343797
california,2,Random Forest,app,16,1024,64,0.421875,0.578125,0,0.0,639.4028269323263,stateless,random,ValueError: The feature names should match those that were passed during fit.,0.0,,,,,,0.0,0.0,0.578125,0.3629163300675673,0.7383197819571443,0.6119553247794067,0.5356056696676101,0.7957871576390134
california,2,Random Forest,aligned,16,1024,64,0.0,1.0,0,0.0,639.4028269323263,stateless,random,,0.0,,,,,,0.0,0.0,1.0,0.4867307660156247,0.8403481152090739,0.4779102058148761,0.5035444649024667,0.8125426834076086
california,2,Ridge,app,16,1024,64,0.421875,0.578125,0,0.0,639.4028269323263,stateless,random,ValueError: The feature names should match those that were passed during fit.,0.0,,,,,,0.0,0.0,0.578125,0.22581881357602784,0.8064995595198833,0.5369786807824097,0.7490703748274625,0.6005725003494529
california,2,Ridge,aligned,16,1024,64,0.0,1.0,0,0.0,639.4028269323263,stateless,random,,0.0,,,,,,0.0,0.0,1.0,0.4285665451329469,0.9448885092003243,0.3399332167843834,0.7202661442604181,0.6164581612770397
california,2,XGBoost,app,256,1024,4,0.0,1.0,0,0.0,10052.407006625217,stateless,random,,0.0,,,,,,0.0,0.0,1.0,0.341862253844738,0.6830686729908841,0.6550505322081035,0.4640541033030437,0.840792333343797
california,2,XGBoost,aligned,256,1024,4,0.0,1.0,0,0.0,10052.407006625217,stateless,random,,0.0,,,,,,0.0,0.0,1.0,0.341862253844738,0.6830686729908841,0.6550505322081035,0.4640541033030437,0.840792333343797
california,2,Random Forest,app,256,1024,4,0.0,1.0,0,0.0,10052.407006625217,stateless,random,,0.001953125,,,,,,0.0,0.001953125,1.0,0.22017821308593738,0.6188372478798487,0.7168740770434208,0.5035444649024667,0.8125426834076086
california,2,Random Forest,aligned,256,1024,4,0.0,1.0,0,0.0,10052.407006625217,stateless,random,,0.001953125,,,,,,0.0,0.001953125,1.0,0.22017821308593738,0.6188372478798487,0.7168740770434208,0.5035444649024667,0.8125426834076086
california,2,Ridge,app,256,1024,4,0.0,1.0,0,0.0,10052.407006625217,stateless,random,,0.0,,,,,,0.0,0.0,1.0,0.08601538011651394,0.7244771294231297,0.6119603509691858,0.7202661442604181,0.6164581612770397
california,2,Ridge,aligned,256,1024,4,0.0,1.0,0,0.0,10052.407006625217,stateless,random,,0.0,,,,,,0.0,0.0,1.0,0.08601538011651394,0.7244771294231297,0.6119603509691858,0.7202661442604181,0.6164581612770397
california,2,XGBoost,app,full,4128,1,0.0,1.0,0,0.0,122344.0551925226,stateless,full test set,,0.037063953488372096,,,,,,0.0,0.037063953488372096,1.0,0.1403460091254277,0.5071513585035078,0.8090587652478844,0.4604158043870522,0.842628897911718
california,2,XGBoost,aligned,full,4128,1,0.0,1.0,0,0.0,122344.0551925226,stateless,full test set,,0.037063953488372096,,,,,,0.0,0.037063953488372096,1.0,0.1403460091254277,0.5071513585035078,0.8090587652478844,0.4604158043870522,0.842628897911718
california,2,Random Forest,app,full,4128,1,0.0,1.0,0,0.0,122344.0551925226,stateless,full test set,,0.0029069767441860465,,,,,,0.0,0.0029069767441860465,1.0,0.07212493987403094,0.5252281596353862,0.7952044361290839,0.5102064299679114,0.8067513825681512
california,2,Random Forest,aligned,full,4128,1,0.0,1.0,0,0.0,122344.0551925226,stateless,full test set,,0.0029069767441860465,,,,,,0.0,0.0029069767441860465,1.0,0.07212493987403094,0.5252281596353862,0.7952044361290839,0.5102064299679114,0.8067513825681512
california,2,Ridge,app,full,4128,1,0.0,1.0,0,0.0,122344.0551925226,stateless,full test set,,0.0,,,,,,0.0,0.0,1.0,0.022979848825579574,0.6925239352727616,0.643963833038232,0.6945795385708828,0.6418470677479994
california,2,Ridge,aligned,full,4128,1,0.0,1.0,0,0.0,122344.0551925226,stateless,full test set,,0.0,,,,,,0.0,0.0,1.0,0.022979848825579574,0.6925239352727616,0.643963833038232,0.6945795385708828,0.6418470677479994
california,3,XGBoost,app,1,1024,1024,1.0,0.0,0,0.0,645.5409100332415,stateful,random,"ValueError: feature_names mismatch: ['MedInc', 'HouseAge', 'AveRooms', 'Population', 'AveOccup', 'Latitude', 'Longitude'] ['MedInc', 'HouseAge', 'AveRooms', 'AveBedrms', 'P",,,,,,,,,,,,,,
california,3,XGBoost,aligned,1,1024,1024,0.0,1.0,0,0.0,645.5409100332415,stateful,random,,1.0,,,,,,,,,0.0,0.4588186792664518,0.8331905091942593,0.4588186792664518,0.8331905091942593
california,3,Random Forest,app,1,1024,1024,1.0,0.0,0,0.0,645.5409100332415,stateful,random,ValueError: The feature names should match those that were passed during fit.,,,,,,,,,,,,,,
california,3,Random Forest,aligned,1,1024,1024,0.0,1.0,0,0.0,645.5409100332415,stateful,random,,1.0,,,,,,,,,0.0,0.4855854145703394,0.8131600068538114,0.4855854145703394,0.8131600068538114
california,3,Ridge,app,1,1024,1024,1.0,0.0,0,0.0,645.5409100332415,stateful,random,ValueError: The feature names should match those that were passed during fit.,,,,,,,,,,,,,,
california,3,Ridge,aligned,1,1024,1024,0.0,1.0,0,0.0,645.5409100332415,stateful,random,,0.87109375,,,,,,,,,0.046421403421248786,0.7308632932240614,0.5767364435467466,0.6779132522015288,0.6358445421578813
california,3,XGBoost,app,16,1024,64,1.0,0.0,0,0.0,11493.051810379358,stateful,random,"ValueError: feature_names mismatch: ['MedInc', 'HouseAge', 'AveRooms', 'Population', 'AveOccup', 'Latitude', 'Longitude'] ['MedInc', 'HouseAge', 'AveRooms', 'AveBedrms', 'P",,,,,,,,,,,,,,
california,3,XGBoost,aligned,16,1024,64,0.0,1.0,0,0.0,11493.051810379358,stateful,random,,1.0,,,,,,,,,0.0,0.4588186792664518,0.8331905091942593,0.4588186792664518,0.8331905091942593
california,3,Random Forest,app,16,1024,64,1.0,0.0,0,0.0,11493.051810379358,stateful,random,ValueError: The feature names should match those that were passed during fit.,,,,,,,,,,,,,,
california,3,Random Forest,aligned,16,1024,64,0.0,1.0,0,0.0,11493.051810379358,stateful,random,,1.0,,,,,,,,,0.0,0.4855854145703394,0.8131600068538114,0.4855854145703394,0.8131600068538114
california,3,Ridge,app,16,1024,64,1.0,0.0,0,0.0,11493.051810379358,stateful,random,ValueError: The feature names should match those that were passed during fit.,,,,,,,,,,,,,,
california,3,Ridge,aligned,16,1024,64,0.0,1.0,0,0.0,11493.051810379358,stateful,random,,0.87109375,,,,,,,,,0.0464214034212487,0.7308632932240614,0.5767364435467466,0.6779132522015288,0.6358445421578813
california,3,XGBoost,app,256,1024,4,1.0,0.0,0,0.0,189372.8540393896,stateful,random,"ValueError: feature_names mismatch: ['MedInc', 'HouseAge', 'AveRooms', 'Population', 'AveOccup', 'Latitude', 'Longitude'] ['MedInc', 'HouseAge', 'AveRooms', 'AveBedrms', 'P",,,,,,,,,,,,,,
california,3,XGBoost,aligned,256,1024,4,0.0,1.0,0,0.0,189372.8540393896,stateful,random,,1.0,,,,,,,,,0.0,0.4588186792664518,0.8331905091942593,0.4588186792664518,0.8331905091942593
california,3,Random Forest,app,256,1024,4,1.0,0.0,0,0.0,189372.8540393896,stateful,random,ValueError: The feature names should match those that were passed during fit.,,,,,,,,,,,,,,
california,3,Random Forest,aligned,256,1024,4,0.0,1.0,0,0.0,189372.8540393896,stateful,random,,1.0,,,,,,,,,0.0,0.4855854145703394,0.8131600068538114,0.4855854145703394,0.8131600068538114
california,3,Ridge,app,256,1024,4,1.0,0.0,0,0.0,189372.8540393896,stateful,random,ValueError: The feature names should match those that were passed during fit.,,,,,,,,,,,,,,
california,3,Ridge,aligned,256,1024,4,0.0,1.0,0,0.0,189372.8540393896,stateful,random,,0.87109375,,,,,,,,,0.0464214034212487,0.7308632932240614,0.5767364435467466,0.6779132522015288,0.6358445421578813
california,3,XGBoost,app,full,4128,1,1.0,0.0,0,0.0,1940601.0600793967,stateful,full test set,"ValueError: feature_names mismatch: ['MedInc', 'HouseAge', 'AveRooms', 'Population', 'AveOccup', 'Latitude', 'Longitude'] ['MedInc', 'HouseAge', 'AveRooms', 'AveBedrms', 'P",,,,,,,,,,,,,,
california,3,XGBoost,aligned,full,4128,1,0.0,1.0,0,0.0,1940601.0600793967,stateful,full test set,,1.0,,,,,,,,,0.0,0.46035603794240887,0.839765639076267,0.46035603794240887,0.839765639076267
california,3,Random Forest,app,full,4128,1,1.0,0.0,0,0.0,1940601.0600793967,stateful,full test set,ValueError: The feature names should match those that were passed during fit.,,,,,,,,,,,,,,
california,3,Random Forest,aligned,full,4128,1,0.0,1.0,0,0.0,1940601.0600793967,stateful,full test set,,1.0,,,,,,,,,0.0,0.48729746081090236,0.820462049990301,0.48729746081090236,0.820462049990301
california,3,Ridge,app,full,4128,1,1.0,0.0,0,0.0,1940601.0600793967,stateful,full test set,ValueError: The feature names should match those that were passed during fit.,,,,,,,,,,,,,,
california,3,Ridge,aligned,full,4128,1,0.0,1.0,0,0.0,1940601.0600793967,stateful,full test set,,0.8660368217054264,,,,,,,,,0.06176980237267008,0.775660860992832,0.5451044156164395,0.6685174690338127,0.6620958809411944
california,3,XGBoost,app,1,1024,1024,1.0,0.0,0,0.0,41.30890999608806,stateless,random,"ValueError: feature_names mismatch: ['MedInc', 'HouseAge', 'AveRooms', 'Population', 'AveOccup', 'Latitude', 'Longitude'] ['MedInc', 'HouseAge', 'AveRooms', 'AveBedrms', 'P",,,,,,,0.0,,0.0,,,,,
california,3,XGBoost,aligned,1,1024,1024,0.0,1.0,0,0.0,41.30890999608806,stateless,random,,0.0,,,,,,0.0,0.0,1.0,1.2089229080302175,1.630091645481698,-1.1055357462848097,0.4588186792664518,0.8331905091942593
california,3,Random Forest,app,1,1024,1024,1.0,0.0,0,0.0,41.30890999608806,stateless,random,ValueError: The feature names should match those that were passed during fit.,,,,,,,0.0,,0.0,,,,,
california,3,Random Forest,aligned,1,1024,1024,0.0,1.0,0,0.0,41.30890999608806,stateless,random,,0.0,,,,,,0.0,0.0,1.0,1.2054724443359373,1.6262374382179017,-1.0955908117305042,0.4855854145703394,0.8131600068538114
california,3,Ridge,app,1,1024,1024,1.0,0.0,0,0.0,41.30890999608806,stateless,random,ValueError: The feature names should match those that were passed during fit.,,,,,,,0.0,,0.0,,,,,
california,3,Ridge,aligned,1,1024,1024,0.0,1.0,0,0.0,41.30890999608806,stateless,random,,0.0,,,,,,0.0,0.0,1.0,0.7508944350422198,1.124128202874981,-0.0013139425270607408,0.6779132522015288,0.6358445421578813
california,3,XGBoost,app,16,1024,64,0.28125,0.71875,0,0.0,587.4593213676817,stateless,random,"ValueError: feature_names mismatch: ['MedInc', 'HouseAge', 'AveRooms', 'Population', 'AveOccup', 'Latitude', 'Longitude'] ['MedInc', 'HouseAge', 'AveRooms', 'Population', '",0.0,,,,,,0.0,0.0,0.71875,0.4667700675275663,0.7636238576702097,0.5306095231126553,0.4570744806487997,0.8318297203856431
california,3,XGBoost,aligned,16,1024,64,0.0,1.0,0,0.0,587.4593213676817,stateless,random,,0.0,,,,,,0.0,0.0,1.0,0.6962030208233045,1.1295193525465543,-0.01094127484707852,0.4588186792664518,0.8331905091942593
california,3,Random Forest,app,16,1024,64,0.28125,0.71875,0,0.0,587.4593213676817,stateless,random,ValueError: The feature names should match those that were passed during fit.,0.0,,,,,,0.0,0.0,0.71875,0.37989415529891285,0.7168051976971942,0.5864028009431036,0.48275967026563893,0.8123980875618404
california,3,Random Forest,aligned,16,1024,64,0.0,1.0,0,0.0,587.4593213676817,stateless,random,,0.0,,,,,,0.0,0.0,1.0,0.45105442470703094,0.7948367417697269,0.4993958511332398,0.4855854145703394,0.8131600068538114
california,3,Ridge,app,16,1024,64,0.28125,0.71875,0,0.0,587.4593213676817,stateless,random,ValueError: The feature names should match those that were passed during fit.,0.0,,,,,,0.0,0.0,0.71875,0.2473101051287321,0.7579523733697174,0.5375560184251417,0.6807510228125822,0.6269630063708257
california,3,Ridge,aligned,16,1024,64,0.0,1.0,0,0.0,587.4593213676817,stateless,random,,0.0,,,,,,0.0,0.0,1.0,0.37092518902891425,0.8527884440617151,0.42373639843272837,0.6779132522015288,0.6358445421578813
california,3,XGBoost,app,256,1024,4,0.0,1.0,0,0.0,8510.134847559943,stateless,random,,0.0087890625,,,,,,0.0,0.0087890625,1.0,0.28900295920902863,0.6171072278242576,0.6982412709042694,0.4588186792664518,0.8331905091942593
california,3,XGBoost,aligned,256,1024,4,0.0,1.0,0,0.0,8510.134847559943,stateless,random,,0.0087890625,,,,,,0.0,0.0087890625,1.0,0.28900295920902863,0.6171072278242576,0.6982412709042694,0.4588186792664518,0.8331905091942593
california,3,Random Forest,app,256,1024,4,0.0,1.0,0,0.0,8510.134847559943,stateless,random,,0.001953125,,,,,,0.0,0.001953125,1.0,0.16652977607421865,0.5606779158606805,0.7509047325737478,0.4855854145703394,0.8131600068538114
california,3,Random Forest,aligned,256,1024,4,0.0,1.0,0,0.0,8510.134847559943,stateless,random,,0.001953125,,,,,,0.0,0.001953125,1.0,0.16652977607421865,0.5606779158606805,0.7509047325737478,0.4855854145703394,0.8131600068538114
california,3,Ridge,app,256,1024,4,0.0,1.0,0,0.0,8510.134847559943,stateless,random,,0.0,,,,,,0.0,0.0,1.0,0.05424425268670002,0.6799967625330994,0.6336026990005509,0.6779132522015288,0.6358445421578813
california,3,Ridge,aligned,256,1024,4,0.0,1.0,0,0.0,8510.134847559943,stateless,random,,0.0,,,,,,0.0,0.0,1.0,0.05424425268670002,0.6799967625330994,0.6336026990005509,0.6779132522015288,0.6358445421578813
california,3,XGBoost,app,full,4128,1,0.0,1.0,0,0.0,102786.61024158115,stateless,full test set,,0.056443798449612406,,,,,,0.0,0.056443798449612406,1.0,0.1478278750604264,0.5071965178546738,0.8054996031569357,0.46035603794240887,0.839765639076267
california,3,XGBoost,aligned,full,4128,1,0.0,1.0,0,0.0,102786.61024158115,stateless,full test set,,0.056443798449612406,,,,,,0.0,0.056443798449612406,1.0,0.1478278750604264,0.5071965178546738,0.8054996031569357,0.46035603794240887,0.839765639076267
california,3,Random Forest,app,full,4128,1,0.0,1.0,0,0.0,102786.61024158115,stateless,full test set,,0.00048449612403100775,,,,,,0.0,0.00048449612403100775,1.0,0.07458361206395338,0.5124961502205944,0.8014137476355746,0.48729746081090236,0.820462049990301
california,3,Random Forest,aligned,full,4128,1,0.0,1.0,0,0.0,102786.61024158115,stateless,full test set,,0.00048449612403100775,,,,,,0.0,0.00048449612403100775,1.0,0.07458361206395338,0.5124961502205944,0.8014137476355746,0.48729746081090236,0.820462049990301
california,3,Ridge,app,full,4128,1,0.0,1.0,0,0.0,102786.61024158115,stateless,full test set,,0.0,,,,,,0.0,0.0,1.0,0.011237799783717774,0.6691640368958395,0.6614419456103906,0.6685174690338127,0.6620958809411944
california,3,Ridge,aligned,full,4128,1,0.0,1.0,0,0.0,102786.61024158115,stateless,full test set,,0.0,,,,,,0.0,0.0,1.0,0.011237799783717774,0.6691640368958395,0.6614419456103906,0.6685174690338127,0.6620958809411944
california,4,XGBoost,app,1,1024,1024,1.0,0.0,0,0.0,733.4944412264842,stateful,random,"ValueError: feature_names mismatch: ['MedInc', 'HouseAge', 'AveRooms', 'Population', 'AveOccup', 'Latitude', 'Longitude'] ['MedInc', 'HouseAge', 'AveRooms', 'AveBedrms', 'P",,,,,,,,,,,,,,
california,4,XGBoost,aligned,1,1024,1024,0.0,1.0,0,0.0,733.4944412264842,stateful,random,,1.0,,,,,,,,,0.0,0.443245008302309,0.8468107980162545,0.443245008302309,0.8468107980162545
california,4,Random Forest,app,1,1024,1024,1.0,0.0,0,0.0,733.4944412264842,stateful,random,ValueError: The feature names should match those that were passed during fit.,,,,,,,,,,,,,,
california,4,Random Forest,aligned,1,1024,1024,0.0,1.0,0,0.0,733.4944412264842,stateful,random,,1.0,,,,,,,,,0.0,0.5170223795018539,0.7915705266516623,0.5170223795018539,0.7915705266516623
california,4,Ridge,app,1,1024,1024,1.0,0.0,0,0.0,733.4944412264842,stateful,random,ValueError: The feature names should match those that were passed during fit.,,,,,,,,,,,,,,
california,4,Ridge,aligned,1,1024,1024,0.0,1.0,0,0.0,733.4944412264842,stateful,random,,0.86328125,,,,,,,,,0.15438265925621603,3.146998793019486,-6.72206760882719,0.7105185096583476,0.6063672363626333
california,4,XGBoost,app,16,1024,64,1.0,0.0,0,0.0,12049.519478213473,stateful,random,"ValueError: feature_names mismatch: ['MedInc', 'HouseAge', 'AveRooms', 'Population', 'AveOccup', 'Latitude', 'Longitude'] ['MedInc', 'HouseAge', 'AveRooms', 'AveBedrms', 'P",,,,,,,,,,,,,,
california,4,XGBoost,aligned,16,1024,64,0.0,1.0,0,0.0,12049.519478213473,stateful,random,,1.0,,,,,,,,,0.0,0.443245008302309,0.8468107980162545,0.443245008302309,0.8468107980162545
california,4,Random Forest,app,16,1024,64,1.0,0.0,0,0.0,12049.519478213473,stateful,random,ValueError: The feature names should match those that were passed during fit.,,,,,,,,,,,,,,
california,4,Random Forest,aligned,16,1024,64,0.0,1.0,0,0.0,12049.519478213473,stateful,random,,1.0,,,,,,,,,0.0,0.5170223795018539,0.7915705266516623,0.5170223795018539,0.7915705266516623
california,4,Ridge,app,16,1024,64,1.0,0.0,0,0.0,12049.519478213473,stateful,random,ValueError: The feature names should match those that were passed during fit.,,,,,,,,,,,,,,
california,4,Ridge,aligned,16,1024,64,0.0,1.0,0,0.0,12049.519478213473,stateful,random,,0.86328125,,,,,,,,,0.15438265925621592,3.1469987930194856,-6.722067608827189,0.7105185096583476,0.6063672363626333
california,4,XGBoost,app,256,1024,4,1.0,0.0,0,0.0,173797.24747874518,stateful,random,"ValueError: feature_names mismatch: ['MedInc', 'HouseAge', 'AveRooms', 'Population', 'AveOccup', 'Latitude', 'Longitude'] ['MedInc', 'HouseAge', 'AveRooms', 'AveBedrms', 'P",,,,,,,,,,,,,,
california,4,XGBoost,aligned,256,1024,4,0.0,1.0,0,0.0,173797.24747874518,stateful,random,,1.0,,,,,,,,,0.0,0.443245008302309,0.8468107980162545,0.443245008302309,0.8468107980162545
california,4,Random Forest,app,256,1024,4,1.0,0.0,0,0.0,173797.24747874518,stateful,random,ValueError: The feature names should match those that were passed during fit.,,,,,,,,,,,,,,
california,4,Random Forest,aligned,256,1024,4,0.0,1.0,0,0.0,173797.24747874518,stateful,random,,1.0,,,,,,,,,0.0,0.5170223795018539,0.7915705266516623,0.5170223795018539,0.7915705266516623
california,4,Ridge,app,256,1024,4,1.0,0.0,0,0.0,173797.24747874518,stateful,random,ValueError: The feature names should match those that were passed during fit.,,,,,,,,,,,,,,
california,4,Ridge,aligned,256,1024,4,0.0,1.0,0,0.0,173797.24747874518,stateful,random,,0.86328125,,,,,,,,,0.15438265925621592,3.1469987930194856,-6.722067608827189,0.7105185096583476,0.6063672363626333
california,4,XGBoost,app,full,4128,1,1.0,0.0,0,0.0,1406348.5325745924,stateful,full test set,"ValueError: feature_names mismatch: ['MedInc', 'HouseAge', 'AveRooms', 'Population', 'AveOccup', 'Latitude', 'Longitude'] ['MedInc', 'HouseAge', 'AveRooms', 'AveBedrms', 'P",,,,,,,,,,,,,,
california,4,XGBoost,aligned,full,4128,1,0.0,1.0,0,0.0,1406348.5325745924,stateful,full test set,,1.0,,,,,,,,,0.0,0.44912052379289713,0.8449374074153881,0.44912052379289713,0.8449374074153881
california,4,Random Forest,app,full,4128,1,1.0,0.0,0,0.0,1406348.5325745924,stateful,full test set,ValueError: The feature names should match those that were passed during fit.,,,,,,,,,,,,,,
california,4,Random Forest,aligned,full,4128,1,0.0,1.0,0,0.0,1406348.5325745924,stateful,full test set,,1.0,,,,,,,,,0.0,0.5035813947161923,0.8050511893494909,0.5035813947161923,0.8050511893494909
california,4,Ridge,app,full,4128,1,1.0,0.0,0,0.0,1406348.5325745924,stateful,full test set,ValueError: The feature names should match those that were passed during fit.,,,,,,,,,,,,,,
california,4,Ridge,aligned,full,4128,1,0.0,1.0,0,0.0,1406348.5325745924,stateful,full test set,,0.8587693798449613,,,,,,,,,0.08885600847368523,1.794082224311413,-1.4743773059974696,0.6877909519892639,0.6363411559269183
california,4,XGBoost,app,1,1024,1024,1.0,0.0,0,0.0,43.63578497867351,stateless,random,"ValueError: feature_names mismatch: ['MedInc', 'HouseAge', 'AveRooms', 'Population', 'AveOccup', 'Latitude', 'Longitude'] ['MedInc', 'HouseAge', 'AveRooms', 'AveBedrms', 'P",,,,,,,0.0,,0.0,,,,,
california,4,XGBoost,aligned,1,1024,1024,0.0,1.0,0,0.0,43.63578497867351,stateless,random,,0.0,,,,,,0.0,0.0,1.0,1.2092357005167287,1.6316310140128734,-1.075794469572322,0.443245008302309,0.8468107980162545
california,4,Random Forest,app,1,1024,1024,1.0,0.0,0,0.0,43.63578497867351,stateless,random,ValueError: The feature names should match those that were passed during fit.,,,,,,,0.0,,0.0,,,,,
california,4,Random Forest,aligned,1,1024,1024,0.0,1.0,0,0.0,43.63578497867351,stateless,random,,0.0,,,,,,0.0,0.0,1.0,1.173248484863281,1.597450117529288,-0.9897341701119127,0.5170223795018539,0.7915705266516623
california,4,Ridge,app,1,1024,1024,1.0,0.0,0,0.0,43.63578497867351,stateless,random,ValueError: The feature names should match those that were passed during fit.,,,,,,,0.0,,0.0,,,,,
california,4,Ridge,aligned,1,1024,1024,0.0,1.0,0,0.0,43.63578497867351,stateless,random,,0.0,,,,,,0.0,0.0,1.0,0.7648445973950757,1.1330275092402124,-0.0009706783647824846,0.7105185096583476,0.6063672363626333
california,4,XGBoost,app,16,1024,64,0.4375,0.5625,0,0.0,673.3405990623287,stateless,random,"ValueError: feature_names mismatch: ['MedInc', 'HouseAge', 'AveRooms', 'Population', 'AveOccup', 'Latitude', 'Longitude'] ['MedInc', 'HouseAge', 'AveRooms', 'Population', '",0.0,,,,,,0.0,0.0,0.5625,0.5032407322691547,0.8263912004774463,0.43210341171893285,0.44057619167355094,0.8385864680624953
california,4,XGBoost,aligned,16,1024,64,0.0,1.0,0,0.0,673.3405990623287,stateless,random,,0.0,,,,,,0.0,0.0,1.0,0.8712861943204189,1.345888661675305,-0.41240327499559126,0.443245008302309,0.8468107980162545
california,4,Random Forest,app,16,1024,64,0.4375,0.5625,0,0.0,673.3405990623287,stateless,random,ValueError: The feature names should match those that were passed during fit.,0.0,,,,,,0.0,0.0,0.5625,0.39222288385416637,0.7658308658876386,0.5122877954581448,0.5472736196199536,0.7509383162035417
california,4,Random Forest,aligned,16,1024,64,0.0,1.0,0,0.0,673.3405990623287,stateless,random,,0.0,,,,,,0.0,0.0,1.0,0.4784757005859372,0.8445420639417026,0.44386142786164484,0.5170223795018539,0.7915705266516623
california,4,Ridge,app,16,1024,64,0.4375,0.5625,0,0.0,673.3405990623287,stateless,random,ValueError: The feature names should match those that were passed during fit.,0.0,,,,,,0.0,0.0,0.5625,0.26533808904385525,0.7998250039756754,0.4680291379714757,0.7033166835386545,0.5886611491447604
california,4,Ridge,aligned,16,1024,64,0.0,1.0,0,0.0,673.3405990623287,stateless,random,,0.0,,,,,,0.0,0.0,1.0,0.4686510207193082,0.9628429976463747,0.27714465012050715,0.7105185096583476,0.6063672363626333
california,4,XGBoost,app,256,1024,4,0.0,1.0,0,0.0,9744.09735596649,stateless,random,,0.0107421875,,,,,,0.0,0.0107421875,1.0,0.24300791681162082,0.5746400128261122,0.7425267154888853,0.443245008302309,0.8468107980162545
california,4,XGBoost,aligned,256,1024,4,0.0,1.0,0,0.0,9744.09735596649,stateless,random,,0.0107421875,,,,,,0.0,0.0107421875,1.0,0.24300791681162082,0.5746400128261122,0.7425267154888853,0.443245008302309,0.8468107980162545
california,4,Random Forest,app,256,1024,4,0.0,1.0,0,0.0,9744.09735596649,stateless,random,,0.0009765625,,,,,,0.0,0.0009765625,1.0,0.14674506220703115,0.581800673847288,0.736069921573861,0.5170223795018539,0.7915705266516623
california,4,Random Forest,aligned,256,1024,4,0.0,1.0,0,0.0,9744.09735596649,stateless,random,,0.0009765625,,,,,,0.0,0.0009765625,1.0,0.14674506220703115,0.581800673847288,0.736069921573861,0.5170223795018539,0.7915705266516623
california,4,Ridge,app,256,1024,4,0.0,1.0,0,0.0,9744.09735596649,stateless,random,,0.0,,,,,,0.0,0.0,1.0,0.05461886368922213,0.7134554960068052,0.6031062841368893,0.7105185096583476,0.6063672363626333
california,4,Ridge,aligned,256,1024,4,0.0,1.0,0,0.0,9744.09735596649,stateless,random,,0.0,,,,,,0.0,0.0,1.0,0.05461886368922213,0.7134554960068052,0.6031062841368893,0.7105185096583476,0.6063672363626333
california,4,XGBoost,app,full,4128,1,0.0,1.0,0,0.0,94124.92210378466,stateless,full test set,,0.11918604651162791,,,,,,0.0,0.11918604651162791,1.0,0.10381984909231118,0.47677521074383744,0.8252534658380275,0.44912052379289713,0.8449374074153881
california,4,XGBoost,aligned,full,4128,1,0.0,1.0,0,0.0,94124.92210378466,stateless,full test set,,0.11918604651162791,,,,,,0.0,0.11918604651162791,1.0,0.10381984909231118,0.47677521074383744,0.8252534658380275,0.44912052379289713,0.8449374074153881
california,4,Random Forest,app,full,4128,1,0.0,1.0,0,0.0,94124.92210378466,stateless,full test set,,0.001937984496124031,,,,,,0.0,0.001937984496124031,1.0,0.04943751967054255,0.5156064165221397,0.7956296616109519,0.5035813947161923,0.8050511893494909
california,4,Random Forest,aligned,full,4128,1,0.0,1.0,0,0.0,94124.92210378466,stateless,full test set,,0.001937984496124031,,,,,,0.0,0.001937984496124031,1.0,0.04943751967054255,0.5156064165221397,0.7956296616109519,0.5035813947161923,0.8050511893494909
california,4,Ridge,app,full,4128,1,0.0,1.0,0,0.0,94124.92210378466,stateless,full test set,,0.0009689922480620155,,,,,,0.0,0.0009689922480620155,1.0,0.0036686719033676876,0.6879878829011938,0.636132877756866,0.6877909519892639,0.6363411559269183
california,4,Ridge,aligned,full,4128,1,0.0,1.0,0,0.0,94124.92210378466,stateless,full test set,,0.0009689922480620155,,,,,,0.0,0.0009689922480620155,1.0,0.0036686719033676876,0.6879878829011938,0.636132877756866,0.6877909519892639,0.6363411559269183
